artist,title,total_streams,bot_streams,flagged_days,total_days,max_spike_ratio,avg_rolling_cv,drop_after_spike_count,bot_pct,confidence,royalty_lost
$ilkMoney,My Potna Dem,1525090.0,0.0,0,7,1.0171343963163617,0.049774313434425,0.0,0.0,3.1,0.0
$uicideboy$,"...And To Those I Love, Thanks For Sticking Around",24399236.0,0.0,0,96,1.1118223248311228,0.0384567516281336,0.0,0.0,3.3,
*NSYNC,"Merry Christmas, Happy Holidays",23710779.0,6491051.0,5,33,2.9146769402440684,0.6888806572293433,0.0,27.4,14.8,
"13 Organisé, SCH, Kofs, Jul, Naps, Soso Maness, Elams, Solda, Houari",Bande organisée,1455208.0,0.0,0,2,0.7930689998109687,0.1996037891044356,0.0,0.0,2.4,0.0
"187 Strassenbande, Bonez MC, Gzuz",Millionär,2061656.0,0.0,0,4,0.943754691897864,0.1241391895498509,0.0,0.0,2.8,0.0
2 Chainz,Bigger Than You (feat. Drake & Quavo),55941884.0,0.0,0,105,1.139976868859765,0.096264619635602,0.0,0.0,3.4,
2 Chainz,High Top Versace (feat. Young Thug),807861.0,0.0,0,3,0.8631485327618647,0.2359573128152483,0.0,0.0,2.6,0.0
2 Chainz,Momma I Hit A Lick (feat. Kendrick Lamar),1115871.0,0.0,0,4,0.4037631434693,0.7521009756101673,0.0,0.0,1.2,0.0
2 Chainz,OG Kush Diet,1418462.0,0.0,0,6,0.8825029277084178,0.1540306531815967,0.0,0.0,2.6,0.0
2 Chainz,Rule The World (feat. Ariana Grande),4265392.0,0.0,0,7,0.7254713512044415,0.5299783116726575,0.0,0.0,2.2,0.0
2 Chainz,Trap Check,2346436.0,0.0,0,12,1.0474175162781985,0.0801125875215313,0.0,0.0,3.1,0.0
2 Chainz,Whip (feat. Travis Scott),7622434.0,0.0,0,17,0.9309187018685376,0.3150962476360558,0.0,0.0,2.8,
"2 Chainz, Drake",Big Amount,992266.0,0.0,0,5,0.981922746556558,0.1037280347222961,0.0,0.0,2.9,0.0
"2 Chainz, Gucci Mane, Quavo",Good Drank,28088275.0,858997.0,1,128,2.995733319516277,0.113006502099493,0.0,3.1,9.3,
"2 Chainz, Migos",Blue Cheese,1179139.0,0.0,0,6,1.1894625728287676,0.1129097004568803,0.0,0.0,3.6,0.0
"2 Chainz, Nicki Minaj",Realize,530406.0,0.0,0,3,0.9327935715590188,0.1285650276762281,0.0,0.0,2.8,0.0
"2 Chainz, Travis Scott",4 AM,91572935.0,0.0,0,89,1.4052990473416611,0.0931584560188716,0.0,0.0,4.2,
"2 Chainz, Ty Dolla $ign, Trey Songz, Jhené Aiko",It's A Vibe,120861431.0,0.0,0,246,3.0086051608987576,0.0893476197869829,0.0,0.0,9.0,
"2 Chainz, YG, Offset",PROUD,5064964.0,0.0,0,22,1.0887464466254635,0.1090860377550618,0.0,0.0,3.3,
21 Savage,1.5,7220711.0,0.0,0,23,1.0367497738253355,0.2807408508823014,0.0,0.0,3.1,
21 Savage,4L,1343063.0,0.0,0,5,0.4888973245720223,0.8475688889454082,0.0,0.0,1.5,0.0
21 Savage,7 Min Freestyle,539103.0,0.0,0,3,0.9243001506937024,0.1270756424445827,0.0,0.0,2.8,0.0
21 Savage,Baby Girl,1073900.0,0.0,0,5,0.9227531304605112,0.1668721316102195,0.0,0.0,2.8,0.0
21 Savage,Bad Business,3608546.0,0.0,0,17,0.9810514194575738,0.2761687022926837,0.0,0.0,2.9,
21 Savage,Bank Account,355715368.0,0.0,0,398,2.230463484234451,0.110144696017358,2.0,0.0,6.8,
21 Savage,Close My Eyes,1578011.0,0.0,0,7,0.7504019264950403,0.5450937139848909,0.0,0.0,2.3,0.0
21 Savage,Dead People,734924.0,0.0,0,4,0.9529415791094836,0.1192986784127831,0.0,0.0,2.9,0.0
21 Savage,FaceTime,1767439.0,0.0,0,8,0.9978337597016866,0.1240796140471089,0.0,0.0,3.0,0.0
21 Savage,Famous,3701780.0,0.0,0,12,0.8987895017428288,0.3635269746661088,0.0,0.0,2.7,0.0
21 Savage,Immortal,48197070.0,3692263.0,2,88,1.271270084032665,0.1315841530810098,0.0,7.7,4.7,
21 Savage,Money Convo,545876.0,0.0,0,3,0.9382285356426012,0.1203995932606259,0.0,0.0,2.8,0.0
21 Savage,Nothin New,744839.0,0.0,0,4,0.9210468821220668,0.1567066677809049,0.0,0.0,2.8,0.0
21 Savage,Numb,24309971.0,0.0,0,54,1.3595810533172343,0.1668842670599959,0.0,0.0,4.1,
21 Savage,Special,333039.0,0.0,0,2,0.9491347723760588,0.1231353698931253,0.0,0.0,2.8,0.0
21 Savage,Thug Life,1062461.0,0.0,0,5,0.926822101891932,0.1580265063143168,0.0,0.0,2.8,0.0
21 Savage,Whole Lot,728584.0,0.0,0,4,0.9674616906487952,0.0992832414389605,0.0,0.0,2.9,0.0
21 Savage,a lot,410280831.0,4033439.0,1,389,1.378696579937021,0.0715879109698745,0.0,1.0,4.2,
21 Savage,a&t,1890761.0,0.0,0,7,0.682673272825069,0.8110607794590543,0.0,0.0,2.0,0.0
21 Savage,all my friends,35971525.0,0.0,0,52,1.1400241390373778,0.1791039189947187,0.0,0.0,3.4,
21 Savage,asmr,6346553.0,0.0,0,20,1.0561426868548531,0.3056046876826843,0.0,0.0,3.2,
21 Savage,ball w/o you,5921576.0,0.0,0,19,1.058133188127613,0.3064211017839154,0.0,0.0,3.2,
21 Savage,break da law,4041215.0,0.0,0,11,0.8675068099172347,0.550359225229135,0.0,0.0,2.6,0.0
21 Savage,can't leave without it,19651076.0,1050838.0,1,58,1.1681649562476135,0.1900658558037979,0.0,5.3,4.2,
21 Savage,good day,298722.0,0.0,0,1,0.4169713110806816,0.8450623886568344,0.0,0.0,1.3,0.0
21 Savage,gun smoke,3473852.0,0.0,0,9,0.8075893580981062,0.6016528076141303,0.0,0.0,2.4,0.0
21 Savage,letter 2 my momma,310812.0,0.0,0,1,0.4463784850430204,0.8067939892111412,0.0,0.0,1.3,0.0
21 Savage,monster,88836162.0,0.0,0,91,1.0550528822945475,0.1056311279530496,0.0,0.0,3.2,
21 Savage,out for the night,3282300.0,0.0,0,9,0.8143701647442051,0.6096104910135632,0.0,0.0,2.4,0.0
21 Savage,pad lock,317355.0,0.0,0,1,0.4337356807522431,0.8240099204372818,0.0,0.0,1.3,0.0
"21 Savage, Metro Boomin",Brand New Draco,3777426.0,0.0,0,7,0.6680030213749023,0.6525481341599715,0.0,0.0,2.0,0.0
"21 Savage, Metro Boomin",Glock In My Lap,14966621.0,205716.0,1,14,0.7609193150977501,0.4548949290062755,0.0,1.4,5.1,
"21 Savage, Metro Boomin",Intro,524520.0,0.0,1,2,0.2093293711638321,0.978249476807532,0.0,0.0,20.6,0.0
"21 Savage, Metro Boomin",Many Men,8699163.0,0.0,0,9,0.7073723263223892,0.4810638825136476,0.0,0.0,2.1,0.0
"21 Savage, Metro Boomin",Mr. Right Now (feat. Drake),39955134.0,0.0,0,35,1.0420966555062603,0.2395780185098552,0.0,0.0,3.1,
"21 Savage, Metro Boomin",My Dawg,3678887.0,0.0,0,7,0.6392006987069098,0.6861600503345844,0.0,0.0,1.9,0.0
"21 Savage, Metro Boomin",No Heart,111946643.0,0.0,0,233,1.1494631286904542,0.0689485402591286,0.0,0.0,3.4,
"21 Savage, Metro Boomin",No Opp Left Behind,2434105.0,0.0,0,6,0.6294455275960715,0.7554500242258079,0.0,0.0,1.9,0.0
"21 Savage, Metro Boomin",RIP Luv,2109403.0,0.0,0,5,0.6375671609805275,0.7211480426887695,0.0,0.0,1.9,0.0
"21 Savage, Metro Boomin",Rich Nigga Shit (feat. Young Thug),9950504.0,0.0,0,9,0.7230438662761693,0.4370659623609552,0.0,0.0,2.2,0.0
"21 Savage, Metro Boomin",Runnin,38699223.0,0.0,0,35,1.129209777423599,0.2353615900589613,0.0,0.0,3.4,
"21 Savage, Metro Boomin",Said N Done,1400546.0,0.0,0,5,0.3179969700712403,0.8945172870566391,0.0,0.0,1.0,0.0
"21 Savage, Metro Boomin",Slidin,8113413.0,0.0,0,9,0.6747674743574096,0.5047651281654236,0.0,0.0,2.0,0.0
"21 Savage, Metro Boomin",Snitches & Rats (Interlude),1170837.0,0.0,0,4,0.2749333979583955,0.9340977331054834,0.0,0.0,0.8,0.0
"21 Savage, Metro Boomin",Snitches & Rats (feat. Young Nudy),3306984.0,0.0,0,6,0.6132372033254356,0.6907301649480205,0.0,0.0,1.8,0.0
"21 Savage, Metro Boomin",Steppin On Niggas,1423293.0,0.0,0,5,0.2862891988511003,0.9568313655512872,0.0,0.0,0.9,0.0
"21 Savage, Metro Boomin",X (feat. Future),143076607.0,0.0,0,242,1.777652817764982,0.0752024912543938,0.0,0.0,5.3,
"21 Savage, Offset, Metro Boomin, Travis Scott",Ghostface Killers,10986545.0,0.0,0,48,3.5390518125854995,0.1673244834844648,0.0,0.0,10.6,
24kGoldn,CITY OF ANGELS,146007727.0,0.0,0,118,2.284595801117812,0.1060358631165591,0.0,0.0,6.9,
24kGoldn,"Mood (Remix) feat. Justin Bieber, J Balvin & iann dior",12353569.0,0.0,0,13,0.962479372974988,0.2555969603476701,0.0,0.0,2.9,0.0
24kGoldn,Mood (feat. iann dior),388606875.0,8420115.0,2,87,2.2890237895081733,0.1529955836346167,0.0,2.2,7.8,
24kGoldn,VALENTINO,130788163.0,235186.0,1,182,3.737382405288584,0.1837257601505419,0.0,0.2,11.4,
347aidan,Dancing in My Room,4623860.0,0.0,0,7,1.1896816772244163,0.2916571571344248,0.0,0.0,3.6,0.0
42 Dugg,4 Da Gang (with Roddy Ricch),3981358.0,0.0,0,14,1.0528079604113167,0.0643552654972545,0.0,0.0,3.2,
5 Seconds of Summer,Easier,132761858.0,0.0,0,92,1.5274304623619446,0.0935421069140469,0.0,0.0,4.6,
5 Seconds of Summer,Lie To Me (feat. Julia Michaels),31142905.0,0.0,0,28,2.2388536932887284,0.2151670052930591,0.0,0.0,6.7,
5 Seconds of Summer,No Shame,16459375.0,0.0,0,14,0.969679597243312,0.1385896205953667,0.0,0.0,2.9,
5 Seconds of Summer,Old Me,24404679.0,0.0,0,26,1.7152400725088928,0.1973471860792391,0.0,0.0,5.1,
5 Seconds of Summer,Teeth,132966033.0,0.0,0,102,1.298723523525671,0.0951655067095017,0.0,0.0,3.9,
5 Seconds of Summer,Valentine,698974.0,0.0,0,1,0.7224186525305747,0.3498930388916389,0.0,0.0,2.2,0.0
5 Seconds of Summer,Want You Back,31235577.0,0.0,0,32,1.2334758573083495,0.1614654226667983,0.0,0.0,3.7,
5 Seconds of Summer,Wildflower,4666804.0,0.0,0,5,0.8234340527656001,0.3123853726960296,0.0,0.0,2.5,0.0
5 Seconds of Summer,Youngblood,1185589655.0,0.0,0,811,1.5467758772084923,0.0734192566535386,0.0,0.0,4.6,
6LACK,Balenciaga Challenge (feat. Offset),3367029.0,0.0,0,8,0.973550000182325,0.4941462337323755,0.0,0.0,2.9,0.0
6LACK,East Atlanta Love Letter (feat. Future),1866307.0,0.0,0,7,0.77051471167391,0.6218994919273332,0.0,0.0,2.3,0.0
6LACK,Ex Calling,16653371.0,657615.0,1,71,2.3986753186254206,0.1249233299796674,0.0,3.9,7.8,
6LACK,Know My Rights (feat. Lil Baby),1976940.0,0.0,0,5,0.7698110791722603,0.5897195557711653,0.0,0.0,2.3,0.0
6LACK,Let Her Go,687413.0,0.0,0,3,0.9645468439988988,0.2251214983715843,0.0,0.0,2.9,0.0
6LACK,Loaded Gun,950694.0,0.0,0,4,0.6114342650270712,0.8558675499742633,0.0,0.0,1.8,0.0
6LACK,Nonchalant,925306.0,0.0,0,4,1.0042993551954655,0.1618137306518835,0.0,0.0,3.0,0.0
6LACK,PRBLMS,51776004.0,0.0,0,236,1.124177206011315,0.0609464686963057,0.0,0.0,3.4,
6LACK,Pretty Little Fears (feat. J. Cole),13566603.0,0.0,0,44,1.3734562543078777,0.2870105252861613,0.0,0.0,4.1,
6LACK,Seasons (feat. Khalid),222019.0,0.0,0,1,0.9337238937159872,0.1331004776574359,0.0,0.0,2.8,0.0
6LACK,Sorry,233085.0,0.0,0,1,0.9027980406485382,0.1645562535812864,0.0,0.0,2.7,0.0
6LACK,Switch,2709391.0,0.0,1,11,3.4762934551983022,0.5645820411043102,0.0,0.0,14.1,0.0
6LACK,Unfair,676499.0,0.0,0,3,0.5682870876305779,0.9135871159162172,0.0,0.0,1.7,0.0
6ix9ine,BILLY,44157814.0,0.0,0,78,2.6735926448428464,0.2116958111249364,1.0,0.0,8.4,
6ix9ine,FEFE (feat. Nicki Minaj & Murda Beatz),494108203.0,19086114.0,3,141,1.533794756510748,0.077651900080794,0.0,3.9,5.5,
6ix9ine,GOOBA,253400319.0,0.0,0,112,1.4501691641259613,0.0932087001821447,0.0,0.0,4.4,
6ix9ine,GOTTI,28485329.0,1014499.0,1,67,2.715311427390708,0.1648312667378509,0.0,3.6,8.7,
6ix9ine,GUMMO,33142049.0,0.0,0,90,3.5487606890869743,0.22135706598654,1.0,0.0,11.0,
6ix9ine,KOODA,6495992.0,0.0,0,27,3.534740244194398,0.4526871840703192,1.0,0.0,11.7,
6ix9ine,PUNANI,4335563.0,0.0,0,6,1.1424317545180285,0.0981880340708419,0.0,0.0,3.4,0.0
6ix9ine,TROLLZ (with Nicki Minaj),50924215.0,0.0,0,38,1.0335871424980336,0.1011678030075361,0.0,0.0,3.1,
6ix9ine,YAYA,6122958.0,0.0,0,8,0.9909860212432808,0.0946471577962368,0.0,0.0,3.0,0.0
"6ix9ine, A Boogie Wit da Hoodie",WAKA,34792566.0,0.0,0,42,1.3207725008416022,0.2326134318223325,0.0,0.0,4.0,
"6ix9ine, Anuel AA",BEBE,299541810.0,0.0,0,189,1.8816846783962675,0.0785934649895973,0.0,0.0,5.6,
"6ix9ine, Anuel AA",MALA,90493578.0,0.0,0,100,1.151119639356573,0.0839484145234256,0.0,0.0,3.5,
"6ix9ine, Bobby Shmurda",STOOPID,93878288.0,1995311.0,1,73,2.1434410644658293,0.2296743207056973,0.0,2.1,7.0,
"6ix9ine, DJ SpinKing",TATI,79775176.0,3155292.0,2,122,4.425472209833536,0.1996839132055906,0.0,4.0,13.9,
"6ix9ine, Fetty Wap, A Boogie Wit da Hoodie",KEKE,40080346.0,1497021.0,1,75,3.5545460064743466,0.2377815275167943,0.0,3.7,11.2,
"6ix9ine, Gunna",FEEFA,3570491.0,0.0,1,5,0.7652849992486331,0.5547502901575788,0.0,0.0,10.3,0.0
"6ix9ine, Kanye West",KANGA,10827254.0,0.0,0,9,1.2787090808231518,0.5359620901384585,0.0,0.0,3.8,0.0
"6ix9ine, Lil Baby",TIC TOC,72539232.0,0.0,0,40,1.3312874558391603,0.2305431344587211,0.0,0.0,4.0,
"6ix9ine, Nicki Minaj, Kanye West",MAMA,61038367.0,0.0,0,56,1.2716971543469164,0.2318142147956516,0.0,0.0,3.8,
"6ix9ine, Nicki Minaj, Murda Beatz",FEFE,100699390.0,0.0,0,126,2.7801528852472943,0.1020818142144736,0.0,0.0,8.3,
"6ix9ine, Tory Lanez",KIKA,165389334.0,0.0,0,121,1.7069192774382091,0.171317807377098,0.0,0.0,5.1,
"6ix9ine, Tory Lanez, Young Thug",RONDO,10551988.0,0.0,0,19,0.94906070413582,0.2799097459709957,0.0,0.0,2.8,
"6ix9ine, TrifeDrew",DUMMY,285416.0,0.0,0,1,0.2649223980537556,0.6779435695659518,0.0,0.0,0.8,0.0
"88rising, Joji, Rich Brian, Higher Brothers, AUGUST 08",Midsummer Madness,2309949.0,0.0,1,13,3.293875944892418,0.585098145371229,0.0,0.0,13.0,0.0
A Boogie Wit da Hoodie,Bleed,8281565.0,0.0,0,14,2.1255259168821548,0.5315568314564932,0.0,0.0,6.4,
A Boogie Wit da Hoodie,Come Closer (feat. Queen Naija),242458.0,0.0,0,1,0.8038969507410396,0.1925897423909238,0.0,0.0,2.4,0.0
A Boogie Wit da Hoodie,Demons and Angels (feat. Juice WRLD),38989884.0,1037428.0,1,95,2.189795826346232,0.2482704883058197,0.0,2.7,7.0,
A Boogie Wit da Hoodie,Drowning (feat. Kodak Black),221650095.0,0.0,0,338,2.08206088885148,0.0662307822438158,0.0,0.0,6.2,
A Boogie Wit da Hoodie,King Of My City,13013895.0,0.0,0,25,2.9286840384609003,0.4377597626775547,1.0,0.0,10.0,
A Boogie Wit da Hoodie,Look Back at It,430489833.0,3966511.0,2,364,3.01327030712827,0.0841065035288842,0.0,0.9,9.3,
A Boogie Wit da Hoodie,Love Drugs and Sex,687289.0,0.0,0,3,0.7793466207792058,0.2840815343949609,0.0,0.0,2.3,0.0
A Boogie Wit da Hoodie,Luv Is Art (feat. Lil Uzi Vert),1005416.0,0.0,0,4,0.7726611161260246,0.3780693995073022,0.0,0.0,2.3,0.0
A Boogie Wit da Hoodie,Me and My Guitar,5135159.0,0.0,0,18,1.0651437173565024,0.3031344616547695,0.0,0.0,3.2,
A Boogie Wit da Hoodie,Might Not Give Up (feat. Young Thug),4949528.0,0.0,0,11,0.9208177561495152,0.4486588189347236,0.0,0.0,2.8,0.0
A Boogie Wit da Hoodie,Mood Swings,9581587.0,0.0,0,29,1.333952574060552,0.1946213587918065,0.0,0.0,4.0,
A Boogie Wit da Hoodie,My Shit,14191183.0,0.0,0,83,1.0951049124489491,0.0442598111563774,0.0,0.0,3.3,
A Boogie Wit da Hoodie,Reply (feat. Lil Uzi Vert),11949348.0,0.0,0,20,1.3608741257417232,0.2980161948893749,0.0,0.0,4.1,
A Boogie Wit da Hoodie,Stain (feat. DaBaby),1572488.0,0.0,0,5,0.4109771195485588,0.7804067764383084,0.0,0.0,1.2,0.0
A Boogie Wit da Hoodie,Startender (feat. Offset and Tyga),161713315.0,1760141.0,1,152,4.012005548161545,0.1402609473122341,0.0,1.1,12.3,
A Boogie Wit da Hoodie,Swervin (feat. 6ix9ine),606278812.0,944089.0,1,562,2.906228891280829,0.1065640020380848,1.0,0.2,8.8,
A Boogie Wit da Hoodie,Thug Love,784901.0,0.0,0,3,0.4667590763263632,1.0148058169813026,0.0,0.0,1.4,0.0
A Boogie Wit da Hoodie,Timeless (feat. DJ SPINKING),14126458.0,0.0,0,73,1.1299357702773456,0.058575195817376,0.0,0.0,3.4,
"A Boogie Wit da Hoodie, Don Q",Flood My Wrist (feat. Lil Uzi Vert),2146931.0,0.0,0,8,0.8727674150590216,0.6123386031691869,0.0,0.0,2.6,0.0
"A Boogie Wit da Hoodie, Don Q, Trap Manny",Vroom Vroom,225009.0,0.0,0,1,0.7697843777654111,0.2392225066005697,0.0,0.0,2.3,0.0
A R I Z O N A,Oceans Away,60348749.0,0.0,0,77,1.2091876073600754,0.0993833764762437,0.0,0.0,3.6,
A$AP Ferg,Jet Lag,1293443.0,0.0,0,5,0.4845143223779285,0.6925836639680683,0.0,0.0,1.5,0.0
A$AP Ferg,Move Ya Hips (feat. Nicki Minaj & MadeinTYO),6997499.0,0.0,0,11,0.9543261928202688,0.3835634292545624,0.0,0.0,2.9,0.0
A$AP Ferg,Nasty (Who Dat) (feat. Migos),0.0,0.0,0,1,0.0,1.7079146838872818,0.0,0.0,0.0,0.0
A$AP Ferg,Plain Jane,153530931.0,0.0,0,254,3.552073695087895,0.1208870524098179,0.0,0.0,10.7,
A$AP Ferg,Value,467305.0,0.0,0,2,0.8672292036873486,0.1326107289089743,0.0,0.0,2.6,0.0
A$AP Ferg,"Work REMIX (feat. A$AP Rocky, French Montana, Trinidad James & ScHoolboy Q)",967666.0,0.0,0,6,0.9889872790295222,0.0572219470419154,0.0,0.0,3.0,0.0
A$AP Mob,"Crazy Brazy (feat. A$AP Rocky, A$AP Twelvyy & Key!)",4242872.0,0.0,0,27,1.1364688097735545,0.0720648479525111,0.0,0.0,3.4,
A$AP Mob,"Feels So Good (feat. A$AP Ferg, A$AP Nast, A$AP Rocky & A$AP Twelvyy)",200562.0,0.0,1,1,2.6081279950064262,1.5688930707091142,0.0,0.0,47.8,0.0
A$AP Mob,"Frat Rules (feat. A$AP Rocky, Playboi Carti & Big Sean)",0.0,0.0,0,1,0.0,0.8857744293324658,0.0,0.0,0.0,0.0
A$AP Mob,"Please Shut Up (feat. A$AP Rocky, KEY! & Gucci Mane)",0.0,0.0,1,1,0.0,1.2271360557018154,0.0,0.0,40.0,0.0
A$AP Mob,"RAF (feat. A$AP Rocky, Playboi Carti, Quavo, Lil Uzi Vert & Frank Ocean)",8909071.0,0.0,0,46,1.2121451574220792,0.0455733160371834,0.0,0.0,3.6,
A$AP Rocky,A$AP Forever (feat. Moby),27237128.0,0.0,0,34,1.0685129262372706,0.230572013441673,0.0,0.0,3.2,
A$AP Rocky,"A$AP Forever REMIX (feat. Moby, T.I. & Kid Cudi)",5452378.0,0.0,1,9,0.7003256585643456,0.5597264831871078,0.0,0.0,6.5,0.0
A$AP Rocky,Babushka Boi,30301921.0,2630228.0,1,35,1.7557397031121291,0.286366109413237,0.0,8.7,6.4,
A$AP Rocky,Bad Company (feat. BlocBoy JB),15930379.0,0.0,0,26,1.0905796967704275,0.214030294185072,0.0,0.0,3.3,
A$AP Rocky,Buck Shots,1826254.0,0.0,0,5,0.6177200266234056,0.7596720316785377,0.0,0.0,1.9,0.0
A$AP Rocky,CALLDROPS (feat. Kodak Black),424338.0,0.0,0,2,0.2124086089134093,0.9038301202142348,0.0,0.0,0.6,0.0
A$AP Rocky,Distorted Records,710757.0,0.0,1,3,0.2553854338912675,0.9894434403983986,0.0,0.0,14.1,0.0
A$AP Rocky,"F**kin' Problems (feat. Drake, 2 Chainz & Kendrick Lamar)",684839.0,0.0,0,4,1.1935916382035447,0.0810809570325013,0.0,0.0,3.6,0.0
A$AP Rocky,Fukk Sleep (feat. FKA twigs),3618482.0,0.0,0,6,0.6918776160722324,0.5509433759625776,0.0,0.0,2.1,0.0
A$AP Rocky,Gunz N Butter (feat. Juicy J),928386.0,0.0,0,4,0.3216387506265002,0.9395648583584252,0.0,0.0,1.0,0.0
A$AP Rocky,Hun43rd,201728.0,0.0,0,1,0.3099764131011009,1.0577928893795787,0.0,0.0,0.9,0.0
A$AP Rocky,Kids Turned Out Fine,206615.0,0.0,0,1,0.3106908384434707,1.0601832710819343,0.0,0.0,0.9,0.0
A$AP Rocky,OG Beeper,942946.0,0.0,0,4,0.3483741511763301,0.906849002060851,0.0,0.0,1.0,0.0
A$AP Rocky,Praise The Lord (Da Shine) (feat. Skepta),389908717.0,0.0,0,280,2.132096338771971,0.1170890586714073,0.0,0.0,6.4,
A$AP Rocky,Purity (feat. Frank Ocean),644683.0,0.0,1,4,0.3321189773299686,0.9566472156412288,0.0,0.0,11.0,0.0
A$AP Rocky,Sundress,2540423.0,0.0,0,5,1.1879491685653556,0.5397756651737776,0.0,0.0,3.6,0.0
A$AP Rocky,Tony Tone,1583792.0,0.0,0,4,0.5732324460654376,0.7698149409397472,0.0,0.0,1.7,0.0
"A$AP Rocky, Gucci Mane, 21 Savage",Cocky (feat. London On Da Track),8790839.0,1271447.0,1,19,1.6925979505918625,0.4888681728651787,0.0,14.5,7.2,
AC/DC,Back In Black,726091.0,0.0,0,1,1.0149223341592717,0.0376349466794034,0.0,0.0,3.0,0.0
AC/DC,Highway to Hell,6588695.0,0.0,0,5,1.6651370148915812,0.4611908458582702,0.0,0.0,5.0,0.0
AJR,Bang!,13634778.0,0.0,0,54,1.1608512073186823,0.0983061236786461,0.0,0.0,3.5,
AJR,Weak,274544757.0,0.0,0,225,1.1972826292872851,0.0897889052474411,0.0,0.0,3.6,
"AJR, Rivers Cuomo",Sober Up,19596630.0,0.0,0,74,2.45790164595657,0.1520200929018596,0.0,0.0,7.4,
"AK AUSSERKONTROLLE, Bonez MC",In meinem Benz,4078219.0,0.0,0,6,0.995055506575344,0.1365255394317617,0.0,0.0,3.0,0.0
"ATB, Topic, A7S",Your Love (9PM),20685216.0,0.0,0,14,1.0737701154488364,0.0770150182427595,0.0,0.0,3.2,
AURORA,Runaway,12674017.0,0.0,0,14,1.015978128731166,0.0407889799709167,0.0,0.0,3.0,
Aaron Carter,Sooner Or Later,53677618.0,0.0,0,63,1.2318823093972953,0.0945722753567537,0.0,0.0,3.7,
Aaron Smith,Dancin (feat. Luvli) - Krono Remix,99786887.0,0.0,0,138,3.3663062353281665,0.0826203680852911,0.0,0.0,10.1,
Ab-Soul,Bloody Waters (with Anderson .Paak & James Blake),11664685.0,0.0,0,19,0.9946234637214388,0.276102950378657,0.0,0.0,3.0,
"Abraham Mateo, Farruko, Christian Daniel",Loco Enamorado,12958969.0,0.0,0,25,1.119792783504833,0.0612414372462505,0.0,0.0,3.4,
Adele,Hello,35632115.0,0.0,0,71,1.822142698783893,0.1013386926070237,0.0,0.0,5.5,
Adele,Make You Feel My Love,2271610.0,0.0,0,2,1.2025276078905185,0.271962981600063,0.0,0.0,3.6,0.0
Adele,Send My Love (To Your New Lover),41131440.0,0.0,0,71,1.4724795289066548,0.1193068245310445,0.0,0.0,4.4,
Adele,Someone Like You,1225860.0,0.0,0,2,1.1820281512300232,0.1775208084149874,0.0,0.0,3.5,0.0
Adele,Water Under the Bridge,108541833.0,0.0,0,115,1.296301645513482,0.0878756497049992,0.0,0.0,3.9,
Adele,When We Were Young,2875429.0,0.0,0,7,1.3024784743202418,0.0962600198583615,0.0,0.0,3.9,0.0
Agust D,Daechwita,7777898.0,0.0,0,8,0.8006034883834713,0.2903400214691403,0.0,0.0,2.4,0.0
Aitana,TELÉFONO,3087866.0,0.0,0,7,1.0626849958291849,0.2693995005291902,0.0,0.0,3.2,0.0
Alan Walker,Alone,99401859.0,0.0,0,115,1.1160940076187753,0.0617353200335665,0.0,0.0,3.3,
Alan Walker,Faded,129376711.0,0.0,0,231,1.0719502681050994,0.0440634260202524,0.0,0.0,3.2,
"Alan Walker, Au/Ra, Tomine Harket",Darkside,81582284.0,0.0,0,95,1.3248954617493751,0.077375290264332,0.0,0.0,4.0,
"Alan Walker, Ava Max","Alone, Pt. II",106233207.0,0.0,0,126,1.2426338959620251,0.0625662139559638,0.0,0.0,3.7,
"Alan Walker, Gavin James",Tired,52015770.0,0.0,0,91,1.1497137805143438,0.074450265925755,0.0,0.0,3.4,
"Alan Walker, Noah Cyrus, Digital Farm Animals",All Falls Down (feat. Juliander),68066874.0,0.0,0,91,3.501669449913017,0.1084526852831314,0.0,0.0,10.5,
"Alan Walker, Sabrina Carpenter, Farruko",On My Way,177156881.0,0.0,0,156,1.221732289477494,0.0629225070116905,0.0,0.0,3.7,
"Alan Walker, Sophia Somajo",Diamond Heart,35546584.0,0.0,0,52,1.1995625769273368,0.0804631327213667,0.0,0.0,3.6,
Aldair Playboy,Amor Falso,4553904.0,0.0,2,12,3.258435133297381,1.220658859305093,1.0,0.0,18.9,0.0
Alec Benjamin,Let Me Down Slowly,534590453.0,807367.0,1,502,3.621728189379567,0.0722928164997771,0.0,0.2,10.9,
"Alejandro Fernández, Morat",Sé Que Te Duele,453944.0,0.0,0,1,1.0445299227243965,0.0407829126214316,0.0,0.0,3.1,0.0
Alessia Cara,Growing Pains,10419788.0,0.0,0,12,1.0353823217942333,0.2056705193434359,0.0,0.0,3.1,0.0
Alessia Cara,"How Far I'll Go - From ""Moana""",302104030.0,0.0,0,217,1.1931257106094366,0.0704958603848888,0.0,0.0,3.6,
Alessia Cara,Out Of Love,19111591.0,0.0,0,19,1.3252893649280482,0.1583249810615684,0.0,0.0,4.0,
Alessia Cara,Scars To Your Beautiful,148446489.0,0.0,0,156,1.270701711392307,0.0818359695999038,0.0,0.0,3.8,
Alesso,REMEDY,80500601.0,0.0,0,75,1.2969785990893514,0.1196220748862835,0.0,0.0,3.9,
Alesso,Sad Song (feat. TINI),1312605.0,0.0,0,2,0.8496413897665406,0.3685208312996982,0.0,0.0,2.5,0.0
"Alex Rose, Cazzu, Rauw Alejandro, Lenny Tavárez",Toda - Remix,105764779.0,0.0,0,141,1.1229284638256412,0.0573542322737478,0.0,0.0,3.4,
"Alex Rose, Rafa Pabön",Jangueo,121294697.0,0.0,0,169,1.1480911288669666,0.0461809529787633,0.0,0.0,3.4,
"Alex Rose, Rauw Alejandro",Me Fije,6684587.0,0.0,0,9,1.1255719176430878,0.0580296033357839,0.0,0.0,3.4,0.0
"Alex Sensation, Ozuna",Que Va,47728141.0,544436.0,1,71,3.60073809471069,0.1979490325969229,0.0,1.1,11.4,
Alexander 23,IDK You Yet,27318743.0,0.0,0,37,2.2740379399299417,0.2765186783092397,0.0,0.0,6.8,
Ali Gatie,It's You,594752310.0,0.0,0,422,1.273766242983971,0.0625084090364169,0.0,0.0,3.8,
Ali Gatie,What If I Told You That I Love You,144794975.0,0.0,0,103,1.09887231565731,0.0684378759448252,0.0,0.0,3.3,
"Alok, Bruno Martini, Zeeba",Hear Me Now,207095424.0,0.0,0,222,1.1969614081658322,0.0702800648930671,0.0,0.0,3.6,
"Alok, Bruno Martini, Zeeba",Never Let Me Go,2240253.0,0.0,0,5,0.9827466365981372,0.0641810022829694,0.0,0.0,2.9,0.0
Alvaro Soler,La Cintura,126004072.0,592667.0,1,126,3.022058636063099,0.1077992997624204,0.0,0.5,9.4,
Alvaro Soler,La Cintura (feat. Flo Rida & TINI) - Remix,9763923.0,0.0,0,14,1.1102641336283776,0.0746858652199533,0.0,0.0,3.3,
Ambjaay,Uno,24768820.0,0.0,0,90,3.636846615252785,0.1294181932640633,0.0,0.0,10.9,
"Amenazzy, Nicky Jam, Farruko",Baby,27674647.0,0.0,0,42,2.1163887078989574,0.2078578080888374,0.0,0.0,6.3,
Aminé,Caroline,199888931.0,0.0,0,241,2.12704363115089,0.0999550417266179,1.0,0.0,6.5,
Aminé,Compensating (feat. Young Thug),467038.0,0.0,0,2,0.9016292372955572,0.1595038766241265,0.0,0.0,2.7,0.0
Aminé,REEL IT IN,105975402.0,0.0,0,158,2.349094534798567,0.1188315892489158,0.0,0.0,7.0,
Aminé,REEL IT IN (feat. Gucci Mane) - Remix,430711.0,0.0,0,3,1.0283318265717407,0.1998979384204107,0.0,0.0,3.1,0.0
Aminé,Spice Girl,642384.0,0.0,1,5,0.9269657776220862,0.1858386096640265,0.0,0.0,10.8,0.0
Aminé,Woodlawn,1302708.0,0.0,0,5,0.5392236675672409,0.8539959968359867,0.0,0.0,1.6,0.0
Anderson .Paak,Lockdown,458881.0,0.0,0,2,0.8165573326104636,0.2652512802321583,0.0,0.0,2.4,0.0
Anderson .Paak,Make It Better (feat. Smokey Robinson),447037.0,0.0,0,2,0.7989090596913405,0.2049338309460166,0.0,0.0,2.4,0.0
Anderson .Paak,Tints (feat. Kendrick Lamar),5971121.0,0.0,3,10,1.481219722887119,0.8052717421434901,0.0,0.0,16.4,0.0
Andy Grammer,"Don't Give Up On Me - (From ""Five Feet Apart"")",2326645.0,0.0,5,6,3.9789705342131865,1.2184942729666115,1.0,0.0,50.3,0.0
Andy Grammer,Fresh Eyes,41917498.0,0.0,0,77,1.1093942139377435,0.0436589870286665,0.0,0.0,3.3,
Andy Williams,It's the Most Wonderful Time of the Year,212632198.0,10092947.0,5,100,4.885674056350648,0.3994656063675327,0.0,4.7,16.7,
Andy Williams,Sleigh Ride,824579.0,0.0,0,2,0.7701001826018906,0.8300797498137567,0.0,0.0,2.3,0.0
Anitta,Indecente,7788196.0,0.0,0,13,1.203259458760593,0.0842307942864508,0.0,0.0,3.6,0.0
Anitta,Me Gusta (with Cardi B & Myke Towers),12652860.0,0.0,0,12,1.045301530484639,0.1059946097561084,0.0,0.0,3.1,0.0
Anitta,Medicina,38240070.0,0.0,0,59,1.1848370655014848,0.1087115119054706,0.0,0.0,3.6,
Anitta,Paradinha,36337357.0,0.0,0,70,1.149880480131834,0.0831966349249812,0.0,0.0,3.4,
Anitta,Veneno,5723603.0,0.0,0,10,0.9414255732913483,0.1625213192434083,0.0,0.0,2.8,0.0
"Anitta, J Balvin",Downtown,152993623.0,0.0,0,142,3.5792221918959894,0.0985822308019861,0.0,0.0,10.7,
"Anitta, Lexa, Luísa Sonza",Combatchy (feat. MC Rebecca),21547920.0,0.0,0,28,1.2197464123859798,0.0946455890814664,0.0,0.0,3.7,
"Anitta, MC Kevinho",Terremoto,7500293.0,0.0,0,11,1.0757936819986331,0.1687087294501965,0.0,0.0,3.2,0.0
"Anitta, Marília Mendonça",Some que ele vem atrás,4738257.0,0.0,0,7,1.0357737061936294,0.0554367976582841,0.0,0.0,3.1,0.0
"Anitta, Mc Zaac, Maejor",Vai malandra (feat. Tropkillaz & DJ Yuri Martins),22148476.0,0.0,0,34,3.6170505870633294,0.2498263366006674,0.0,0.0,10.9,
Anne-Marie,2002,676863342.0,0.0,0,620,1.2734500061936729,0.0615166434386723,0.0,0.0,3.8,
Anne-Marie,Alarm,2782543.0,0.0,0,7,1.100538544073952,0.0772067476551524,0.0,0.0,3.3,0.0
Anne-Marie,Birthday,5998970.0,0.0,0,7,0.9974076088773052,0.2225450385287651,0.0,0.0,3.0,0.0
Anne-Marie,Ciao Adios,63292750.0,0.0,0,104,1.1881649659684852,0.062517556253616,0.0,0.0,3.6,
"Anne-Marie, Niall Horan",Our Song,5852757.0,0.0,0,8,1.0219399732478496,0.0356576203653673,0.0,0.0,3.1,0.0
Ant Saunders,Yellow Hearts,155886288.0,4306330.0,5,104,4.080114739424503,0.1349097856776214,0.0,2.8,14.2,
Anuel AA,El Manual,6032929.0,0.0,0,7,1.5931845905671986,0.4389127528446693,0.0,0.0,4.8,0.0
Anuel AA,Fútbol & Rumba (feat. Enrique Iglesias),25690984.0,220487.0,1,30,1.8762584681159944,0.2694769819060567,0.0,0.9,7.0,
Anuel AA,Keii,101172532.0,0.0,0,91,1.085579396984797,0.060071822787604,0.0,0.0,3.3,
Anuel AA,Narcos,14235144.0,0.0,0,13,1.3209581513566369,0.1668056515245891,0.0,0.0,4.0,0.0
Anuel AA,Quiere Beber,117844345.0,0.0,0,115,1.20848404591333,0.0713878847221094,0.0,0.0,3.6,
Anuel AA,Reggaetonera,46919984.0,0.0,0,55,1.5575222210261803,0.2095014058158458,0.0,0.0,4.7,
Anuel AA,"Sola (Remix) [feat. Daddy Yankee, Wisin, Farruko, Zion & Lennox]",149711348.0,0.0,0,213,1.1888585838178405,0.0641249647509173,0.0,0.0,3.6,
"Anuel AA, Bad Bunny",Así Soy Yo,1304416.0,0.0,0,3,0.7260035249789379,0.5156725974287034,0.0,0.0,2.2,0.0
"Anuel AA, Bad Bunny",Hasta Que Dios Diga,151832379.0,0.0,0,112,1.391967696215174,0.1118830000807045,0.0,0.0,4.2,
"Anuel AA, Daddy Yankee, KAROL G, J Balvin, Ozuna",China,699100361.0,7394283.0,2,313,1.4197747979697517,0.0658908365647153,0.0,1.1,4.5,
"Anuel AA, Daddy Yankee, KAROL G, Ozuna, J Balvin",China,42968730.0,0.0,0,55,1.6060806921916393,0.1723238664395384,0.0,0.0,4.8,
"Anuel AA, Farruko, Zion",Que Se Joda,3105618.0,0.0,0,7,2.466083472622357,0.6852985391901046,1.0,0.0,11.7,0.0
"Anuel AA, Haze",Amanece,214317102.0,0.0,0,196,1.169640965523086,0.0651189077536406,0.0,0.0,3.5,
"Anuel AA, KAROL G",Secreto,388210028.0,0.0,0,224,1.5345788131627511,0.0693276274185861,0.0,0.0,4.6,
"Anuel AA, Lil Wayne",Ferrari,250977.0,0.0,0,1,0.5720503845548957,0.6343774612213201,0.0,0.0,1.7,0.0
"Anuel AA, Mariah Angeliq",Bandido,264505.0,0.0,0,1,0.9647880302890296,0.1465035835542224,0.0,0.0,2.9,0.0
"Anuel AA, Romeo Santos",Ella Quiere Beber - Remix,293365177.0,0.0,0,251,1.2285098431952604,0.0762772985837205,0.0,0.0,3.7,
"Anuel AA, Tego Calderon",Jangueo,11428802.0,0.0,0,12,1.3500100939228938,0.372504609341996,0.0,0.0,4.1,0.0
"Anuel AA, Zion",Hipócrita,86316366.0,0.0,0,126,1.197931284464035,0.0588630010364492,0.0,0.0,3.6,
Apache 207,200 km/h,35113297.0,0.0,0,44,1.4637324753239385,0.1234424087554139,0.0,0.0,4.4,
Apache 207,Angst,3584317.0,0.0,0,5,0.9878264874807292,0.1139772076211036,0.0,0.0,3.0,0.0
Apache 207,Bläulich,25069281.0,0.0,0,27,1.04243807306069,0.1028488107952042,0.0,0.0,3.1,
Apache 207,Boot,4405640.0,0.0,0,6,0.9384045295197024,0.2724596664611102,0.0,0.0,2.8,0.0
Apache 207,Doch in der Nacht,659206.0,0.0,0,1,0.8615630325906254,0.2400074030046619,0.0,0.0,2.6,0.0
Apache 207,Fame,20374801.0,0.0,0,23,1.091945785202165,0.1448374066007813,0.0,0.0,3.3,
Apache 207,Matrix,4973800.0,0.0,0,6,1.2355719274245025,0.1520562815360971,0.0,0.0,3.7,0.0
Apache 207,Roller,114088656.0,0.0,0,126,1.432298892859286,0.113323314346154,0.0,0.0,4.3,
Apache 207,Sie ruft,2835265.0,0.0,0,4,0.9830899754747816,0.1176855703230991,0.0,0.0,2.9,0.0
Apache 207,Unterwegs,1313482.0,0.0,0,2,0.991619274049984,0.1150609771195853,0.0,0.0,3.0,0.0
Apache 207,Wieso tust Du dir das an?,24120115.0,0.0,0,28,1.2281437532881363,0.1219764257546658,0.0,0.0,3.7,
"Arcangel, Bad Bunny",Infeliz,41629274.0,0.0,0,53,1.1990445820170987,0.0644858858506393,0.0,0.0,3.6,
"Arcangel, Sech, Romeo Santos",Sigues Con El - Remix,29693102.0,0.0,0,43,1.2072484279065576,0.0596028047493192,0.0,0.0,3.6,
Arctic Monkeys,505,3811729.0,0.0,0,17,1.0651479859243862,0.0436615700245632,0.0,0.0,3.2,
Arctic Monkeys,American Sports,1240020.0,0.0,0,2,0.6363950131757324,0.6456374771267239,0.0,0.0,1.9,0.0
Arctic Monkeys,Do I Wanna Know?,12732066.0,0.0,0,17,1.1094948749501767,0.0554030420199893,0.0,0.0,3.3,
Arctic Monkeys,Four Out Of Five,5369916.0,0.0,0,7,0.7778989967445934,0.4896559036658671,0.0,0.0,2.3,0.0
Arctic Monkeys,Golden Trunks,1155379.0,0.0,0,2,0.6381068552544434,0.6420773721234959,0.0,0.0,1.9,0.0
Arctic Monkeys,One Point Perspective,2151717.0,0.0,1,4,0.6124023847412107,0.6590255513739782,0.0,0.0,11.8,0.0
Arctic Monkeys,Star Treatment,2962482.0,0.0,1,5,0.5979947430526069,0.6593465948961192,0.0,0.0,9.8,0.0
Arctic Monkeys,The Ultracheese,0.0,0.0,1,1,0.0,0.9771278280708272,0.0,0.0,40.0,0.0
Arctic Monkeys,The World's First Ever Monster Truck Front Flip,577440.0,0.0,0,1,0.5830979942037572,0.5913241091850926,0.0,0.0,1.7,0.0
Arctic Monkeys,Tranquility Base Hotel & Casino,2011042.0,0.0,1,4,0.6466400226170053,0.6725731138873949,0.0,0.0,11.9,0.0
Arctic Monkeys,Why'd You Only Call Me When You're High?,8559114.0,0.0,0,8,1.1699139542125343,0.1376562542411057,0.0,0.0,3.5,0.0
Aretha Franklin,(You Make Me Feel Like) A Natural Woman,0.0,0.0,0,1,0.0,0.8660311162039287,0.0,0.0,0.0,0.0
Aretha Franklin,Chain of Fools,0.0,0.0,0,1,0.0,0.8660453490788027,0.0,0.0,0.0,0.0
Aretha Franklin,I Say a Little Prayer,715381.0,0.0,2,2,0.4994378789313858,0.6251563843530713,0.0,0.0,41.5,0.0
Aretha Franklin,Respect,4742032.0,0.0,4,4,2.328477965468131,0.9383262799280384,0.0,0.0,47.0,0.0
Aretha Franklin,Son of a Preacher Man,0.0,0.0,0,1,0.0,0.8823955391343173,0.0,0.0,0.0,0.0
Aretha Franklin,Think,0.0,0.0,0,1,0.0,0.8660271316859763,0.0,0.0,0.0,0.0
Ariana Grande,34+35,111451653.0,0.0,0,42,1.0861656470988592,0.1475683312323748,0.0,0.0,3.3,
Ariana Grande,7 rings,1536915084.0,75985464.0,7,640,1.780161110253597,0.0622933386865507,0.0,4.9,5.8,
Ariana Grande,Bad To You (with Normani & Nicki Minaj),21759178.0,0.0,0,16,0.9191852936134924,0.1479910385086025,0.0,0.0,2.8,
Ariana Grande,Don’t Call Me Angel (Charlie’s Angels) (with Miley Cyrus & Lana Del Rey),146864063.0,0.0,0,75,1.0373029642896094,0.0993403315975964,0.0,0.0,3.1,
Ariana Grande,God is a woman,478916001.0,5707904.0,1,226,1.636012850416168,0.0755788967582467,0.0,1.2,5.1,
Ariana Grande,Into You,62739621.0,167953.0,1,102,1.9335359985099068,0.1194835725786165,0.0,0.3,6.2,
Ariana Grande,Last Christmas,5024789.0,0.0,0,3,1.2577094644250872,0.2189886978598855,0.0,0.0,3.8,0.0
Ariana Grande,MONOPOLY (with Victoria Monét),58025426.0,3880868.0,1,31,1.4399678469214252,0.1889142243440294,0.0,6.7,5.6,
Ariana Grande,NASA,121362653.0,0.0,0,100,1.1047458579050828,0.1196950683836774,0.0,0.0,3.3,
Ariana Grande,One Last Time,43856251.0,0.0,0,79,1.923677932905128,0.0889109779939512,0.0,0.0,5.8,
Ariana Grande,R.E.M,19019305.0,226840.0,1,22,0.9447428464891644,0.3364137364064423,0.0,1.2,4.7,
Ariana Grande,Santa Tell Me,271588288.0,14086518.0,11,108,4.598391323855669,0.3571278161668043,0.0,5.2,17.9,
Ariana Grande,Stuck with U (with Justin Bieber),351948641.0,0.0,0,152,1.07057025109258,0.0661486748545128,0.0,0.0,3.2,
Ariana Grande,bad idea,95282428.0,0.0,0,57,1.210056880589406,0.2025438043174341,0.0,0.0,3.6,
Ariana Grande,better off,8555697.0,0.0,0,12,0.8131277171455799,0.4749007923421293,0.0,0.0,2.4,0.0
Ariana Grande,blazed (feat. Pharrell Williams),5683060.0,0.0,0,6,0.6807698496008515,0.4728147989522959,0.0,0.0,2.0,0.0
Ariana Grande,bloodline,94838173.0,0.0,0,54,1.042592526982675,0.1706144412560306,0.0,0.0,3.1,
Ariana Grande,borderline (feat. Missy Elliott),5570141.0,0.0,0,6,0.7768182578177336,0.356985828253659,0.0,0.0,2.3,0.0
Ariana Grande,boyfriend (with Social House),276041575.0,0.0,0,122,1.2870054869686944,0.07645664165655,0.0,0.0,3.9,
Ariana Grande,"break up with your girlfriend, i'm bored",568068211.0,29997125.0,4,236,1.507622553162539,0.064235926054801,0.0,5.3,5.2,
Ariana Grande,breathin,351341055.0,231906.0,1,201,1.351068345130877,0.0954325820540206,0.0,0.1,4.3,
Ariana Grande,everytime,33611354.0,0.0,0,25,1.0365353118384308,0.2168204200842343,0.0,0.0,3.1,
Ariana Grande,fake smile,71825593.0,0.0,0,53,1.990747788647775,0.2418459071666545,0.0,0.0,6.0,
Ariana Grande,get well soon,8037341.0,0.0,0,11,0.821290090312041,0.4418322885419565,0.0,0.0,2.5,0.0
Ariana Grande,ghostin,57700356.0,0.0,0,44,1.0307310123114015,0.2023304586201985,0.0,0.0,3.1,
Ariana Grande,goodnight n go,15698563.0,0.0,0,18,0.885781595365822,0.3457947276349973,0.0,0.0,2.7,
Ariana Grande,imagine,219068293.0,6381836.0,1,123,3.177871927773084,0.1780446445611165,0.0,2.9,9.9,
Ariana Grande,in my head,47838585.0,0.0,0,43,1.0487826145067929,0.2308134232863019,0.0,0.0,3.1,
Ariana Grande,just like magic,11771777.0,0.0,0,8,0.9456941388699222,0.1983736605150811,0.0,0.0,2.8,0.0
Ariana Grande,love language,4929119.0,0.0,0,7,0.9238839836918998,0.393832540522535,0.0,0.0,2.8,0.0
Ariana Grande,make up,38650189.0,0.0,0,27,0.9829230887328944,0.2821800471410643,0.0,0.0,2.9,
Ariana Grande,motive (with Doja Cat),17539929.0,0.0,1,8,0.9691934873247572,0.1623642903693192,0.0,0.0,7.9,0.0
Ariana Grande,my hair,8744611.0,0.0,0,7,0.9193548387096774,0.1909896163387931,0.0,0.0,2.8,0.0
Ariana Grande,nasty,9584116.0,0.0,0,7,0.93657527731895,0.1855615325182444,0.0,0.0,2.8,0.0
Ariana Grande,needy,114349148.0,0.0,0,81,1.0866561342165622,0.137473799251468,0.0,0.0,3.3,
Ariana Grande,no tears left to cry,843975475.0,0.0,0,429,1.9067800547140856,0.0725662328704858,0.0,0.0,5.7,
Ariana Grande,obvious,7088090.0,0.0,1,7,1.0107158628064823,0.2746487920988564,0.0,0.0,8.7,0.0
Ariana Grande,off the table (with The Weeknd),12384300.0,0.0,1,8,0.9394558203599356,0.202015937149675,0.0,0.0,7.8,0.0
Ariana Grande,pete davidson,15109173.0,0.0,0,18,0.8971619383977247,0.3604349978222172,0.0,0.0,2.7,
Ariana Grande,positions,145236077.0,0.0,0,42,1.0833708464087393,0.1359818982144698,0.0,0.0,3.3,
Ariana Grande,pov,48708249.0,0.0,0,26,1.1003082924670755,0.1027541437395097,0.0,0.0,3.3,
Ariana Grande,raindrops (an angel cried),8298986.0,0.0,0,11,0.6856360510854246,0.533186681606559,0.0,0.0,2.1,0.0
Ariana Grande,safety net (feat. Ty Dolla $ign),10307951.0,0.0,0,7,0.9454602102529924,0.1764504359851043,0.0,0.0,2.8,0.0
Ariana Grande,shut up,9520025.0,0.0,0,7,0.9153993425914586,0.1976629769082696,0.0,0.0,2.7,0.0
Ariana Grande,six thirty,7274725.0,0.0,1,7,0.9624011904230058,0.2961068933427011,0.0,0.0,8.6,0.0
Ariana Grande,successful,8900554.0,0.0,0,12,0.7971819850620405,0.4918180395787274,0.0,0.0,2.4,0.0
Ariana Grande,sweetener,42344501.0,0.0,0,52,1.205371904329911,0.2053941878815988,0.0,0.0,3.6,
Ariana Grande,"thank u, next",1372567062.0,21341295.0,3,591,1.751959166793445,0.0652349526584677,0.0,1.6,5.5,
Ariana Grande,the light is coming (feat. Nicki Minaj),22401402.0,3343941.0,2,21,2.1232241738334685,0.3844484339414973,0.0,14.9,10.2,
Ariana Grande,west side,4975913.0,0.0,0,7,0.9261629914191916,0.3905051211671467,0.0,0.0,2.8,0.0
"Ariana Grande, Future",Everyday,61952286.0,0.0,0,67,1.3619050257507044,0.0681986511750018,0.0,0.0,4.1,
"Ariana Grande, John Legend",美女と野獣,19702484.0,0.0,0,32,1.5230363109813505,0.1710462930274554,0.0,0.0,4.6,
"Ariana Grande, Liz Gillies",Santa Baby,60871109.0,1895426.0,4,62,3.194691528019052,0.4974353414892506,1.0,3.1,12.6,
"Ariana Grande, Nicki Minaj",Side To Side,254343870.0,0.0,0,241,1.3602361525628528,0.0824150404641179,0.0,0.0,4.1,
Arizona Zervas,FML,50440010.0,0.0,0,66,1.451833330940107,0.1393542751990638,0.0,0.0,4.4,
Arizona Zervas,ROXANNE,1134364044.0,15221912.0,4,347,2.0139421395198656,0.0632426904265943,0.0,1.3,6.5,
Armin van Buuren,Blah Blah Blah,38374595.0,0.0,0,55,1.226637946849883,0.0849218797624386,0.0,0.0,3.7,
Ashe,Moral of the Story,131012654.0,0.0,0,85,1.505745067520335,0.0842400883267521,0.0,0.0,4.5,
Ashley O,On A Roll,68191432.0,0.0,0,50,2.915671204811228,0.1768919778874559,0.0,0.0,8.7,
Ashnikko,Daisy,61725728.0,1293123.0,1,47,2.7175258760443946,0.149545185314907,0.0,2.1,9.0,
Ashnikko,STUPID (feat. Yung Baby Tate),3786148.0,0.0,1,22,3.56700326693208,0.7393549330920877,0.0,0.0,12.5,
Astrid S,Breathe,1409084.0,0.0,0,3,0.9346816128001606,0.2137182396144016,0.0,0.0,2.8,0.0
Astrid S,Think Before I Talk,1090280.0,0.0,0,2,1.0322250748170432,0.072784828882646,0.0,0.0,3.1,0.0
Auli'i Cravalho,How Far I'll Go,16586149.0,0.0,0,94,1.37864563662901,0.0499820524221495,0.0,0.0,4.1,
Ava Max,Kings & Queens,232711132.0,0.0,0,186,1.3051177481577485,0.0771303720231613,0.0,0.0,3.9,
Ava Max,Salt,93093225.0,0.0,0,102,1.3071936959380746,0.0726421216143941,0.0,0.0,3.9,
Ava Max,So Am I,205890355.0,0.0,0,196,1.445773410515249,0.0749654502813486,0.0,0.0,4.3,
Ava Max,Sweet but Psycho,1032803630.0,679782.0,1,672,3.835619993857815,0.0708328826625353,0.0,0.1,11.6,
Avicii,Addicted To You,721576.0,0.0,0,1,0.7037383441898206,0.484471111091403,0.0,0.0,2.1,0.0
Avicii,Bad Reputation (feat. Joe Janiak),1257199.0,0.0,0,2,0.7488360133315283,0.4320340743017737,0.0,0.0,2.2,0.0
Avicii,Broken Arrows,783852.0,0.0,0,1,0.522117818414345,0.5615805351394192,0.0,0.0,1.6,0.0
Avicii,For A Better Day,1546594.0,0.0,0,2,0.7300062304146264,0.4731513235986859,0.0,0.0,2.2,0.0
Avicii,Friend Of Mine (feat. Vargas & Lagola),1294198.0,0.0,0,4,0.8808470131131617,0.2987442342447612,0.0,0.0,2.6,0.0
Avicii,Heart Upon My Sleeve (feat. Imagine Dragons),1912295.0,0.0,0,3,0.7425204987675077,0.4479493324578603,0.0,0.0,2.2,0.0
Avicii,Heaven,104411961.0,0.0,0,72,1.2067988136624852,0.1184357354473776,0.0,0.0,3.6,
Avicii,Hey Brother,16719610.0,0.0,0,15,0.9244653650952016,0.3379247062472909,0.0,0.0,2.8,
Avicii,Hold The Line (feat. A R I Z O N A),1223520.0,0.0,0,2,0.6668492060583533,0.4825252495121258,0.0,0.0,2.0,0.0
Avicii,I Could Be The One (Avicii Vs. Nicky Romero) - Nicktim / Radio Edit,671992.0,0.0,0,1,0.631183661916974,0.5432678132592695,0.0,0.0,1.9,0.0
Avicii,Levels - Radio Edit,29874557.0,0.0,0,27,1.0173864135746191,0.2192003401543891,0.0,0.0,3.1,
Avicii,Lonely Together (feat. Rita Ora),122922567.0,6319814.0,2,125,3.0977202244103426,0.1351159491256286,0.0,5.1,9.9,
Avicii,Peace Of Mind (feat. Vargas & Lagola),723049.0,0.0,0,1,0.7830948888560766,0.4609403954696627,0.0,0.0,2.3,0.0
Avicii,SOS (feat. Aloe Blacc),178088224.0,0.0,0,135,1.2338418796763466,0.0742115737040523,0.0,0.0,3.7,
Avicii,Silhouettes - Original Radio Edit,635521.0,0.0,0,1,0.6609815693988647,0.5103925670015325,0.0,0.0,2.0,0.0
Avicii,The Days,659139.0,0.0,0,1,0.5461542498246157,0.6229469965478257,0.0,0.0,1.6,0.0
Avicii,The Nights,29366740.0,0.0,0,31,1.2248220610051146,0.1811908643572164,0.0,0.0,3.7,
Avicii,"Tough Love (feat. Agnes, Vargas & Lagola)",4628185.0,0.0,0,6,0.8298896272269272,0.3261721342019166,0.0,0.0,2.5,0.0
Avicii,Waiting For Love,22089042.0,0.0,0,19,0.9052226270337188,0.2769869337873382,0.0,0.0,2.7,
Avicii,Wake Me Up,95976506.0,0.0,0,142,1.61259234525648,0.0969332519293439,0.0,0.0,4.8,
Avicii,Wake Me Up - Radio Edit,83721891.0,0.0,0,72,1.1377390663313864,0.1102889435072752,0.0,0.0,3.4,
Avicii,Without You (feat. Sandro Cavazza),157380191.0,5184665.0,1,154,3.4977258253412273,0.1416263272093278,0.0,3.3,10.8,
Avicii,You Be Love (feat. Billy Raffoul),3335319.0,0.0,1,7,1.3573141589570648,0.5287381752176511,0.0,0.0,9.8,0.0
Avicii,You Make Me,1492268.0,0.0,0,2,0.6647442554012888,0.5503025069658125,0.0,0.0,2.0,0.0
"Avicii, Agnes, Vargas & Lagola",Tough Love,22084031.0,0.0,0,21,1.192840281091872,0.1783693810287523,0.0,0.0,3.6,
"Avicii, Aloe Blacc",SOS,206745392.0,6321351.0,1,56,1.6400038223985636,0.1123990142448258,0.0,3.1,5.6,
Avril Lavigne,Head Above Water,20537712.0,0.0,0,27,1.3742874196880073,0.1631596419253102,0.0,0.0,4.1,
Axwell /\ Ingrosso,Dreamer,33642348.0,0.0,0,56,3.550085261483711,0.1468589614484038,0.0,0.0,10.7,
Axwell /\ Ingrosso,More Than You Know,329732157.0,708025.0,1,273,1.6218273361655182,0.0857574047996275,0.0,0.2,5.0,
"Axwell /\ Ingrosso, Kid Ink",I Love You,25958457.0,0.0,0,53,1.0977236616576262,0.0830374362757913,0.0,0.0,3.3,
Aya Nakamura,Djadja (feat. Maluma) - Remix,111140862.0,0.0,0,84,1.224334056534706,0.0775533284562913,0.0,0.0,3.7,
Aya Nakamura,Jolie nana,16859813.0,0.0,0,24,1.078385033552958,0.0686928111391724,0.0,0.0,3.2,
Ayo & Teo,Rolex,157329621.0,0.0,0,204,2.2703558864401536,0.1347465780514538,2.0,0.0,7.1,
BANDIDO,"No Me Conocen (Remix) [con DUKI, Rei & Tiago PZK]",12366029.0,0.0,0,14,1.1602721192103769,0.0846355680682513,0.0,0.0,3.5,
BANNERS,Someone To You,38653645.0,0.0,0,51,1.0858369662356988,0.0460124858929133,0.0,0.0,3.3,
"BENEE, Gus Dapperton",Supalonely,469994708.0,3412895.0,2,191,2.051968105821986,0.0745988297061574,0.0,0.7,6.6,
BIA,WHOLE LOTTA MONEY,1736326.0,0.0,0,7,0.9790484879738718,0.0922093389590098,0.0,0.0,2.9,0.0
BIA,WHOLE LOTTA MONEY (feat. Nicki Minaj) - Remix,3869051.0,0.0,0,6,0.8988480519647719,0.3967163914558904,0.0,0.0,2.7,0.0
BLACKPINK,Bet You Wanna (feat. Cardi B),23337988.0,0.0,0,11,0.7952243591334294,0.2818825353132416,0.0,0.0,2.4,0.0
BLACKPINK,Crazy Over You,12187872.0,0.0,0,9,0.7518691569606812,0.3439594546119561,0.0,0.0,2.3,0.0
BLACKPINK,DDU-DU DDU-DU,16540625.0,0.0,0,16,1.0500976289340116,0.1057050777548292,0.0,0.0,3.2,
BLACKPINK,DDU-DU DDU-DU - KR Ver.,35148579.0,0.0,0,52,1.016678846969618,0.0293453851660972,0.0,0.0,3.1,
BLACKPINK,Don't Know What To Do,10865705.0,0.0,0,16,1.0333656630412138,0.1215248647722553,0.0,0.0,3.1,
BLACKPINK,Forever Young,1216963.0,0.0,0,3,0.9130368559678732,0.2667367440188228,0.0,0.0,2.7,0.0
BLACKPINK,How You Like That,201146442.0,3601796.0,1,103,2.1111399712994636,0.1030381090056173,0.0,1.8,6.7,
BLACKPINK,Ice Cream (with Selena Gomez),109715428.0,4189069.0,1,53,1.421267153449394,0.1250612492910704,0.0,3.8,5.0,
BLACKPINK,Kick It,1307812.0,0.0,0,2,0.9256201098140928,0.1588281844160307,0.0,0.0,2.8,0.0
BLACKPINK,Kill This Love,202337955.0,0.0,0,143,1.136491438962825,0.060960635374015,0.0,0.0,3.4,
BLACKPINK,Love To Hate Me,12084446.0,0.0,0,9,0.7662561609665716,0.3260926538351347,0.0,0.0,2.3,0.0
BLACKPINK,Lovesick Girls,57350135.0,0.0,0,36,1.0247507140406076,0.1483627174132797,0.0,0.0,3.1,
BLACKPINK,Pretty Savage,24117509.0,0.0,0,18,0.9587239864110187,0.2265497882866985,0.0,0.0,2.9,
BLACKPINK,You Never Know,10248599.0,0.0,0,9,0.770933211019166,0.3396347771889597,0.0,0.0,2.3,0.0
"BLANCO, Sfera Ebbasta",MI FAI IMPAZZIRE,9714888.0,0.0,0,13,1.131460345354249,0.0657653184400402,0.0,0.0,3.4,0.0
BROCKHAMPTON,BOY BYE,1750895.0,0.0,1,6,0.6432959393201977,0.8937432242030366,0.0,0.0,8.6,0.0
BROCKHAMPTON,I BEEN BORN AGAIN,0.0,0.0,0,1,0.0,0.8661880404833956,0.0,0.0,0.0,0.0
BROCKHAMPTON,IF YOU PRAY RIGHT,211770.0,0.0,0,1,0.786684646331814,0.2753948970053779,0.0,0.0,2.4,0.0
BROCKHAMPTON,J'OUVERT,871696.0,0.0,4,4,0.5305407437928888,1.0909369107142894,0.0,0.0,41.6,0.0
BROCKHAMPTON,NEW ORLEANS,1084055.0,0.0,5,5,0.5248777264971077,1.0933670496083936,0.0,0.0,41.6,0.0
BROCKHAMPTON,NO HALO,4249265.0,0.0,0,5,0.8538688742837497,0.3848379286179838,0.0,0.0,2.6,0.0
BROCKHAMPTON,ST. PERCY,206138.0,0.0,0,1,0.4163599358238508,0.9481001574228224,0.0,0.0,1.2,0.0
BROCKHAMPTON,SUGAR,226811886.0,0.0,0,221,3.390693429681136,0.1583635907488911,0.0,0.0,10.2,
BTS,00:00 (Zero O’Clock),9268684.0,0.0,0,8,0.8407644749282864,0.2591829623667581,0.0,0.0,2.5,0.0
BTS,134340,3540774.0,0.0,0,4,0.8062386942501026,0.2249991666175703,0.0,0.0,2.4,0.0
BTS,Airplane pt.2,9183135.0,0.0,0,11,1.101259962860958,0.1912691935811132,0.0,0.0,3.3,0.0
BTS,Anpanman,6950002.0,0.0,0,9,0.8574332426608311,0.1904462670219708,0.0,0.0,2.6,0.0
BTS,Answer : Love Myself,518751.0,0.0,0,1,0.6872752421081082,0.4192013810107365,0.0,0.0,2.1,0.0
BTS,Black Swan,77638061.0,4584799.0,2,59,2.3661434150237146,0.1741497102482528,0.0,5.9,8.5,
BTS,Blue & Grey,4431674.0,0.0,0,5,0.9104262201418252,0.1322458084157838,0.0,0.0,2.7,0.0
BTS,Boy With Luv (feat. Halsey),340804953.0,0.0,0,258,1.9781621347247096,0.074375013177338,0.0,0.0,5.9,
BTS,Butter,61687063.0,0.0,0,14,1.571323390174223,0.1375285876364011,0.0,0.0,4.7,
BTS,DNA,1077906.0,0.0,0,2,3.2022866333676108,1.4912273572406844,0.0,0.0,9.6,0.0
BTS,Dionysus,13614580.0,0.0,0,12,0.8757513897294161,0.2375700169800355,0.0,0.0,2.6,0.0
BTS,Dis-ease,843750.0,0.0,0,1,0.9069690697121956,0.0879930716836023,0.0,0.0,2.7,0.0
BTS,Dynamite,265843142.0,16075715.0,3,73,1.459112189902764,0.0971335020700548,0.0,6.0,6.0,
BTS,Epiphany,526122.0,0.0,0,1,0.8738769713730473,0.1264933780544298,0.0,0.0,2.6,0.0
BTS,Euphoria,2132127.0,0.0,0,3,0.8093792548871007,0.2819717193694986,0.0,0.0,2.4,0.0
BTS,FAKE LOVE,71830644.0,0.0,0,56,1.2225054795770096,0.09771958164157,0.0,0.0,3.7,
BTS,Filter,14315888.0,0.0,0,12,0.8600794436822435,0.2412491657129446,0.0,0.0,2.6,0.0
BTS,Fly To My Room,4168844.0,0.0,0,5,0.9081930523728158,0.1481237047418217,0.0,0.0,2.7,0.0
BTS,Friends,6388113.0,0.0,0,5,0.8397936137385432,0.2347485012972415,0.0,0.0,2.5,0.0
BTS,HOME,15204502.0,0.0,0,12,0.8701268878734609,0.239008778126619,0.0,0.0,2.6,0.0
BTS,Heartbeat (BTS World Original Soundtrack),2654780.0,0.0,0,4,0.9231930797628376,0.0940791146545641,0.0,0.0,2.8,0.0
BTS,I'm Fine,1217309.0,0.0,0,2,0.6901226038412481,0.3728913179095409,0.0,0.0,2.1,0.0
BTS,IDOL,10564089.0,0.0,0,12,0.9223250562367354,0.2027301845882253,0.0,0.0,2.8,0.0
BTS,Inner Child,5788072.0,0.0,0,5,0.8281503558118882,0.2686738612833106,0.0,0.0,2.5,0.0
BTS,Interlude : Shadow,3866113.0,0.0,0,4,0.8270580544422537,0.2636495064348685,0.0,0.0,2.5,0.0
BTS,Intro : Persona,8753521.0,0.0,0,8,1.0051105489195729,0.2801553297523074,0.0,0.0,3.0,0.0
BTS,Intro: Singularity,3428218.0,0.0,0,4,0.8477037482444303,0.1622085667784102,0.0,0.0,2.5,0.0
BTS,Jamais Vu,10823685.0,0.0,0,10,0.8038576046760996,0.3074082039887486,0.0,0.0,2.4,0.0
BTS,Life Goes On,34617325.0,0.0,0,24,1.0483872439209077,0.1589619541560502,0.0,0.0,3.1,
BTS,Louder than bombs,10454329.0,0.0,0,9,0.8450558964586096,0.2798139701744869,0.0,0.0,2.5,0.0
BTS,Love Maze,3668489.0,0.0,0,4,0.8445769236114006,0.1890683449581118,0.0,0.0,2.5,0.0
BTS,Magic Shop,3636904.0,0.0,0,4,0.8469451530958646,0.1872877442154407,0.0,0.0,2.5,0.0
BTS,Make It Right,18361744.0,0.0,0,16,0.998146537371979,0.2390063567814134,0.0,0.0,3.0,
BTS,Make It Right (feat. Lauv),47854097.0,0.0,0,38,1.0734682948816685,0.0961046776650327,0.0,0.0,3.2,
BTS,Mikrokosmos,17144218.0,0.0,0,14,0.8739572335665542,0.2432111382002455,0.0,0.0,2.6,
BTS,Moon,5507363.0,0.0,0,5,0.8443704704652768,0.2538958530761156,0.0,0.0,2.5,0.0
BTS,My Time,11607991.0,0.0,0,10,0.8499125698360193,0.2547960873298924,0.0,0.0,2.5,0.0
BTS,ON,46231345.0,0.0,0,35,1.7282879262970685,0.1340843703081661,0.0,0.0,5.2,
BTS,ON (Feat. Sia),27576001.0,0.0,0,19,0.9187861872881014,0.1655489264472031,0.0,0.0,2.8,
BTS,Outro : Ego,4350177.0,0.0,0,4,0.8757559457679605,0.1782211175134466,0.0,0.0,2.6,0.0
BTS,Outro: Tear,787577.0,0.0,0,1,0.8241313458449528,0.1799411829102141,0.0,0.0,2.5,0.0
BTS,Paradise,3736380.0,0.0,0,4,0.8383451702744891,0.194224253782534,0.0,0.0,2.5,0.0
BTS,Permission to Dance,32699003.0,0.0,0,6,0.8803094024212341,0.1708873604428364,0.0,0.0,2.6,0.0
BTS,Respect,2978084.0,0.0,0,3,0.78948421053191,0.2863398404816151,0.0,0.0,2.4,0.0
BTS,Serendipity (Full Length Edition),523343.0,0.0,0,1,0.6695536547785418,0.4481061165969015,0.0,0.0,2.0,0.0
BTS,So What,2340053.0,0.0,0,3,0.8402044394851154,0.1976114944195893,0.0,0.0,2.5,0.0
BTS,Stay,835834.0,0.0,0,1,0.9146670158752508,0.0816497775086308,0.0,0.0,2.7,0.0
BTS,Stay Gold,13838551.0,0.0,0,17,1.2333884393138352,0.2295553245310501,0.0,0.0,3.7,
BTS,Telepathy,2465791.0,0.0,0,3,0.907364400869122,0.1184503964814836,0.0,0.0,2.7,0.0
BTS,Trivia 起 : Just Dance,537822.0,0.0,0,1,0.5909748708600212,0.4319253602418293,0.0,0.0,1.8,0.0
BTS,Trivia 轉 : Seesaw,1072793.0,0.0,0,2,0.751086411986066,0.4121326797231983,0.0,0.0,2.3,0.0
BTS,UGH!,10926899.0,0.0,0,9,0.8600482714686055,0.2574648261609409,0.0,0.0,2.6,0.0
BTS,We are Bulletproof : the Eternal,6273265.0,0.0,0,5,0.8682436280536352,0.2141422039982553,0.0,0.0,2.6,0.0
BTS,Your eyes tell,2265015.0,0.0,0,3,0.9051637242228228,0.1932022159228575,0.0,0.0,2.7,0.0
"BTS, Charli XCX",Dream Glow (BTS World Original Soundtrack) - Pt. 1,16419677.0,0.0,0,19,1.078511155955539,0.2095696676634379,0.0,0.0,3.2,
"BTS, Nicki Minaj",IDOL,19891717.0,0.0,0,26,0.996111437178314,0.1425273442129377,0.0,0.0,3.0,
"BTS, Steve Aoki",The Truth Untold,7873343.0,0.0,0,9,0.9018120771177802,0.2983851160255413,0.0,0.0,2.7,0.0
"BTS, Zara Larsson",A Brand New Day (BTS World Original Soundtrack) [Pt. 2],2025092.0,0.0,0,3,0.7303499990602152,0.5271056214086843,0.0,0.0,2.2,0.0
Baby Keem,ORANGE SODA,47267985.0,422090.0,2,148,3.552308916002582,0.1151991255928476,1.0,0.9,11.4,
Backstreet Boys,Christmas Time,4150290.0,0.0,0,3,1.245158391252141,0.2848215691980522,0.0,0.0,3.7,0.0
Bad Bunny,120,1767671.0,0.0,0,2,0.7727141265133025,0.2506475450166189,0.0,0.0,2.3,0.0
Bad Bunny,25/8,30887391.0,0.0,0,24,0.9393496448534976,0.142185624407557,0.0,0.0,2.8,
Bad Bunny,<3,16638417.0,0.0,0,14,0.907513955736984,0.2083510453937292,0.0,0.0,2.7,
Bad Bunny,A Tu Merced,72643526.0,0.0,0,79,1.0718292993864564,0.0637751256824037,0.0,0.0,3.2,
Bad Bunny,ANTES QUE SE ACABE,1797070.0,0.0,0,2,0.763881652874842,0.2506902129319575,0.0,0.0,2.3,0.0
Bad Bunny,Amorfoda,168552231.0,0.0,0,115,1.4302670785787075,0.0765153870014591,0.0,0.0,4.3,
Bad Bunny,BENDICIONES,7388160.0,0.0,0,7,0.9144087687284924,0.3574582793434318,0.0,0.0,2.7,0.0
Bad Bunny,BOOKER T,14760846.0,0.0,0,15,1.121915411144853,0.1883386212548312,0.0,0.0,3.4,
Bad Bunny,BYE ME FUI,38673167.0,0.0,0,38,1.029835348829593,0.1213326016499455,0.0,0.0,3.1,
Bad Bunny,Caro,8631150.0,0.0,0,12,1.04369202352334,0.1569953451591489,0.0,0.0,3.1,0.0
Bad Bunny,De Museo,13699065.0,0.0,0,9,1.070948758715439,0.1590208325257645,0.0,0.0,3.2,0.0
Bad Bunny,Dime Si Te Acuerdas,2945407.0,0.0,0,5,0.9823344734044293,0.0745811287947128,0.0,0.0,2.9,0.0
Bad Bunny,EL MUNDO ES MÍO,785653.0,0.0,0,1,0.7000503736142057,0.2775397527089203,0.0,0.0,2.1,0.0
Bad Bunny,Estamos Bien,72241683.0,0.0,0,94,1.1047282758646668,0.063010767663239,0.0,0.0,3.3,
Bad Bunny,HACIENDO QUE ME AMAS,17799149.0,0.0,0,16,1.052872152454137,0.1998181916178996,0.0,0.0,3.2,
Bad Bunny,HOY COBRÉ,2134954.0,0.0,0,2,0.8672623041887404,0.1859363357799145,0.0,0.0,2.6,0.0
Bad Bunny,LA DROGA,3889024.0,0.0,0,4,0.862831637607354,0.2378643900961219,0.0,0.0,2.6,0.0
Bad Bunny,La Difícil,249389154.0,0.0,0,142,1.095603112509111,0.0623503091765714,0.0,0.0,3.3,
Bad Bunny,La Zona,23358711.0,0.0,0,17,0.9041724058152206,0.1933212326277964,0.0,0.0,2.7,
Bad Bunny,MALDITA POBREZA,2324769.0,0.0,0,2,0.863210800199825,0.1551037331257171,0.0,0.0,2.6,0.0
Bad Bunny,MIA (feat. Drake),818607050.0,0.0,0,360,1.2153917517891135,0.0684362215729618,0.0,0.0,3.6,
Bad Bunny,NI BIEN NI MAL,107211661.0,1167431.0,1,102,1.147095995889826,0.0934920176644537,0.0,1.1,3.8,
Bad Bunny,Otra Noche en Miami,619264.0,0.0,0,3,0.8406637543275349,0.2520541984927035,0.0,0.0,2.5,0.0
Bad Bunny,Pero Ya No,57179516.0,0.0,0,39,1.1844845666300683,0.1342931505421367,0.0,0.0,3.6,
Bad Bunny,RONCA FREESTYLE,4035615.0,0.0,0,4,0.8821069902921344,0.3309070595007987,0.0,0.0,2.6,0.0
Bad Bunny,SI ELLA SALE,4701522.0,0.0,0,4,0.793270706942161,0.3320744775521673,0.0,0.0,2.4,0.0
Bad Bunny,Si Estuviésemos Juntos,1492921.0,0.0,0,3,1.847478617145635,0.4629685406135834,0.0,0.0,5.5,0.0
Bad Bunny,Si Veo a Tu Mamá,220059426.0,0.0,0,134,1.082807523364198,0.0566741243037496,0.0,0.0,3.2,
Bad Bunny,Soliá,32415263.0,0.0,0,24,0.9590390650437032,0.1673649764062327,0.0,0.0,2.9,
Bad Bunny,Solo de Mi,120321520.0,0.0,0,96,1.5737643416916465,0.088765077571127,0.0,0.0,4.7,
Bad Bunny,TE DESEO LO MEJOR,7161928.0,0.0,0,7,0.8601987491677431,0.2558167574978015,0.0,0.0,2.6,0.0
Bad Bunny,TE MUDASTE,32846025.0,0.0,0,17,1.0724387462767655,0.11634795364586,0.0,0.0,3.2,
Bad Bunny,TRELLAS,797500.0,0.0,0,1,0.773063963490055,0.2972047803868312,0.0,0.0,2.3,0.0
Bad Bunny,Vete,407124576.0,0.0,0,212,2.0073582331164452,0.0771296218332078,0.0,0.0,6.0,
Bad Bunny,YO VISTO ASÍ,11183489.0,0.0,0,7,0.8961687137255732,0.2048498998792134,0.0,0.0,2.7,0.0
Bad Bunny,Yo Perreo Sola,354447943.0,0.0,0,194,1.4886680774015724,0.0674361939788339,0.0,0.0,4.5,
Bad Bunny,Yonaguni,72416103.0,0.0,0,14,1.0413484518169227,0.0615752175454902,0.0,0.0,3.1,
"Bad Bunny, ABRA",SORRY PAPI,1815361.0,0.0,0,2,0.7740373394425897,0.2472289029961278,0.0,0.0,2.3,0.0
"Bad Bunny, Anuel AA",Está Cabrón Ser Yo,26855915.0,0.0,0,20,0.9221771902280982,0.1618754914973166,0.0,0.0,2.8,
"Bad Bunny, Daddy Yankee",La Santa,146688433.0,0.0,0,114,1.1062207584602577,0.0638245008948234,0.0,0.0,3.3,
"Bad Bunny, Diplo, Nitti Gritti",200 Mph,2422676.0,0.0,0,7,1.5492262431567845,0.9164154724604986,0.0,0.0,4.6,0.0
"Bad Bunny, Don Omar",PA' ROMPERLA,47662025.0,0.0,0,48,1.0794109769767188,0.105405713140541,0.0,0.0,3.2,
"Bad Bunny, Duki, Pablo Chill-E",Hablamos Mañana,23690786.0,0.0,0,21,0.941427527269758,0.1552264669976786,0.0,0.0,2.8,
"Bad Bunny, El Alfa",La Romana,617955.0,0.0,0,3,0.8739192078682344,0.208433311218901,0.0,0.0,2.6,0.0
"Bad Bunny, Gabriela",EN CASITA,2843249.0,0.0,0,3,0.8562783323090659,0.345971809618736,0.0,0.0,2.6,0.0
"Bad Bunny, Jhay Cortez",DÁKITI,208158407.0,25813867.0,3,42,1.2750846008909074,0.127270856829223,0.0,12.4,6.7,
"Bad Bunny, Jowell & Randy, Ñengo Flow",Safaera,395035405.0,0.0,0,203,1.2499094960271675,0.0690375491327908,0.0,0.0,3.7,
"Bad Bunny, Kendo Kaponi, Arcangel",P FKN R,13275827.0,0.0,0,11,0.8901917682939277,0.2202012211546466,0.0,0.0,2.7,0.0
"Bad Bunny, Mora",Una Vez,22447762.0,0.0,0,18,0.9142149834683656,0.1762138415865515,0.0,0.0,2.7,
"Bad Bunny, Myke Towers",Puesto Pa' Guerrial,9751286.0,0.0,0,9,0.8574044644533281,0.2680008509534528,0.0,0.0,2.6,0.0
"Bad Bunny, Nicky Jam",BAD CON NICKY,26680242.0,0.0,0,29,1.0479030911806178,0.1440276319634179,0.0,0.0,3.1,
"Bad Bunny, Prince Royce, J Balvin, Mambo Kingz, DJ Luian",Sensualidad,137430065.0,0.0,0,134,3.474766212305018,0.1093615325508754,0.0,0.0,10.4,
"Bad Bunny, ROSALÍA",LA NOCHE DE ANOCHE,72002255.0,0.0,0,33,1.233773874394576,0.1581603802885973,0.0,0.0,3.7,
"Bad Bunny, Sech",Ignorantes,269809479.0,0.0,0,156,1.6905986104971056,0.0706608590463155,0.0,0.0,5.1,
"Bad Bunny, Tainy",Callaita,710606483.0,0.0,0,371,1.351604649086327,0.0650718375141828,0.0,0.0,4.1,
"Bad Bunny, Yaviah",Bichiyal,41249616.0,0.0,0,32,1.079505426889092,0.1282717170875955,0.0,0.0,3.2,
"Bad Bunny, Zion & Lennox",MÁS DE UNA CITA,17262503.0,0.0,0,17,0.9237931406092884,0.2111122381942894,0.0,0.0,2.8,
"Bad Bunny, Ñengo Flow",Que Malo,23940275.0,0.0,0,18,0.889962517203981,0.1920899933135432,0.0,0.0,2.7,
"Baddiel, Skinner & Lightning Seeds",Three Lions,2471834.0,0.0,1,4,3.4740867496679804,1.8702175896438515,0.0,0.0,20.4,0.0
Bag Raiders,Shooting Stars,15781704.0,0.0,0,28,1.164356953700224,0.0634673775431944,0.0,0.0,3.5,
Band Aid,Do They Know It's Christmas? - 1984 Version,168761213.0,7920075.0,7,76,4.707368924701366,0.3478382196480089,0.0,4.7,17.8,
"Banda MS de Sergio Lizárraga, Snoop Dogg",Qué Maldición,9841702.0,0.0,0,10,0.9066157849564148,0.1845075295844674,0.0,0.0,2.7,0.0
Bankrol Hayden,Costa Rica,3098778.0,0.0,0,14,1.1873621589608276,0.1185407195939437,0.0,0.0,3.6,
Bankrol Hayden,Costa Rica (feat. The Kid LAROI) - Remix,404191.0,0.0,0,2,0.9623890275417832,0.0921576858751583,0.0,0.0,2.9,0.0
Bankrol Hayden,Drop A Tear (feat. Lil Baby),203178.0,0.0,0,1,0.8482349486703841,0.1422425652756608,0.0,0.0,2.5,0.0
"Banx & Ranx, Ella Eyre",Answerphone (feat. Yxng Bane),34980702.0,0.0,0,51,3.258962209327608,0.1618049969619863,0.0,0.0,9.8,
Bas,The Jackie (with J. Cole & Lil Tjay),4238920.0,0.0,0,6,0.840122546993821,0.3916992306687619,0.0,0.0,2.5,0.0
Bas,Tribe (with J. Cole),1760252.0,0.0,0,6,0.6536660474301685,0.9017028139530324,0.0,0.0,2.0,0.0
"Bass Santana, XXXTENTACION, Ski Mask The Slump God",Make Eem Run!,274574.0,0.0,0,1,0.4882689942354144,0.7851644247604934,0.0,0.0,1.5,0.0
Bazzi,3:15,0.0,0.0,1,1,0.0,0.923128284376233,0.0,0.0,40.0,0.0
Bazzi,Beautiful,81645582.0,0.0,0,100,1.9516195673185468,0.2008875254001006,0.0,0.0,5.9,
Bazzi,Beautiful (feat. Camila Cabello),415470343.0,0.0,0,289,1.3664263775021606,0.0831878522411173,0.0,0.0,4.1,
Bazzi,Focus (feat. 21 Savage),28925331.0,0.0,0,33,1.0365689552426438,0.17834567395081,0.0,0.0,3.1,
Bazzi,I.F.L.Y.,264066157.0,201189.0,1,225,1.44144126735583,0.1145727025769614,0.0,0.1,4.5,
Bazzi,Mine,663298999.0,0.0,0,492,3.5910857598699306,0.1372194057351886,1.0,0.0,10.8,
Bazzi,No Way!,12322120.0,0.0,0,21,1.2469830865858302,0.3820846835388671,0.0,0.0,3.7,
Bazzi,Paradise,250984386.0,0.0,0,249,1.4286029288529942,0.111051681152002,0.0,0.0,4.3,
Bazzi,Young & Alive,9659036.0,0.0,0,16,2.686214063809531,0.5172118892075852,1.0,0.0,9.9,
Bea Miller,feel something,17861112.0,0.0,0,16,1.1428179906342393,0.0496581100762648,0.0,0.0,3.4,
Beach House,Space Song,1509759.0,0.0,0,7,1.1089574576180177,0.0436300734853622,0.0,0.0,3.3,0.0
Bebe Rexha,"Baby, I'm Jealous (feat. Doja Cat)",2109830.0,0.0,0,2,0.8897527714750689,0.2181800645813888,0.0,0.0,2.7,0.0
Bebe Rexha,Bad Bitch (feat. Ty Dolla $ign),44527741.0,0.0,0,51,1.8710218603339432,0.1262901938602427,0.0,0.0,5.6,
Bebe Rexha,I Got You,127803508.0,0.0,0,135,1.237919045609046,0.083996646843542,0.0,0.0,3.7,
Bebe Rexha,I'm a Mess,258346494.0,0.0,0,242,1.2430353332210011,0.0720810138692311,0.0,0.0,3.7,
Bebe Rexha,Last Hurrah,75142073.0,0.0,0,61,1.211106415894907,0.1036716338063262,0.0,0.0,3.6,
Bebe Rexha,Meant to Be (feat. Florida Georgia Line),732691580.0,0.0,0,655,3.4952109677628953,0.1517645290756031,0.0,0.0,10.5,
Bebe Rexha,The Way I Are (Dance with Somebody) (feat. Lil Wayne) - Spotify Version,29391718.0,0.0,0,41,1.099909441908837,0.0976105260316338,0.0,0.0,3.3,
"Becky G, Bad Bunny",Mayores,80913709.0,0.0,0,107,3.601283562387702,0.1116573238233008,0.0,0.0,10.8,
"Becky G, El Alfa",Fulanito,5648789.0,0.0,0,7,1.1565227520447303,0.0822281102932055,0.0,0.0,3.5,0.0
"Becky G, Natti Natasha",Sin Pijama,368983082.0,0.0,0,274,1.2748837386618348,0.0687227512908472,0.0,0.0,3.8,
"Becky G, Paulo Londra",Cuando Te Besé,226962756.0,0.0,0,199,1.2326897741200251,0.0626005838090027,0.0,0.0,3.7,
"Becky G, Prince Royce, DJ Luian, Mambo Kingz, Anuel AA",Bubalu,149098471.0,0.0,0,157,1.1717557986976253,0.0607658227992952,0.0,0.0,3.5,
Bella Poarch,Build a Bitch,30958650.0,0.0,0,14,1.001365292506595,0.0532717098646361,0.0,0.0,3.0,
"Belly, NAV",Maintain,574594.0,0.0,0,4,0.9808447802115716,0.230333705160265,0.0,0.0,2.9,0.0
"Belly, The Weeknd",What You Want,629321.0,0.0,1,4,1.050162954591579,0.5451321665228004,0.0,0.0,13.2,0.0
"Ben Platt, Lin-Manuel Miranda",Found/Tonight,0.0,0.0,0,1,0.0,0.873194696573173,0.0,0.0,0.0,0.0
Beyoncé,6 Inch (feat. The Weeknd),1399744.0,0.0,0,2,0.694904384767513,0.4365876768185627,0.0,0.0,2.1,0.0
Beyoncé,All Night,530914.0,0.0,0,2,0.2799458594604284,0.7124928554677052,0.0,0.0,0.8,0.0
Beyoncé,BLACK PARADE,12837528.0,0.0,0,11,0.9432180255709804,0.1462493096206454,0.0,0.0,2.8,0.0
Beyoncé,Before I Let Go - Homecoming Live Bonus Track,6955171.0,0.0,0,11,1.0966188050354508,0.4610415506883626,0.0,0.0,3.3,0.0
Beyoncé,Daddy Lessons,1146067.0,0.0,0,2,0.7045886118245057,0.4275396884635916,0.0,0.0,2.1,0.0
Beyoncé,Don't Hurt Yourself (feat. Jack White),1221578.0,0.0,0,2,0.6755944653717824,0.4579589938589857,0.0,0.0,2.0,0.0
Beyoncé,Formation,5373846.0,0.0,1,8,0.766907780465065,0.4991150157220597,0.0,0.0,7.3,0.0
Beyoncé,Freedom (feat. Kendrick Lamar),1155461.0,0.0,1,2,0.9112638412577088,0.6026650186641676,0.0,0.0,22.7,0.0
Beyoncé,Halo,62968742.0,0.0,0,107,2.1259386384042074,0.1196128224548589,0.0,0.0,6.4,
Beyoncé,Hold Up,4827655.0,0.0,0,8,0.7307754948602776,0.5821670577198071,0.0,0.0,2.2,0.0
Beyoncé,Love Drought,248073.0,0.0,0,1,0.2617353220771027,0.6520526094121845,0.0,0.0,0.8,0.0
Beyoncé,Pray You Catch Me,264419.0,0.0,0,1,0.2460885985591263,0.683264776356848,0.0,0.0,0.7,0.0
Beyoncé,"SPIRIT - From Disney's ""The Lion King""",5006855.0,0.0,0,6,1.1691668433326268,0.3595058966017865,0.0,0.0,3.5,0.0
Beyoncé,Sandcastles,216294.0,0.0,0,1,0.2597683037848199,0.6511737171606375,0.0,0.0,0.8,0.0
Beyoncé,Sorry,4980633.0,0.0,0,8,0.7411485282668091,0.5767320525632601,0.0,0.0,2.2,0.0
Beyoncé,Sorry - Original Demo,1233178.0,0.0,0,2,1.0783652365171637,0.6012936284579469,0.0,0.0,3.2,0.0
"Beyoncé, JAY-Z, Childish Gambino",MOOD 4 EVA (feat. Oumou Sangaré),11928583.0,0.0,0,11,0.911750088865099,0.2320519785876969,0.0,0.0,2.7,0.0
"Beyoncé, Megan Thee Stallion",Savage Remix (feat. Beyoncé),266878784.0,0.0,0,134,1.328497022128808,0.1041358323005706,0.0,0.0,4.0,
Bhad Bhabie,Gucci Flip Flops (feat. Lil Yachty),2499441.0,0.0,0,12,3.426041335006462,0.4479748478977929,0.0,0.0,10.3,0.0
Big Red Machine,Renegade (feat. Taylor Swift),3784160.0,0.0,1,6,0.7826977535127663,0.4999726499515978,0.0,0.0,9.0,0.0
Big Sean,Bounce Back,396660053.0,6106262.0,2,314,1.4511187405057897,0.0682067359566495,0.0,1.5,4.6,
Big Sean,Deep Reverence (feat. Nipsey Hussle),927785.0,0.0,0,4,0.4245958869329722,1.025438629762102,0.0,0.0,1.3,0.0
Big Sean,Halfway Off The Balcony,14287506.0,1387247.0,1,33,4.030843475783794,0.3466115858413864,0.0,9.7,13.3,
Big Sean,Harder Than My Demons,2188896.0,0.0,2,4,2.6998556518358936,0.8263431949333553,1.0,0.0,35.6,0.0
Big Sean,Inspire Me,1250073.0,0.0,0,6,0.6013937808291566,0.6786009346258005,0.0,0.0,1.8,0.0
Big Sean,Intro,504902.0,0.0,1,3,0.4635441927466772,0.9095131517843013,0.0,0.0,14.7,0.0
Big Sean,Jump Out The Window,26037037.0,0.0,0,100,1.2531112177202288,0.0980187590372452,0.0,0.0,3.8,
Big Sean,Lithuania (feat. Travis Scott),4550150.0,0.0,0,7,0.7670469757728646,0.5004427746083581,0.0,0.0,2.3,0.0
Big Sean,Moves,147621020.0,0.0,0,230,2.3127580692348495,0.0958643427140178,0.0,0.0,6.9,
Big Sean,Overtime,764413.0,0.0,0,3,0.8395942475950428,0.2137130529819793,0.0,0.0,2.5,0.0
Big Sean,Owe Me,6786919.0,0.0,0,17,0.913427390021748,0.2835354854736444,0.0,0.0,2.7,
Big Sean,Single Again,3352533.0,0.0,0,12,1.022158475825803,0.4405382116607453,0.0,0.0,3.1,0.0
Big Sean,Voices In My Head/Stick To The Plan,4890773.0,0.0,0,12,0.9063443471339347,0.3466356025011078,0.0,0.0,2.7,0.0
Big Sean,Why Would I Stop?,444759.0,0.0,0,2,0.3571819061892645,1.041157873055122,0.0,0.0,1.1,0.0
Big Sean,Wolves (feat. Post Malone),37727372.0,0.0,0,43,1.0638859118571726,0.1670289181000998,0.0,0.0,3.2,
Big Sean,ZTFO,1310932.0,0.0,0,5,0.4968891292413329,0.8471451089675979,0.0,0.0,1.5,0.0
"Big Sean, Chance the Rapper, Jeremih",Living Single,4766706.0,0.0,0,25,1.1490638950921517,0.095147079179765,0.0,0.0,3.4,
"Big Sean, Eminem",No Favors,48029456.0,0.0,0,76,1.0867597812882228,0.146905972147493,0.0,0.0,3.3,
"Big Sean, Hit-Boy",Bezerk (feat. A$AP Ferg),12367695.0,2848518.0,2,25,1.9678287640651857,0.3508597891427565,0.0,23.0,9.1,
"Big Sean, Jeremih",Light,3474922.0,0.0,0,9,0.7564007395165131,0.496298045075135,0.0,0.0,2.3,0.0
"Big Sean, Migos",Sacrifices,12623113.0,0.0,0,32,1.075339791895711,0.1733468259005368,0.0,0.0,3.2,
"Big Sean, TWENTY88",Same Time Pt. 1,1396765.0,0.0,0,6,0.5426139743729017,0.709629482046476,0.0,0.0,1.6,0.0
"Big Sean, The Flint Chozen Choir, Starrah",Bigger Than Me,3158480.0,0.0,0,12,0.879210657974139,0.3514374407755719,0.0,0.0,2.6,0.0
"Big Sean, The-Dream",Sunday Morning Jetpack,1377878.0,0.0,0,6,0.5804447845131275,0.6692135918855532,0.0,0.0,1.7,0.0
Big Shaq,Man's Not Hot,8081573.0,0.0,0,14,3.7009803391150977,0.4208016800237568,0.0,0.0,11.1,
Bill Withers,Ain't No Sunshine,817681.0,0.0,0,1,0.710296689172031,0.250901284081976,0.0,0.0,2.1,0.0
Billie Eilish,8,45801670.0,0.0,0,45,1.107966934811928,0.2161494006437481,0.0,0.0,3.3,
Billie Eilish,COPYCAT,3577855.0,0.0,0,16,1.1144772713344215,0.0850910199297768,0.0,0.0,3.3,
Billie Eilish,Lost Cause,16866185.0,0.0,0,14,1.0508739176456083,0.0745607964238965,0.0,0.0,3.2,
Billie Eilish,NDA,19074566.0,0.0,0,6,0.8929601186152781,0.1754312339233014,0.0,0.0,2.7,0.0
Billie Eilish,No Time To Die,163650343.0,0.0,0,86,0.9998190681599026,0.0848598518875865,0.0,0.0,3.0,
Billie Eilish,Therefore I Am,54175515.0,0.0,0,17,1.062422455334125,0.0907225784298713,0.0,0.0,3.2,
Billie Eilish,WHEN I WAS OLDER - Music Inspired By The Film ROMA,7732509.0,0.0,0,15,1.4204695665508271,0.3838942544517495,0.0,0.0,4.3,
Billie Eilish,Your Power,3627495.0,0.0,0,5,1.002936445280166,0.0784940614070324,0.0,0.0,3.0,0.0
Billie Eilish,all the good girls go to hell,239781427.0,665628.0,1,216,3.0200319915427323,0.1388103280621862,0.0,0.3,9.2,
Billie Eilish,bad guy,1878188567.0,34257007.0,5,574,1.5611304949944993,0.0616340509404439,0.0,1.8,5.0,
Billie Eilish,bad guy (with Justin Bieber),150468858.0,0.0,0,88,1.0807149954056967,0.0880681129464585,0.0,0.0,3.2,
Billie Eilish,bellyache,235364926.0,0.0,0,255,2.4598791359785364,0.1661842090085158,0.0,0.0,7.4,
Billie Eilish,bitches broken hearts,7321216.0,0.0,0,31,3.6356109548427225,0.2253194233646842,0.0,0.0,10.9,
Billie Eilish,bury a friend,767738143.0,14218293.0,2,399,1.922176432124303,0.0842772033747937,0.0,1.9,6.0,
Billie Eilish,come out and play,62118869.0,0.0,0,56,2.0535896303408543,0.3360531952534483,0.0,0.0,6.2,
Billie Eilish,everything i wanted,813619512.0,47423620.0,8,328,1.518365009100239,0.0665980849816003,0.0,5.8,5.5,
Billie Eilish,goodbye,21146169.0,0.0,0,28,1.3533349384433158,0.3328778129220048,0.0,0.0,4.1,
Billie Eilish,i love you,274555269.0,1283340.0,1,312,2.807979975146007,0.2969962427943874,2.0,0.5,8.7,
Billie Eilish,idontwannabeyouanymore,376497728.0,1034856.0,1,405,2.6943143361698145,0.1298355154555763,2.0,0.3,8.3,
Billie Eilish,ilomilo,63308704.0,0.0,0,49,1.2941769839778228,0.1729676281452898,0.0,0.0,3.9,
Billie Eilish,listen before i go,61388610.0,0.0,0,58,1.288667826046051,0.2249285526702387,0.0,0.0,3.9,
Billie Eilish,lovely (with Khalid),1170405785.0,1026089.0,1,757,1.3317695666385112,0.061408699611938,0.0,0.1,4.0,
Billie Eilish,my boy,25829314.0,0.0,0,95,2.642445470342272,0.1912962324448772,0.0,0.0,7.9,
Billie Eilish,my future,87665430.0,0.0,0,49,1.0733015492622118,0.1098300684045662,0.0,0.0,3.2,
Billie Eilish,my strange addiction,142921354.0,0.0,0,115,2.9751184587181903,0.2225210346618577,2.0,0.0,9.4,
Billie Eilish,ocean eyes,514853645.0,746056.0,1,628,2.9726039709228087,0.1679196405132758,3.0,0.1,9.1,
Billie Eilish,when the party's over,1250989366.0,5197983.0,1,710,2.350383238520366,0.0704240443540119,0.0,0.4,7.1,
Billie Eilish,wish you were gay,441971186.0,6733640.0,1,279,2.778830404848601,0.1513922938965683,1.0,1.5,8.6,
Billie Eilish,xanny,131853605.0,0.0,0,102,2.97896126354772,0.1755905407357805,0.0,0.0,8.9,
Billie Eilish,you should see me in a crown,318766739.0,10488016.0,3,328,4.962637400039775,0.1883522677009288,0.0,3.3,15.3,
"Billie Eilish, Khalid",lovely,297155237.0,0.0,0,158,1.1492668615592343,0.0627196651813848,0.0,0.0,3.4,
Billy Currington,Do I Make You Wanna,12792959.0,0.0,0,65,1.2341497486249329,0.0735716338407844,0.0,0.0,3.7,
Bing Crosby,Do You Hear What I Hear?,27784256.0,231549.0,1,57,3.0563860600012447,0.3826593587763962,2.0,0.8,10.9,
Bing Crosby,God Rest Ye Merry Gentlemen,475497.0,0.0,0,1,1.158681474706632,0.2190028786584697,0.0,0.0,3.5,0.0
Bing Crosby,I'll Be Home For Christmas,788909.0,0.0,0,2,0.812710122111852,0.8135036768995509,0.0,0.0,2.4,0.0
Bing Crosby,It's Beginning To Look Like Christmas,7465046.0,0.0,4,6,1.9168537825805991,0.6811541216473963,0.0,0.0,32.4,0.0
Bing Crosby,The Little Drummer Boy,1858518.0,0.0,1,2,1.2418147336049974,0.5344955024637557,0.0,0.0,23.7,0.0
Bing Crosby,What Child Is This?/The Holly And The Ivy,743279.0,0.0,0,2,0.7887421274991755,0.8443965575973176,0.0,0.0,2.4,0.0
Bing Crosby,Winter Wonderland,28940837.0,223737.0,1,61,3.4197743010295047,0.4421157312026047,3.0,0.8,12.4,
"Bing Crosby, Ken Darby Singers, John Scott Trotter & His Orchestra",White Christmas,127729257.0,5879742.0,6,74,2.1488211869653253,0.3294159897608553,0.0,4.6,9.7,
"Bing Crosby, The Andrews Sisters",Mele Kalikimaka (Merry Christmas),12130592.0,0.0,0,20,3.4948329649322316,0.5946414330940931,1.0,0.0,12.0,
"Bing Crosby, The Andrews Sisters",Mele Kalikimaka - Single Version,234219.0,0.0,0,1,0.9105784931187312,0.0774530798377854,0.0,0.0,2.7,0.0
"Bizarrap, Eladio Carrion","Eladio Carrion: Bzrp Music Sessions, Vol. 40",1457074.0,0.0,0,2,0.950735276672068,0.0652010124914421,0.0,0.0,2.9,0.0
"Bizarrap, Nathy Peluso","Nathy Peluso: Bzrp Music Sessions, Vol. 36",11964470.0,0.0,0,12,1.200535310528923,0.0697729818034943,0.0,0.0,3.6,0.0
"Bizarrap, Nicki Nicole","Nicki Nicole: Bzrp Music Sessions, Vol. 13",13229616.0,0.0,0,18,1.1692888740817542,0.1036107972763838,0.0,0.0,3.5,
"Bizarrap, Nicky Jam","Nicky Jam: Bzrp Music Sessions, Vol. 41",31475753.0,0.0,0,14,1.0161070022113816,0.1103747446178334,0.0,0.0,3.0,
"Black Eyed Peas, J Balvin",RITMO (Bad Boys For Life),590827948.0,0.0,0,307,1.5393323350132706,0.0730679950746449,0.0,0.0,4.6,
"Black Eyed Peas, Ozuna, J. Rey Soul",MAMACITA,237084345.0,0.0,0,144,1.2528153715839965,0.0810613703714485,0.0,0.0,3.8,
"Black Eyed Peas, Shakira",GIRL LIKE ME,9825025.0,0.0,0,8,1.208587326532388,0.0874293235982968,0.0,0.0,3.6,0.0
Blake Shelton,God's Country,34962785.0,946193.0,4,123,3.843151258539406,0.138176887875932,0.0,2.7,12.8,
Blake Shelton,Nobody But You (Duet with Gwen Stefani),408537.0,0.0,0,2,0.994177004765568,0.0639431963000625,0.0,0.0,3.0,0.0
Blanco Brown,The Git Up,143971670.0,1210805.0,2,120,4.043700596105758,0.1338632847748336,0.0,0.8,12.8,
BlocBoy JB,Look Alive (feat. Drake),858217397.0,0.0,0,493,1.6889531261862114,0.0812381172792693,0.0,0.0,5.1,
"BlocBoy JB, 21 Savage",Rover 2.0,6186258.0,0.0,0,26,1.0368897285472805,0.0935078663726729,0.0,0.0,3.1,
"Blue Ivy, SAINt JHN, Beyoncé, WizKid",BROWN SKIN GIRL,12485835.0,0.0,0,12,0.9502390887181172,0.1426874728276599,0.0,0.0,2.9,0.0
Blue Öyster Cult,(Don't Fear) The Reaper,292451.0,0.0,0,1,0.4503107279677755,0.8053632547279884,0.0,0.0,1.4,0.0
Blueface,Bleed It,23336597.0,0.0,0,78,1.1920203690447684,0.0583689430315155,0.0,0.0,3.6,
Blueface,Bussin (feat. Lil Pump),430608.0,0.0,0,2,0.9102588426240724,0.0933200953870105,0.0,0.0,2.7,0.0
Blueface,Daddy (feat. Rich The Kid),30321357.0,0.0,0,99,2.1844881133598277,0.0901832306503287,0.0,0.0,6.6,
Blueface,Thotiana,242347693.0,233728.0,1,174,3.8419266742279614,0.1285377968931338,0.0,0.1,11.8,
Blueface,"Thotiana (feat. Cardi B, YG) [Remix]",19524771.0,0.0,1,26,2.912593495409065,0.2766579888056487,0.0,0.0,10.3,
"Blueface, Og Bobby Billions",Outside (Better Days),2763919.0,0.0,0,12,1.0973001345415232,0.0719526380846877,0.0,0.0,3.3,0.0
Bo Burnham,All Eyes On Me,12184158.0,0.0,0,14,1.2099546911525243,0.2749433941009382,0.0,0.0,3.6,
Bo Burnham,Bezos I,8164010.0,0.0,0,14,2.606295738698678,0.2564563741767968,0.0,0.0,7.8,
Bo Burnham,Goodbye,631544.0,0.0,0,3,0.9461057534884184,0.0695101790779473,0.0,0.0,2.8,0.0
Bo Burnham,Look Who’s Inside Again,2963734.0,0.0,0,13,1.0142135000675736,0.073788515196313,0.0,0.0,3.0,0.0
Bo Burnham,Shit,1907293.0,0.0,0,9,0.9900486272631138,0.0548677117370217,0.0,0.0,3.0,0.0
Bo Burnham,Welcome to the Internet,4645194.0,0.0,0,14,1.0359431338034164,0.0594661074169977,0.0,0.0,3.1,
"Bobby ""Boris"" Pickett, The Crypt-Kickers",Monster Mash,621311.0,0.0,4,4,1.0446035328863883,2.2299137553824364,0.0,0.0,43.1,0.0
Bobby Helms,Jingle Bell Rock,232401341.0,10954839.0,5,102,4.953624310361938,0.4458009874245326,2.0,4.7,17.4,
Boef,Habiba,1505096.0,0.0,0,3,1.0234715031584567,0.0366405283181399,0.0,0.0,3.1,0.0
Bomba Estéreo,To My Love - Tainy Remix,32031976.0,0.0,0,53,3.3268467715132415,0.1443515372816927,0.0,0.0,10.0,
Bon Iver,"Hey, Ma",211221.0,0.0,1,2,0.760466171260693,0.4875590550048408,0.0,0.0,22.3,0.0
Boney M.,Mary's Boy Child / Oh My Lord,3025685.0,0.0,0,2,1.2294070728624995,0.1892990364618955,0.0,0.0,3.7,0.0
Bonez MC,Angeklagt,691780.0,0.0,0,1,0.9971800045069956,0.0767027416458051,0.0,0.0,3.0,0.0
Bonez MC,Big Body Benz,5020548.0,0.0,0,6,0.8977826143611538,0.2065377327700846,0.0,0.0,2.7,0.0
Bonez MC,Fuckst mich nur ab,7108658.0,0.0,0,9,1.1689353366269728,0.1585957634615077,0.0,0.0,3.5,0.0
Bonez MC,Roadrunner,5794668.0,0.0,0,7,1.006723139261376,0.1193542756882315,0.0,0.0,3.0,0.0
Bonez MC,Shotz Fired,1903922.0,0.0,0,3,0.8320542938157942,0.1811120551587079,0.0,0.0,2.5,0.0
Bonez MC,Tilidin Weg,3762359.0,0.0,0,5,1.028261716523458,0.0869168281864727,0.0,0.0,3.1,0.0
"Bonez MC, Maxwell",Ihr Hobby,666966.0,0.0,0,1,0.8079582085429885,0.2365170775651836,0.0,0.0,2.4,0.0
"Bonez MC, RAF Camora",500 PS,20535244.0,0.0,0,32,1.5128528115132096,0.1182220788361069,0.0,0.0,4.5,
"Bonez MC, RAF Camora",Nummer unterdrückt,581256.0,0.0,0,1,0.7806687155977678,0.3003636525044265,0.0,0.0,2.3,0.0
"Bonez MC, RAF Camora",Risiko,2343699.0,0.0,0,4,0.8927727970935794,0.211702208580597,0.0,0.0,2.7,0.0
"Bonez MC, RAF Camora, Gzuz",Kokain,12427487.0,0.0,0,18,1.4331193868237802,0.1620709796980639,0.0,0.0,4.3,
"Boomdabash, Alessandra Amoroso",Karaoke,3164898.0,0.0,0,5,1.0903280172279268,0.0623732708531282,0.0,0.0,3.3,0.0
Bosh,Djomb - Bien ou quoi,12653704.0,0.0,0,17,1.1588742869579125,0.0849840885059365,0.0,0.0,3.5,
Boza,Hecha Pa' Mi,26753559.0,0.0,0,17,1.3845921743627012,0.1202258037883616,0.0,0.0,4.2,
Brantley Gilbert,The Weekend,1022582.0,0.0,0,6,1.0232655230439855,0.0143070121532174,0.0,0.0,3.1,0.0
Brenda Lee,Rockin' Around The Christmas Tree,215173750.0,10224497.0,7,90,5.024711991480756,0.4322825261145558,1.0,4.8,18.5,
Brenda Lee,Rockin' Around The Christmas Tree - Single Version,18383167.0,748278.0,3,18,2.64730199559048,0.5154753304233891,0.0,4.1,14.6,
Brent Faiyaz,Dead Man Walking,2239663.0,0.0,0,7,1.1148181072210066,0.0698118012754144,0.0,0.0,3.3,0.0
Brent Faiyaz,Trust,15520983.0,1048226.0,1,54,2.6235258363009684,0.1534179326477953,1.0,6.8,9.2,
Brent Faiyaz,Wasting Time ( feat. Drake ),8478449.0,0.0,0,12,0.8199840910157646,0.5168931781662569,0.0,0.0,2.5,0.0
Brett Eldredge,"Baby, It's Cold Outside (feat. Meghan Trainor)",58206747.0,3800932.0,3,56,3.170238468864743,0.4102906853921302,0.0,6.5,11.7,
Brett Eldredge,Somethin' I'm Good At,481295.0,0.0,0,3,0.9879848567103284,0.0935759243759657,0.0,0.0,3.0,0.0
Brett Eldredge,The Long Way,388083.0,0.0,0,2,1.0204151495347462,0.0387081050510873,0.0,0.0,3.1,0.0
Brett Eldredge,Wanna Be That Song,484394.0,0.0,0,3,0.961844104582317,0.0422268971147358,0.0,0.0,2.9,0.0
Brett Young,In Case You Didn't Know,37556815.0,0.0,0,181,1.162025830956502,0.0691429662037449,0.0,0.0,3.5,
Brett Young,Like I Loved You,800004.0,0.0,0,4,1.0596597691235474,0.0633915208075596,0.0,0.0,3.2,0.0
Brett Young,Mercy,2373697.0,0.0,0,11,1.1262090126704931,0.0463783045883412,0.0,0.0,3.4,0.0
Bring Me The Horizon,Parasite Eve,639818.0,0.0,0,1,0.7392099525962315,0.3931221965959979,0.0,0.0,2.2,0.0
Britney Spears,My Only Wish (This Year),48115325.0,0.0,0,42,2.271802002116501,0.3120533380164025,0.0,0.0,6.8,
Bruce Springsteen,Born in the U.S.A.,2439762.0,0.0,0,4,2.4839461116354684,0.5670325356297913,1.0,0.0,15.0,0.0
Bruce Springsteen,"Santa Claus Is Comin' to Town - Live at C.W. Post College, Greenvale, NY - December 1975",31931034.0,0.0,0,25,2.2128493399669167,0.4957508838398921,0.0,0.0,6.6,
Bruno Mars,24K Magic,335027056.0,0.0,0,252,1.6571253105957575,0.0670254084343333,0.0,0.0,5.0,
Bruno Mars,Finesse - Remix; feat. Cardi B,275537322.0,8277037.0,2,163,3.5049072613497123,0.0949281806359235,0.0,3.0,11.0,
Bruno Mars,Just the Way You Are,4241392.0,0.0,0,6,0.99888628274215,0.0722998521962944,0.0,0.0,3.0,0.0
Bruno Mars,Talking to the Moon,17529372.0,0.0,0,14,1.0242884434431727,0.0419646320039146,0.0,0.0,3.1,
Bruno Mars,That's What I Like,759853203.0,3131451.0,1,391,2.1000684905664,0.0848680265536006,0.0,0.4,6.4,
Bruno Mars,Versace on the Floor,90294344.0,0.0,0,145,1.3156818547401536,0.0725741847731422,0.0,0.0,3.9,
"Bruno Mars, Anderson .Paak, Silk Sonic",Leave The Door Open,40905694.0,0.0,0,14,1.0445101192201214,0.0427679190396355,0.0,0.0,3.1,
Bryant Myers,Tanta Falta,9985215.0,0.0,0,17,1.1020728039669812,0.0886524662099636,0.0,0.0,3.3,
"Bryant Myers, Anuel AA",Gan-Ga - Remix,1949795.0,0.0,0,3,1.0233331227234264,0.0867531771624209,0.0,0.0,3.1,0.0
Bryce Vine,Drew Barrymore,69324946.0,0.0,0,104,3.474190848765006,0.1740104936591011,0.0,0.0,10.4,
Bryce Vine,La La Land (feat. YG),24436666.0,0.0,0,88,3.5840393641121633,0.1187445725450977,0.0,0.0,10.8,
Bryson Tiller,Always Forever,459523.0,0.0,0,2,0.3028822994604313,1.117568741449511,0.0,0.0,0.9,0.0
Bryson Tiller,Blowing Smoke,344442.0,0.0,0,2,0.3839119723462286,0.9648035527657404,0.0,0.0,1.2,0.0
Bryson Tiller,Don't,59054124.0,0.0,0,283,1.3115698582609536,0.062132857714942,0.0,0.0,3.9,
Bryson Tiller,Don't Get Too High,1428869.0,0.0,0,4,0.7469898671247244,0.5238318388468223,0.0,0.0,2.2,0.0
Bryson Tiller,Exchange,54487917.0,0.0,0,268,1.2993852400542585,0.0524476824865976,0.0,0.0,3.9,
Bryson Tiller,Get Mine (feat. Young Thug),990198.0,0.0,0,5,0.9543966249034638,0.2075842114538611,0.0,0.0,2.9,0.0
Bryson Tiller,High Stakes,168950.0,0.0,0,1,0.6556946534074518,0.3506240941019561,0.0,0.0,2.0,0.0
Bryson Tiller,I'm Ready For You,200133.0,0.0,1,1,0.2763271803949129,1.0972297788640353,0.0,0.0,40.8,0.0
Bryson Tiller,In Check,165054.0,0.0,0,1,0.3777645031275534,0.9063031956907104,0.0,0.0,1.1,0.0
Bryson Tiller,Inhale,573179.0,0.0,0,2,0.4769752854107641,0.908363653291446,0.0,0.0,1.4,0.0
Bryson Tiller,Let Me Explain,4982195.0,0.0,0,27,1.1187351173900342,0.0813502015147559,0.0,0.0,3.4,
Bryson Tiller,No Longer Friends,595427.0,0.0,0,3,0.3265821798152529,0.7985652027795078,0.0,0.0,1.0,0.0
Bryson Tiller,Outta Time (feat. Drake),7246706.0,0.0,0,9,0.7026310293434765,0.4931517408991808,0.0,0.0,2.1,0.0
Bryson Tiller,Run Me Dry,20826332.0,0.0,0,89,1.13534335324173,0.0980933186728168,0.0,0.0,3.4,
Bryson Tiller,Self-Made,1897388.0,0.0,1,7,0.7055844765593667,0.6698060957143915,0.0,0.0,7.8,0.0
Bryson Tiller,Somethin Tells Me,3222857.0,0.0,0,12,3.0937250154924016,0.8104968275640275,1.0,0.0,11.8,0.0
Bryson Tiller,Sorrows,213616.0,0.0,0,1,0.3276221870721624,1.0192371514229386,0.0,0.0,1.0,0.0
Bryson Tiller,Stay Blessed,1237493.0,0.0,0,6,0.5584699526337797,0.7296463665797015,0.0,0.0,1.7,0.0
Bryson Tiller,Things Change,207717.0,0.0,0,1,0.2929839128276111,1.069219119242879,0.0,0.0,0.9,0.0
Bryson Tiller,We Both Know,171267.0,0.0,0,1,0.3610696298024521,0.935470321914339,0.0,0.0,1.1,0.0
Bryson Tiller,Years Go By,454938.0,0.0,1,2,0.2865960420172545,1.1625147085547929,0.0,0.0,20.9,0.0
Bryson Tiller,You Got It,172028.0,0.0,0,1,0.3762938464096035,0.9126954297103976,0.0,0.0,1.1,0.0
"Brytiago, Daddy Yankee, Ozuna, Darell, Anuel AA",Asesina - Remix,89813904.0,0.0,0,122,1.2509838933127593,0.0679209510465946,0.0,0.0,3.8,
"Brytiago, Darell",Asesina,111239674.0,0.0,0,121,1.1643187352603972,0.0645586808816091,0.0,0.0,3.5,
"Brytiago, Darell, Arevi",Asesina,5736798.0,0.0,0,8,1.0697370714718972,0.083418478695076,0.0,0.0,3.2,0.0
"Burak Yeter, Danelle Sandoval",Tuesday,154256839.0,0.0,0,192,1.250661985262021,0.0851977820611317,0.0,0.0,3.8,
Burl Ives,A Holly Jolly Christmas - Single Version,124844359.0,233255.0,1,77,2.7807222234473006,0.3364762750245501,0.0,0.2,8.9,
Burl Ives,Rudolph The Red-Nosed Reindeer,9509855.0,2635164.0,3,19,3.278941875128768,0.6941649293227599,2.0,27.7,19.3,
"Burna Boy, Stormzy",Own It (feat. Ed Sheeran & Burna Boy),88174359.0,0.0,0,82,1.2101847530467182,0.0916078464447008,0.0,0.0,3.6,
Bushido,Für Euch alle (feat. Samra & Capital Bra),4869532.0,0.0,0,7,0.9840646355092244,0.1083766084980096,0.0,0.0,3.0,0.0
"Bushido, Animus",Ronin,1993197.0,0.0,0,3,0.8110303553304031,0.3505780498166411,0.0,0.0,2.4,0.0
BØRNS,Electric Love,108135687.0,0.0,0,120,2.89258909549642,0.1534331417438083,0.0,0.0,8.7,
"C. Tangana, Niño de Elche, La Húngara",Tú Me Dejaste De Querer,19662565.0,0.0,0,21,1.0232943327948474,0.129177071018884,0.0,0.0,3.1,
"C. Tangana, Paloma Mami",No Te Debí Besar,13081920.0,0.0,0,20,1.0725382994254955,0.0886384133829704,0.0,0.0,3.2,
CJ,Whoopty,69815423.0,0.0,0,35,1.8163751018257743,0.2186809534596896,0.0,0.0,5.4,
CNCO,Mamita,7622741.0,527645.0,1,14,3.008092538274941,0.3933431880244895,0.0,6.9,11.9,
CNCO,Reggaetón Lento (Bailemos),216232032.0,0.0,0,237,1.128377448223624,0.0603281803928448,0.0,0.0,3.4,
"CNCO, Little Mix",Reggaetón Lento (Remix),10172281.0,0.0,0,12,1.3138254730676495,0.2466214668344507,0.0,0.0,3.9,0.0
"CNCO, Yandel",Hey DJ,124573585.0,0.0,0,127,1.2710489939566938,0.069363956153642,0.0,0.0,3.8,
"CORPSE, Savage Ga$p",E-GIRLS ARE RUINING MY LIFE!,19868671.0,772998.0,1,31,2.666079833303718,0.484062950403398,0.0,3.9,9.3,
Cage The Elephant,Cigarette Daydreams,3376688.0,0.0,0,14,1.05437526811818,0.0461151940348711,0.0,0.0,3.2,
Calboy,Envy Me,258347068.0,417141.0,2,439,3.505556757702996,0.0740325832277789,0.0,0.2,10.7,
"Cali Y El Dandee, Danna Paola",Nada,3575842.0,0.0,0,5,1.0699445390914382,0.0512255151400239,0.0,0.0,3.2,0.0
"Cali Y El Dandee, Shaggy",Lumbra,38531514.0,0.0,0,83,1.1370840390092845,0.0639514879585244,0.0,0.0,3.4,
Calum Scott,Dancing On My Own,24364982.0,0.0,0,49,1.1070986645421448,0.0451322937344251,0.0,0.0,3.3,
Calum Scott,You Are The Reason,16802470.0,0.0,0,27,3.636450456332131,0.2615693911226038,0.0,0.0,10.9,
Calvin Harris,By Your Side (feat. Tom Grennan),13349191.0,0.0,0,14,1.1140763667562803,0.0803553849167607,0.0,0.0,3.3,
Calvin Harris,Giant (with Rag'n'Bone Man),290038027.0,0.0,0,206,1.1696734191685023,0.0772002214621393,0.0,0.0,3.5,
Calvin Harris,"Heatstroke (feat. Young Thug, Pharrell Williams & Ariana Grande)",4518077.0,0.0,0,8,1.0162662418629285,0.2120632372784543,0.0,0.0,3.0,0.0
Calvin Harris,My Way,143105948.0,0.0,0,163,1.1416194453535018,0.0707243017904666,0.0,0.0,3.4,
Calvin Harris,Nuh Ready Nuh Ready (feat. PARTYNEXTDOOR),4195832.0,0.0,0,6,0.8293794130065615,0.3581667718298367,0.0,0.0,2.5,0.0
Calvin Harris,One Kiss (with Dua Lipa),927478861.0,9808246.0,2,507,2.048766752098446,0.0775939031439045,0.0,1.1,6.3,
Calvin Harris,Over Now (with The Weeknd),23867870.0,0.0,0,16,1.123066723584808,0.1278207141275786,0.0,0.0,3.4,
Calvin Harris,Rollin (feat. Future & Khalid),38028520.0,0.0,0,19,1.1840456765836898,0.0981826736100498,0.0,0.0,3.6,
Calvin Harris,Slide (feat. Frank Ocean & Migos),81165018.0,0.0,0,30,1.0944952080944088,0.0583229091789547,0.0,0.0,3.3,
Calvin Harris,This Is What You Came For (feat. Rihanna),119542713.0,0.0,0,194,1.1195352654956838,0.0668051102311763,0.0,0.0,3.4,
"Calvin Harris, Funk Wav",Faking It (feat. Kehlani & Lil Yachty),2128054.0,0.0,0,6,0.7628763492961423,0.5421205478472381,0.0,0.0,2.3,0.0
"Calvin Harris, Funk Wav","Feels (feat. Pharrell Williams, Katy Perry & Big Sean)",298675682.0,6232279.0,5,111,1.401636910319367,0.10486786120609,0.0,2.1,6.0,
"Calvin Harris, Funk Wav","Heatstroke (feat. Young Thug, Pharrell Williams & Ariana Grande)",35984057.0,0.0,0,36,1.2772316705354747,0.1289793231692536,0.0,0.0,3.8,
"Calvin Harris, Funk Wav","Holiday (feat. Snoop Dogg, John Legend & Takeoff)",152125.0,0.0,0,1,0.2435366402909792,0.6790807020970643,0.0,0.0,0.7,0.0
"Calvin Harris, Funk Wav",Prayers Up (feat. Travis Scott & A-Trak),3834763.0,0.0,1,6,0.7925321214469534,0.3679180220546816,0.0,0.0,9.0,0.0
"Calvin Harris, Funk Wav",Rollin (feat. Future & Khalid),127492038.0,0.0,0,86,1.5100110098762922,0.0691725246610203,0.0,0.0,4.5,
"Calvin Harris, Funk Wav",Skrt On Me (feat. Nicki Minaj),1038534.0,0.0,0,2,0.6881801968251428,0.3553762817055754,0.0,0.0,2.1,0.0
"Calvin Harris, Funk Wav",Slide (feat. Frank Ocean & Migos),391526527.0,0.0,0,152,1.455149546161998,0.0655541769238494,0.0,0.0,4.4,
"Calvin Harris, Jessie Reyez",Promises (with Sam Smith),554553471.0,0.0,0,361,1.6460858834846326,0.0791160721282612,0.0,0.0,4.9,
"Calvin Harris, Shelley FKA DRAM, Funk Wav","Cash Out (feat. ScHoolboy Q, PARTYNEXTDOOR & D.R.A.M.)",3451414.0,0.0,0,5,0.7330980760465726,0.3564664435575032,0.0,0.0,2.2,0.0
Camila Cabello,Consequences - orchestra,22022200.0,0.0,0,24,1.2090732304213845,0.1154184339646678,0.0,0.0,3.6,
Camila Cabello,Cry for Me,14823932.0,0.0,0,12,0.9865257850741118,0.1469634872740984,0.0,0.0,3.0,0.0
Camila Cabello,Crying in the Club,175517851.0,0.0,0,100,1.149262116526449,0.0717986520649892,0.0,0.0,3.4,
Camila Cabello,Easy,39764170.0,0.0,0,33,1.1881857058468126,0.1221129084078317,0.0,0.0,3.6,
Camila Cabello,Havana (feat. Young Thug),772441609.0,0.0,0,610,1.5689119612790177,0.0578457966409874,0.0,0.0,4.7,
Camila Cabello,I Have Questions,1363987.0,0.0,0,2,1.51741006242048,0.4454200884739426,0.0,0.0,4.6,0.0
Camila Cabello,Liar,261635416.0,0.0,0,150,1.158573877414398,0.0867931272973863,0.0,0.0,3.5,
Camila Cabello,Living Proof,14156306.0,0.0,0,15,1.3654711311058556,0.1846732337130457,0.0,0.0,4.1,
Camila Cabello,My Oh My (feat. DaBaby),383059521.0,0.0,0,189,1.2835740526548658,0.0756371343800891,0.0,0.0,3.9,
Camila Cabello,Never Be the Same,321185645.0,0.0,0,205,3.4666921868805924,0.0944520887694883,0.0,0.0,10.4,
Camila Cabello,Never Be the Same (feat. Kane Brown),0.0,0.0,0,1,0.0,0.8842484922049219,0.0,0.0,0.0,0.0
Camila Cabello,OMG (feat. Quavo),26917584.0,0.0,0,26,1.1816811350381782,0.1099106654632572,0.0,0.0,3.5,
Camila Cabello,Real Friends,12706495.0,0.0,0,21,2.9552891125965406,0.3419716655696887,0.0,0.0,8.9,
Camila Cabello,Shameless,35447880.0,0.0,0,28,1.0384990195541397,0.1153141855426723,0.0,0.0,3.1,
Camila Cabello,She Loves Control,59540537.0,1145916.0,1,50,2.9227008343469993,0.1573818968472381,0.0,1.9,9.6,
"Camila Cabello, Daddy Yankee",Havana - Remix,24746147.0,0.0,0,39,3.607784215526739,0.1982241380683013,0.0,0.0,10.8,
"Camila Cabello, Young Thug",Havana,54525634.0,0.0,0,26,1.4123787880144971,0.1454809242692736,0.0,0.0,4.2,
Camilo,El Mismo Aire - con Pablo Alborán,44262571.0,0.0,0,60,1.1777787492998055,0.0560716152294256,0.0,0.0,3.5,
Camilo,Favorito,198096728.0,0.0,0,165,1.4005772685343243,0.0643654534339077,0.0,0.0,4.2,
Camilo,Vida de Rico,62424827.0,0.0,0,38,1.1743426151552114,0.0716268667834585,0.0,0.0,3.5,
"Camilo, El Alfa",BEBÉ,17080224.0,0.0,0,13,1.436091100659678,0.1186318462829515,0.0,0.0,4.3,0.0
"Camilo, Evaluna Montaner",Por Primera Vez,17306670.0,0.0,0,24,1.372499354473804,0.0821489131181878,0.0,0.0,4.1,
"Camilo, Pedro Capó",Tutu,254216836.0,0.0,0,214,1.210495348175596,0.0640307287088275,0.0,0.0,3.6,
Capital Bra,Benzema,15211324.0,0.0,0,21,1.1632996378696554,0.0936573847578372,0.0,0.0,3.5,
Capital Bra,Berlin lebt,4530533.0,0.0,0,7,1.0106146451201217,0.0977081338943446,0.0,0.0,3.0,0.0
Capital Bra,Capital Bra je m'appelle,648468.0,0.0,0,1,0.9278023948069116,0.106428123109746,0.0,0.0,2.8,0.0
Capital Bra,Cherry Lady,22354469.0,0.0,2,25,1.0686876789682114,0.1640375348472963,0.0,0.0,6.4,
Capital Bra,Der Bratan bleibt der gleiche,4440348.0,0.0,0,5,0.8766621350927417,0.2382767859865623,0.0,0.0,2.6,0.0
Capital Bra,Komm Komm,2044862.0,0.0,0,3,0.8711710972622007,0.2502956044322024,0.0,0.0,2.6,0.0
Capital Bra,Melodien (feat. Juju),18981460.0,0.0,0,27,1.0593526114889116,0.0900886653043748,0.0,0.0,3.2,
Capital Bra,One Night Stand,7451107.0,0.0,0,11,1.0409133985136907,0.0910952250877009,0.0,0.0,3.1,0.0
Capital Bra,Prinzessa,13901877.0,0.0,0,19,1.2159223600889435,0.1390714083600938,0.0,0.0,3.6,
Capital Bra,Roli Glitzer Glitzer (feat. Luciano & Eno),1056486.0,0.0,0,2,0.8611385565463219,0.2710617753313676,0.0,0.0,2.6,0.0
"Capital Bra, Bozza",Ich weiß nicht mal wie sie heißt,4429354.0,0.0,0,6,0.8932259431682158,0.1799861703765689,0.0,0.0,2.7,0.0
"Capital Bra, Loredana",Nicht verdient,9655104.0,0.0,0,11,0.919228300955782,0.1946681757448643,0.0,0.0,2.8,0.0
"Capital Bra, Samra",Berlin lebt wie nie zuvor,2581938.0,0.0,0,4,0.8579026655437911,0.2817215670005918,0.0,0.0,2.6,0.0
"Capital Bra, Samra",Nummer 1,3450772.0,0.0,0,5,0.8377091932232842,0.2787214228370825,0.0,0.0,2.5,0.0
"Capital Bra, Samra",Tilidin,25042862.0,0.0,0,25,1.044007358143484,0.1259733717771808,0.0,0.0,3.1,
"Capital Bra, Samra",Wir ticken,11498870.0,0.0,0,13,1.0761570657461668,0.1361223900763514,0.0,0.0,3.2,0.0
"Capital Bra, Samra, LEA",110,44602273.0,0.0,0,45,1.0949777324136636,0.0892208922448481,0.0,0.0,3.3,
"Capital Bra, Summer Cem, KC Rebell",Rolex,8564038.0,0.0,0,11,0.890342910634664,0.1892936970256023,0.0,0.0,2.7,0.0
"Capital Bra, Ufo361",Neymar,9482307.0,0.0,0,14,1.133174829788002,0.0916728603187209,0.0,0.0,3.4,
Capo Plaza,Tesla (feat. Sfera Ebbasta & DrefGold),1151436.0,0.0,0,3,0.9508280829164564,0.2313051408119514,0.0,0.0,2.9,0.0
Cardi B,Bartier Cardi (feat. 21 Savage),157723690.0,0.0,0,179,3.5576444615761993,0.107104235130665,0.0,0.0,10.7,
Cardi B,Be Careful,143517200.0,0.0,0,133,1.5606003497991143,0.0950286298674572,0.0,0.0,4.7,
Cardi B,Best Life (feat. Chance The Rapper),22528784.0,0.0,0,33,1.0640089180184886,0.1788457565845419,0.0,0.0,3.2,
Cardi B,Bickenhead,19623595.0,0.0,0,24,1.0089841388684542,0.2153341282582624,0.0,0.0,3.0,
Cardi B,Bodak Yellow,253291886.0,1435046.0,1,334,3.6011115777028953,0.1309196712421292,1.0,0.6,11.0,
Cardi B,Drip (feat. Migos),58207295.0,2697691.0,1,73,2.0360556978100965,0.1513972614071537,0.0,4.6,6.7,
Cardi B,Get Up 10,15748959.0,0.0,0,19,0.987799931646226,0.2915395998389827,0.0,0.0,3.0,
Cardi B,I Do (feat. SZA),49487978.0,0.0,0,71,1.080281377284723,0.1158737801207215,0.0,0.0,3.2,
Cardi B,Money,297594215.0,3087385.0,1,271,1.7227795230192144,0.0847374524555774,0.0,1.0,5.3,
Cardi B,Money Bag,12228364.0,0.0,0,21,1.0472295842190469,0.227893604186769,0.0,0.0,3.1,
Cardi B,Press,30706006.0,0.0,0,48,1.2219383540391442,0.1811145507648001,0.0,0.0,3.7,
Cardi B,Ring (feat. Kehlani),32295107.0,0.0,0,68,1.150117972856296,0.119288638896787,0.0,0.0,3.5,
Cardi B,Thru Your Phone,14326705.0,0.0,0,26,1.096273468161688,0.2168445030719074,0.0,0.0,3.3,
Cardi B,Up,20076048.0,0.0,0,14,1.0540242126695816,0.0498224882519106,0.0,0.0,3.2,
Cardi B,WAP (feat. Megan Thee Stallion),423846049.0,73916786.0,9,87,1.2128875980195144,0.1080671357741982,0.0,17.4,7.8,
"Cardi B, Bad Bunny, J Balvin",I Like It,1232275313.0,2093453.0,2,544,3.400843746425065,0.0931043196259284,1.0,0.2,10.4,
"Cardi B, Bruno Mars",Please Me,191282642.0,0.0,0,129,1.4156026825250374,0.1100497721977258,0.0,0.0,4.2,
"Cardi B, YG",She Bad,10917028.0,0.0,0,21,1.0046732800381557,0.2254319670504265,0.0,0.0,3.0,
"Carlos Vives, Sebastian Yatra",Robarte un Beso,59380080.0,0.0,0,86,3.590875134376765,0.1780618216570607,0.0,0.0,10.8,
"Carlos Vives, Shakira",La Bicicleta,77558823.0,0.0,0,143,1.151799302406891,0.0612804858411392,0.0,0.0,3.5,
"Carly Pearce, Lee Brice",I Hope You’re Happy Now,8552909.0,0.0,0,39,2.092633163346577,0.1452503087072246,0.0,0.0,6.3,
"Carnage, Lil Pump",i Shyne,210521.0,0.0,0,1,3.3650132897344793,1.7096024305812847,0.0,0.0,10.1,0.0
Carpenters,Silent Night,816481.0,0.0,0,2,0.7720512090504363,0.8414439132818323,0.0,0.0,2.3,0.0
Carpenters,Sleigh Ride,8901333.0,749907.0,2,15,3.232748394768838,0.8834420912967594,2.0,8.4,19.0,
Cash Cash,All My Love (feat. Conor Maynard),31585183.0,0.0,0,41,1.4616283290898786,0.1324968503253035,0.0,0.0,4.4,
Cash Cash,Finest Hour (feat. Abir),820556.0,0.0,0,4,3.08755704907046,1.1538636144730243,0.0,0.0,9.3,0.0
Cashmere Cat,Miss You (with Major Lazer & Tory Lanez),47030245.0,0.0,0,48,3.410067094613453,0.1867914842256971,0.0,0.0,10.2,
Cashmere Cat,Quit (feat. Ariana Grande),56674438.0,0.0,0,58,1.4285143656146706,0.1271883391335614,0.0,0.0,4.3,
Cashmere Cat,Trust Nobody (feat. Selena Gomez & Tory Lanez),29485214.0,0.0,0,33,1.1028451135111834,0.0671842533463432,0.0,0.0,3.3,
"Cauty, Brytiago, Darell, Cosculluela, Rafa Pabön, Chencho Corleone",Ta To Gucci (Remix),9001367.0,0.0,0,14,3.232150046386249,0.4112521246021841,0.0,0.0,9.7,
Chad Focus,Get to the Money,555031.0,0.0,0,3,1.047641266269562,0.0782603113579478,0.0,0.0,3.1,0.0
Chance the Rapper,65th & Ingleside,5474764.0,0.0,1,9,0.9205878052882952,0.4465586866838639,0.0,0.0,7.2,0.0
Chance the Rapper,All Night (feat. Knox Fortune),51998595.0,0.0,0,108,2.6502186904887437,0.11765677076764,0.0,0.0,8.0,
Chance the Rapper,All We Got (feat. Kanye West & Chicago Children's Choir),5734749.0,0.0,0,30,1.0634518186816464,0.1836684594657575,0.0,0.0,3.2,
Chance the Rapper,Angels (feat. Saba),2923076.0,0.0,0,16,1.024832546392885,0.1009537100142184,0.0,0.0,3.1,
Chance the Rapper,Blessings (feat. Jamila Woods),362019.0,0.0,0,2,0.9448069696775688,0.0740414481819215,0.0,0.0,2.8,0.0
Chance the Rapper,I Might Need Security,20722536.0,321446.0,1,30,1.000753869501637,0.2187143412298982,0.0,1.6,4.3,
Chance the Rapper,Juke Jam (feat. Justin Bieber & Towkio),16033417.0,0.0,0,79,3.3007962038973253,0.1481276894433892,0.0,0.0,9.9,
Chance the Rapper,Mixtape (feat. Young Thug & Lil Yachty),169587.0,0.0,0,1,0.965433026488822,0.0313783836850665,0.0,0.0,2.9,0.0
Chance the Rapper,No Problem (feat. Lil Wayne & 2 Chainz),140550200.0,3213284.0,2,239,1.7562032802735543,0.0927684459302819,0.0,2.3,5.6,
Chance the Rapper,Same Drugs,13792049.0,915187.0,1,45,2.4257340321907326,0.2448201803456244,0.0,6.6,8.2,
Chance the Rapper,Smoke Break (feat. Future),3904612.0,0.0,0,22,1.100427445621578,0.0685015347233165,0.0,0.0,3.3,
Chance the Rapper,Sun Come Down,455842.0,0.0,0,2,0.891435490578653,0.246140243561561,0.0,0.0,2.7,0.0
Chance the Rapper,We Go High,1277988.0,0.0,0,4,0.5487979599576719,0.7712447669030185,0.0,0.0,1.6,0.0
Chance the Rapper,Work Out,2273269.0,0.0,1,7,0.801467214091256,0.650687726460399,0.0,0.0,8.1,0.0
"Chance the Rapper, Calboy",Get A Bag,469138.0,0.0,0,2,0.863594416836533,0.2502716487960968,0.0,0.0,2.6,0.0
"Chance the Rapper, Childish Gambino",Favorite Song,194184.0,0.0,0,1,0.7001465068512084,0.2852908105720239,0.0,0.0,2.1,0.0
"Chance the Rapper, Death Cab for Cutie",Do You Remember,4814823.0,0.0,0,7,0.8399404135563285,0.4246404715252205,0.0,0.0,2.5,0.0
"Chance the Rapper, En Vogue, Ari Lennox, Kierra Sheard",I Got You (Always and Forever),832727.0,0.0,0,3,0.5413636317310756,0.7633502834101885,0.0,0.0,1.6,0.0
"Chance the Rapper, Francis and the Lights",Summer Friends (feat. Jeremih & Francis & The Lights),355397.0,0.0,0,2,0.9416279721399408,0.0777604123512362,0.0,0.0,2.8,0.0
"Chance the Rapper, Francis and the Lights",The Big Day,766656.0,0.0,0,3,0.7821359826097536,0.2940273155042774,0.0,0.0,2.3,0.0
"Chance the Rapper, Gucci Mane",Big Fish,826018.0,0.0,0,3,0.8618741375270133,0.2447126102584836,0.0,0.0,2.6,0.0
"Chance the Rapper, Joey Purp",My Own Thing,792583.0,0.0,0,4,0.8586777006796255,0.3945728039558273,0.0,0.0,2.6,0.0
"Chance the Rapper, John Legend",All Day Long,3133014.0,0.0,0,5,0.7575727302572405,0.4799103463094985,0.0,0.0,2.3,0.0
"Chance the Rapper, Knox Fortune",Let's Go On The Run,747070.0,0.0,0,3,0.823573629555313,0.2671536630922692,0.0,0.0,2.5,0.0
"Chance the Rapper, Lil Durk, Nicki Minaj",Slide Around,1532981.0,0.0,0,5,0.657671354474132,0.7717584112721426,0.0,0.0,2.0,0.0
"Chance the Rapper, MadeinTYO, DaBaby",Hot Shower,94710295.0,0.0,0,191,2.0962392560069363,0.130064737085712,0.0,0.0,6.3,
"Chance the Rapper, Megan Thee Stallion",Handsome,4474966.0,0.0,0,11,1.1127109512516336,0.4938956459946245,0.0,0.0,3.3,0.0
"Chance the Rapper, Randy Newman",5 Year Plan,461197.0,0.0,0,2,0.8387383024648071,0.2606572257530074,0.0,0.0,2.5,0.0
"Chance the Rapper, Shawn Mendes",Ballin Flossin,1442241.0,0.0,0,5,0.6099883976125469,0.7856186984829717,0.0,0.0,1.8,0.0
"Chance the Rapper, Smino",Eternal,1337593.0,0.0,0,4,0.4361701131004898,0.6978284736479575,0.0,0.0,1.3,0.0
"Chance the Rapper, Supa Bwe, Forever Band",Wala Cam,755522.0,0.0,0,4,0.5205832069129211,0.7553777959855345,0.0,0.0,1.6,0.0
"Chance the Rapper, Taylor Bennett, CocoRosie",Roo,811015.0,0.0,0,3,0.561908747955743,0.7489403494156784,0.0,0.0,1.7,0.0
"Chance the Rapper, TisaKorean, Murda Beatz",GRoCERIES,21960220.0,0.0,0,68,1.2209681255146203,0.1334219711806794,0.0,0.0,3.7,
"Chance the Rapper, VIC MENSA, Twista",Cocoa Butter Kisses,439397.0,0.0,0,2,0.7450093485134366,0.2957375408265613,0.0,0.0,2.2,0.0
Chantel Jeffries,Wait (Featuring Offset & Vory),640547.0,0.0,0,4,3.5507935298044297,1.2067885401473215,0.0,0.0,10.7,0.0
Charli XCX,Boys,13540514.0,0.0,0,26,1.0619538122438406,0.1473049405293573,0.0,0.0,3.2,
"Charli XCX, Troye Sivan",1999,34525398.0,0.0,0,39,1.4468509114675208,0.1632398568967703,0.0,0.0,4.3,
"Charlie Charles, Sfera Ebbasta, Ghali",Peace & Love,3641743.0,0.0,0,7,0.745051759607609,0.4401391828353055,0.0,0.0,2.2,0.0
Charlie Puth,Attention,540884882.0,0.0,0,265,1.634961709536889,0.0823490853659415,0.0,0.0,4.9,
Charlie Puth,Done For Me (feat. Kehlani),17159567.0,0.0,0,25,1.1377546419364282,0.1374896940009218,0.0,0.0,3.4,
Charlie Puth,Done for Me (feat. Kehlani),49879863.0,0.0,0,48,1.1379034757243118,0.0857053583288396,0.0,0.0,3.4,
Charlie Puth,How Long,96032109.0,0.0,0,107,3.4519846168116275,0.1188890270520225,0.0,0.0,10.4,
Charlie Puth,I Warned Myself,13464299.0,1887901.0,2,18,1.6665801818767372,0.5368748753643126,0.0,14.0,9.4,
Charlie Puth,We Don't Talk Anymore (feat. Selena Gomez),171843804.0,0.0,0,237,1.2834845934313392,0.058561879510475,0.0,0.0,3.9,
"Charly Black, Daddy Yankee",Gyal You A Party Animal - Remix,49764996.0,0.0,0,97,1.182509061924209,0.0623646430723854,0.0,0.0,3.5,
Chase Rice,Eyes On You,15778354.0,217508.0,1,73,3.488173790789381,0.1208669613494261,0.0,1.4,11.0,
Chase Rice,Lonely If You Are,1090519.0,0.0,0,5,1.80268552595921,0.8014645729842783,0.0,0.0,5.4,0.0
Cheat Codes,No Promises (feat. Demi Lovato),262008453.0,0.0,0,149,1.227790472331034,0.0786232180247975,0.0,0.0,3.7,
Cheat Codes,Only You (with Little Mix),49966040.0,0.0,0,61,1.5807831888801702,0.1495794377305292,0.0,0.0,4.7,
Cheat Codes,Put Me Back Together (feat. Kiiara),0.0,0.0,1,1,0.0,1.580196876951618,0.0,0.0,40.0,0.0
"Cheat Codes, Kris Kross Amsterdam",Sex,15893525.0,0.0,0,35,1.0926388700258047,0.0551360624152485,0.0,0.0,3.3,
Childish Gambino,"12.38 (feat. 21 Savage, Ink & Kadhja Bonet)",781923.0,0.0,0,3,0.3636366282746153,0.6888836011379209,0.0,0.0,1.1,0.0
Childish Gambino,19.10,236788.0,0.0,0,1,0.7678249477930399,0.2024599908842091,0.0,0.0,2.3,0.0
Childish Gambino,3005,1556841.0,0.0,0,7,1.0521467646571254,0.0772694080284281,0.0,0.0,3.2,0.0
Childish Gambino,Algorhythm,494200.0,0.0,0,2,0.3142510567714443,0.683338788319138,0.0,0.0,0.9,0.0
Childish Gambino,Feels Like Summer,29406234.0,0.0,1,33,2.8549285250756338,0.3227784367763282,0.0,0.0,9.8,
Childish Gambino,IV. Sweatpants,220504.0,0.0,0,1,0.993859666255508,0.0091810436461921,0.0,0.0,3.0,0.0
Childish Gambino,Redbone,475481483.0,1144789.0,1,445,2.5813425072790417,0.1025032644001339,0.0,0.2,7.8,
Childish Gambino,Summertime Magic,66674620.0,0.0,0,41,1.293048171033966,0.2051795772404597,0.0,0.0,3.9,
Childish Gambino,This Is America,314678577.0,39831908.0,7,155,4.732383984958141,0.1602014216261749,1.0,12.7,16.2,
Childish Gambino,Time (feat. Ariana Grande),773558.0,0.0,0,3,0.5035810804933487,0.71151822956578,0.0,0.0,1.5,0.0
Childish Gambino,V. 3005,3203838.0,0.0,0,21,1.0357989784313142,0.0335636659068558,0.0,0.0,3.1,
"Chino & Nacho, Daddy Yankee",Andas En Mi Cabeza,42285518.0,0.0,0,87,1.104038900110972,0.0574400565453947,0.0,0.0,3.3,
Chloe x Halle,Do It,8150077.0,0.0,0,33,1.0654496164893446,0.0629270317616315,0.0,0.0,3.2,
"ChocQuibTown, Zion & Lennox, Farruko",Pa Olvidarte (feat. Manuel Turizo) - Remix,44163148.0,0.0,0,62,1.1451974624554413,0.0652156235589491,0.0,0.0,3.4,
Chris Brown,Don't Check On Me (feat. Justin Bieber & Ink),63035739.0,0.0,0,41,1.091764919425892,0.1078843972633533,0.0,0.0,3.3,
Chris Brown,No Guidance (feat. Drake),619951201.0,0.0,0,472,2.7692391643027308,0.0931734336290838,1.0,0.0,8.4,
Chris Brown,Party (feat. Usher & Gucci Mane),41808510.0,0.0,0,136,2.169114021715704,0.1365738139651866,0.0,0.0,6.5,
Chris Brown,"Pills & Automobiles (feat. Yo Gotti, A Boogie Wit Da Hoodie & Kodak Black)",4348083.0,0.0,0,22,1.096235391010495,0.054805290292632,0.0,0.0,3.3,
Chris Brown,Questions,14016078.0,0.0,0,13,1.3154117739326097,0.219552824632932,0.0,0.0,3.9,0.0
Chris Brown,Undecided,47410317.0,0.0,0,44,1.356016204201856,0.1331197497784288,0.0,0.0,4.1,
"Chris Brown, Young Thug",Go Crazy,213815484.0,0.0,0,136,1.4827554344211076,0.0889593139102124,0.0,0.0,4.4,
"Chris Jedi, J Balvin, Ozuna, Arcangel",Ahora Dice,161655056.0,0.0,0,143,1.266529282113835,0.0748734439647777,0.0,0.0,3.8,
"Chris Jedi, J Balvin, Ozuna, Cardi B, Offset, Anuel, Arcangel",Ahora Dice - Real Hasta La Muerte Remix,0.0,0.0,1,1,0.0,2.0,0.0,0.0,40.0,0.0
"Chris Jedi, Ozuna, Brytiago",Bipolar,588703.0,0.0,0,1,2.0361644764261637,1.1550780260384084,0.0,0.0,6.1,0.0
Chris Lane,I Don't Know About You,3964457.0,692184.0,3,17,3.6071812378984816,0.3399640541638711,0.0,17.5,17.9,
Chris Lane,Take Back Home Girl (Feat. Tori Kelly),12834956.0,0.0,0,57,3.262369973502889,0.1648781013841251,0.0,0.0,9.8,
Chris Rea,Driving Home for Christmas,42472826.0,1968645.0,2,27,3.3608277616720517,0.4028876809982299,0.0,4.6,13.0,
Chris Rea,Driving Home for Christmas - 2019 Remaster,57203125.0,8128310.0,2,35,2.349185035823426,0.3115214102750992,0.0,14.2,9.3,
Chris Stapleton,Broken Halos,1376862.0,0.0,0,7,1.0939957247371337,0.1231443376146158,0.0,0.0,3.3,0.0
Chris Stapleton,Either Way,903849.0,0.0,0,5,0.944057589443544,0.1891624064443422,0.0,0.0,2.8,0.0
Chris Stapleton,Starting Over,2694562.0,0.0,0,11,1.1276587694335858,0.0579918089530355,0.0,0.0,3.4,0.0
Chris Stapleton,Tennessee Whiskey,12407529.0,0.0,0,56,1.2244377153268442,0.0725295890714009,0.0,0.0,3.7,
Chris Young,Losing Sleep,4994492.0,0.0,0,25,1.1117621856485669,0.0646732410963111,0.0,0.0,3.3,
"Chris Young, Kane Brown",Famous Friends,3055934.0,0.0,0,12,1.1111058776069316,0.0755441028088024,0.0,0.0,3.3,0.0
Christian Nodal,Se Me Olvidó,15150689.0,0.0,0,18,0.955821593270382,0.1175402670615377,0.0,0.0,2.9,
Christina Aguilera,Have Yourself a Merry Little Christmas,3405855.0,0.0,0,2,1.074956903074107,0.0691171496584194,0.0,0.0,3.2,0.0
Christina Aguilera,This Christmas,2836017.0,0.0,0,2,0.9689799793723612,0.0672905164863336,0.0,0.0,2.9,0.0
Christina Perri,A Thousand Years,2050293.0,0.0,0,3,1.208433074814815,0.2538188613240359,0.0,0.0,3.6,0.0
Chuck Berry,Run Rudolph Run - Single Version,62523862.0,3582986.0,5,68,2.6395325034809045,0.5970358010924159,3.0,5.7,12.2,
Cico P,Tampa,1876520.0,0.0,0,9,1.0327079778749848,0.0332548202653375,0.0,0.0,3.1,0.0
City Girls,Act Up,69212369.0,0.0,0,235,3.7230193082914944,0.0771233639164454,0.0,0.0,11.2,
City Girls,JT First Day Out,247406.0,0.0,0,1,0.9467066326530612,0.0652588078462194,0.0,0.0,2.8,0.0
City Girls,Jobs,421531.0,0.0,0,2,0.926810870385124,0.1333616979028998,0.0,0.0,2.8,0.0
City Girls,Twerk (feat. Cardi B),12800539.0,0.0,0,50,3.7284344718079385,0.1578763650553467,0.0,0.0,11.2,
"City Girls, Doja Cat",Pussy Talk,7754797.0,0.0,0,33,1.158192358894676,0.0581039457024332,0.0,0.0,3.5,
Claire Rosinkranz,Backyard Boy,1286886.0,0.0,0,6,1.035490440751944,0.0451558844373261,0.0,0.0,3.1,0.0
Clairo,Sofia,57323466.0,1004973.0,1,40,2.11776866180117,0.2191595911274874,1.0,1.8,8.1,
Clean Bandit,Baby (feat. MARINA & Luis Fonsi),3233825.0,0.0,0,5,0.9723874753210716,0.2216413893182089,0.0,0.0,2.9,0.0
Clean Bandit,I Miss You (feat. Julia Michaels),141077643.0,0.0,0,128,3.461366180085244,0.1026701237133536,0.0,0.0,10.4,
Clean Bandit,Rockabye (feat. Sean Paul & Anne-Marie),478684008.0,3524721.0,2,244,1.6426588268234634,0.0704023325095103,0.0,0.7,5.3,
Clean Bandit,Solo (feat. Demi Lovato),582577817.0,0.0,0,337,1.57414831428681,0.0687123944713085,0.0,0.0,4.7,
Clean Bandit,Symphony (feat. Zara Larsson),466919377.0,0.0,0,263,1.3171023134988402,0.0635999496857296,0.0,0.0,4.0,
"Clean Bandit, Mabel",Tick Tock (feat. 24kGoldn),25995092.0,0.0,0,28,1.1585338900935915,0.0722657827971687,0.0,0.0,3.5,
Cochise,Hatchback,422704.0,0.0,0,2,0.9843781899569756,0.0615213990573147,0.0,0.0,3.0,0.0
"Cochise, $NOT",Tell Em,17406994.0,0.0,0,14,1.045097197028236,0.0542479185051189,0.0,0.0,3.1,
Coldplay,Adventure of a Lifetime,365939.0,0.0,0,1,1.014761791639668,0.0351692208735608,0.0,0.0,3.0,0.0
Coldplay,Christmas Lights,46202151.0,0.0,0,41,2.249786952353807,0.288192752644116,0.0,0.0,6.7,
Coldplay,Hymn for the Weekend,3053060.0,0.0,0,8,1.048768642192634,0.050845975411377,0.0,0.0,3.1,0.0
Coldplay,Hymn for the Weekend - Seeb Remix,34347511.0,0.0,0,60,1.326400957417039,0.0821799680186495,0.0,0.0,4.0,
Coldplay,Hypnotised,629540.0,0.0,0,1,0.7578227132542535,0.5467261831693285,0.0,0.0,2.3,0.0
Coldplay,Orphans,38156613.0,0.0,0,39,1.422518304548928,0.1531037501948608,0.0,0.0,4.3,
Coldplay,The Scientist,46255948.0,0.0,0,101,1.1991292638896736,0.0545907590931979,0.0,0.0,3.6,
Coldplay,Yellow,18739448.0,0.0,0,24,1.067246356292818,0.0446187353953486,0.0,0.0,3.2,
"Coldplay, Big Sean",Miracles (Someone Special),2856862.0,0.0,0,5,1.0146973771911851,0.6219892605736894,0.0,0.0,3.0,0.0
Cole Swindell,Flatliner (feat. Dierks Bentley),1269925.0,0.0,0,8,1.0383663488491452,0.0334149064208319,0.0,0.0,3.1,0.0
Comethazine,FIND HIM!,211985.0,0.0,0,1,0.8969961197941276,0.0896632585016016,0.0,0.0,2.7,0.0
Comethazine,Walk,30995341.0,239889.0,1,124,3.669351225310899,0.122866310301696,1.0,0.8,11.6,
Conan Gray,Heather,212600757.0,3098014.0,1,107,3.071913890512668,0.1255345609715486,0.0,1.5,9.6,
Conan Gray,Maniac,178869048.0,1131656.0,1,281,3.5806688789632615,0.1648307508159392,2.0,0.6,11.1,
Conkarah,Banana (feat. Shaggy) - DJ FLe - Minisiren Remix,59191671.0,0.0,0,60,1.267869959148224,0.084844642912301,0.0,0.0,3.8,
Cordae,Broke As Fuck,2957230.0,0.0,0,12,1.0195815048942418,0.0616762844301935,0.0,0.0,3.1,0.0
Cordae,Gifted (feat. Roddy Ricch),2712828.0,0.0,0,11,1.034600926324012,0.090579301080189,0.0,0.0,3.1,0.0
Cordae,Kung Fu,1043150.0,0.0,0,5,3.364653572338097,1.0045202686754602,0.0,0.0,10.1,0.0
Cordae,RNP (feat. Anderson .Paak),6468245.0,0.0,3,13,1.1480314712930622,0.4828131891565599,0.0,0.0,12.7,0.0
Cosculluela,Madura (feat. Bad Bunny),150501028.0,0.0,0,181,1.1561086318854588,0.066270840252923,0.0,0.0,3.5,
Cosculluela,Manicomio,2049466.0,0.0,0,5,1.0786075091791083,0.0721418032668748,0.0,0.0,3.2,0.0
Creedence Clearwater Revival,Fortunate Son,2739324.0,0.0,0,6,2.9566057304227216,0.4743963960516034,1.0,0.0,13.9,0.0
Curtis Waters,Stunnin' (feat. Harm Franklin),106706561.0,0.0,0,78,1.2145069074103267,0.0598466554391845,0.0,0.0,3.6,
"Curtis Waters, Harm Franklin",Stunnin',1834112.0,0.0,0,2,1.2937293333093187,0.5057816638887732,0.0,0.0,3.9,0.0
Céline Dion,Happy Xmas (War Is Over),3392499.0,0.0,0,2,1.1951669156687623,0.1830998603581372,0.0,0.0,3.6,0.0
"DB Omerta, Kodak Black",Zombie (feat. NLE Choppa & DB Omerta),486706.0,0.0,0,2,0.8423070772525325,0.1935484925618638,0.0,0.0,2.5,0.0
DDG,Moonwalking in Calabasas (feat. Blueface) - Remix,14165144.0,0.0,0,25,1.433806984903917,0.2894678532444095,0.0,0.0,4.3,
"DENNIS, MC Kevinho",Agora é Tudo Meu,11162003.0,0.0,0,17,1.163974808964937,0.0926974082225374,0.0,0.0,3.5,
DJ A1,Bounce Out With That FT. YBN Nahmir,5945217.0,0.0,0,5,1.045765128762636,0.0326309349863955,0.0,0.0,3.1,0.0
"DJ Durel, Migos",Hot Summer,1228930.0,0.0,2,6,0.6994331710811893,0.7565904980093957,0.0,0.0,15.4,0.0
DJ ESCO,Too Much Sauce (feat. Future & Lil Uzi Vert),10381821.0,0.0,0,48,1.102503575022871,0.05817822198182,0.0,0.0,3.3,
DJ ESCO,"Xotic (feat. Future, Rich The Kid & Young Thug)",165470.0,0.0,1,2,0.8238855612150905,0.4203816729484593,0.0,0.0,22.5,0.0
DJ Jazzy Jeff & The Fresh Prince,A Nightmare on My Street,0.0,0.0,0,2,0.0,2.6457513110645907,0.0,0.0,0.0,0.0
DJ Jonathan,El Farsante,3217916.0,0.0,0,7,1.1158780850561014,0.0592390892122633,0.0,0.0,3.3,0.0
DJ Khaled,Celebrate (feat. Travis Scott & Post Malone),11783836.0,0.0,0,12,0.9318778706900396,0.367972921203363,0.0,0.0,2.8,0.0
DJ Khaled,EVERY CHANCE I GET (feat. Lil Baby & Lil Durk),11045585.0,0.0,0,14,1.0153516273419196,0.2364878718852107,0.0,0.0,3.0,
DJ Khaled,Freak N You (feat. Lil Wayne & Gunna),422663.0,0.0,0,2,0.7935398637960182,0.3202599514185594,0.0,0.0,2.4,0.0
DJ Khaled,GREECE (feat. Drake),120149330.0,0.0,0,63,1.1109103885797802,0.0931033531819118,0.0,0.0,3.3,
DJ Khaled,Higher (feat. Nipsey Hussle & John Legend),6622095.0,0.0,0,7,0.7952077387922593,0.3525340819573265,0.0,0.0,2.4,0.0
DJ Khaled,"I'm the One (feat. Justin Bieber, Quavo, Chance the Rapper & Lil Wayne)",470002302.0,12583996.0,2,164,1.3045446017687576,0.0878309093414765,0.0,2.7,4.4,
DJ Khaled,"Iced Out My Arms (feat. Future, Migos, 21 Savage & T.I.)",325386.0,0.0,0,2,0.4380117976959217,0.9852493108311,0.0,0.0,1.3,0.0
DJ Khaled,"Jealous (feat. Chris Brown, Lil Wayne & Big Sean)",4584378.0,0.0,0,6,0.9111139031512484,0.2498604695220297,0.0,0.0,2.7,0.0
DJ Khaled,Just Us (feat. SZA),38411368.0,0.0,0,33,1.0391786578453273,0.1281548090123488,0.0,0.0,3.1,
DJ Khaled,"No Brainer (feat. Justin Bieber, Chance the Rapper & Quavo)",1719753.0,0.0,0,7,0.907334367202732,0.6397966664148907,0.0,0.0,2.7,0.0
DJ Khaled,"On Everything (feat. Travis Scott, Rick Ross & Big Sean)",563732.0,0.0,0,3,0.3701357830964997,0.7668160705499453,0.0,0.0,1.1,0.0
DJ Khaled,POPSTAR (feat. Drake),181291913.0,0.0,0,82,1.5622333762618077,0.1252851895398099,0.0,0.0,4.7,
DJ Khaled,Shining (feat. Beyoncé & Jay-Z),11699370.0,984841.0,2,44,3.515815644884458,0.297966020419891,0.0,8.4,12.4,
DJ Khaled,To the Max (feat. Drake),23584579.0,0.0,0,33,2.1692669364699357,0.342798939576426,1.0,0.0,7.4,
DJ Khaled,Weather the Storm (feat. Meek Mill & Lil Baby),1411521.0,0.0,0,5,0.4247343449689642,0.7422348407765964,0.0,0.0,1.3,0.0
DJ Khaled,Wild Thoughts (feat. Rihanna & Bryson Tiller),405736232.0,13862992.0,4,128,1.3429597475293702,0.1054642591579368,0.0,3.4,5.3,
DJ Khaled,Wish Wish (feat. Cardi B & 21 Savage),24227433.0,0.0,0,40,1.0128259925961356,0.1540010812270167,0.0,0.0,3.0,
DJ Khaled,"You Stay (feat. Meek Mill, J Balvin, Lil Baby & Jeremih)",1685580.0,0.0,0,6,0.8494418254581254,0.6839722174772563,0.0,0.0,2.5,0.0
"DJ Khaled, Calvin Harris",Don't Quit (feat. Travis Scott & Jeremih),13187136.0,0.0,0,13,0.9367587303818902,0.2058030558738645,0.0,0.0,2.8,0.0
"DJ Khaled, JAY-Z","Top Off (feat. JAY Z, Future & Beyoncé)",26753233.0,0.0,0,43,1.4437879882687976,0.1685724599237976,0.0,0.0,4.3,
"DJ Khaled, Justin Bieber, Quavo, Chance the Rapper",No Brainer,317245889.0,0.0,0,129,1.6182867846160809,0.0995453245325618,0.0,0.0,4.9,
"DJ Khaled, Justin Bieber, Quavo, Chance the Rapper, Lil Wayne",I'm the One,221802022.0,0.0,0,30,1.0527028123709044,0.0591047532523558,0.0,0.0,3.2,
"DJ Luian, Mambo Kingz, Anuel AA, Nicky Jam, Darell, Brytiago",Verte Ir,269544773.0,0.0,0,203,1.2205342410421007,0.0709606260575943,0.0,0.0,3.7,
DJ Snake,"Enzo (with Sheck Wes, feat. Offset, 21 Savage & Gucci Mane)",5723537.0,0.0,0,12,1.056663395571346,0.4737081210636781,0.0,0.0,3.2,0.0
DJ Snake,"Taki Taki (feat. Selena Gomez, Ozuna & Cardi B)",101843589.0,0.0,0,138,1.4317160524584804,0.0768933636940155,0.0,0.0,4.3,
DJ Snake,"Taki Taki (with Selena Gomez, Ozuna & Cardi B)",906099850.0,12306007.0,2,299,1.3062736065571443,0.0708331009322843,0.0,1.4,4.2,
"DJ Snake, Bipolar Sunshine",Middle,24396509.0,0.0,0,46,1.129527295004772,0.0618732648755991,0.0,0.0,3.4,
"DJ Snake, J Balvin",Loco Contigo (feat. J. Balvin & Tyga),346396224.0,0.0,0,203,1.3290832419890468,0.0766931092620499,0.0,0.0,4.0,
"DJ Snake, J Balvin",Loco Contigo (with J. Balvin & Tyga),93304621.0,0.0,0,39,1.2174713521699927,0.0887853322097937,0.0,0.0,3.7,
"DJ Snake, Justin Bieber",Let Me Love You,308309442.0,2300469.0,2,239,1.4892697733966476,0.0696211891807348,0.0,0.7,4.8,
DNCE,Cake By The Ocean,69536880.0,0.0,0,140,1.20775937132826,0.0643894737626752,0.0,0.0,3.6,
"DVBBS, CMC$",Not Going Home (feat. Gia Koka),43020371.0,0.0,0,53,1.294815829408171,0.0837852348553268,0.0,0.0,3.9,
DaBaby,AMAZING GRACE,206093.0,0.0,0,1,0.3027625635061516,1.05281898574055,0.0,0.0,0.9,0.0
DaBaby,BLAME IT ON BABY,1532100.0,0.0,0,5,0.313812235730496,0.917176441730207,0.0,0.0,0.9,0.0
DaBaby,BLIND (feat. Young Thug),16393123.0,0.0,0,44,2.0947625910695633,0.218253168940577,0.0,0.0,6.3,
DaBaby,BOP,551585882.0,0.0,0,376,1.3455349607430704,0.0715119185293957,0.0,0.0,4.0,
DaBaby,Baby Sitter (feat. Offset),54872000.0,0.0,0,181,3.2805822221271965,0.0848408956103757,0.0,0.0,9.8,
DaBaby,Ball If I Want To,17029056.0,0.0,0,14,1.2562740354142086,0.1615806054884667,0.0,0.0,3.8,
DaBaby,CAN'T STOP,763400.0,0.0,2,3,0.2153820730497129,1.0174531618443403,0.0,0.0,27.3,0.0
DaBaby,CHAMPION,732513.0,0.0,0,3,0.2776149815450162,0.8821267596297621,0.0,0.0,0.8,0.0
DaBaby,DROP (feat. A Boogie wit da Hoodie & London On Da Track),1013229.0,0.0,0,4,0.2755285680734506,0.939494214150244,0.0,0.0,0.8,0.0
DaBaby,FIND MY WAY,74325589.0,12658937.0,4,77,1.6574939184492137,0.1530793597030455,0.0,17.0,7.1,
DaBaby,"GOSPEL (feat. Chance The Rapper, Gucci Mane & YK Osiris)",3006812.0,0.0,0,10,0.8237402739262376,0.5811042065698058,0.0,0.0,2.5,0.0
DaBaby,Goin Baby,60876171.0,0.0,0,213,3.537161020853168,0.0733786150652262,0.0,0.0,10.6,
DaBaby,INTRO,44175823.0,0.0,0,62,1.7587809899876548,0.1432904202441824,0.0,0.0,5.3,
DaBaby,JUMP (feat. YoungBoy Never Broke Again),16339779.0,0.0,0,56,1.20108002194629,0.132141690040237,0.0,0.0,3.6,
DaBaby,LIGHTSKIN SH*T (feat. Future & jetsonmade),1693688.0,0.0,0,4,0.5532979796900515,0.8017546116694256,0.0,0.0,1.7,0.0
DaBaby,Masterpiece,614937.0,0.0,0,3,0.9886054995895256,0.0268954596252581,0.0,0.0,3.0,0.0
DaBaby,NASTY (feat. Ashanti & Megan Thee Stallion),500283.0,0.0,0,2,0.3401293217207706,1.0658264943050075,0.0,0.0,1.0,0.0
DaBaby,NO DRIBBLE (with Stunna 4 Vegas),227567.0,0.0,0,1,0.9899080852766794,0.1032948870935591,0.0,0.0,3.0,0.0
DaBaby,OFF THE RIP,2221370.0,0.0,0,7,0.6881199439985235,0.7800904767291208,0.0,0.0,2.1,0.0
DaBaby,PEEP HOLE,1057768.0,0.0,0,4,0.934903578822223,0.1021945508244871,0.0,0.0,2.8,0.0
DaBaby,PICK UP (feat. Quavo),15429782.0,0.0,0,42,1.13659453798842,0.1963464584906064,0.0,0.0,3.4,
DaBaby,POP STAR (feat. Kevin Gates),3568827.0,0.0,0,12,0.8777599821512522,0.4966198057913793,0.0,0.0,2.6,0.0
DaBaby,PRACTICE,11095909.0,0.0,0,24,1.789345148526466,0.2599531310406807,0.0,0.0,5.4,
DaBaby,PROLLY HEARD,1426764.0,0.0,0,5,0.4751345232867974,0.9937604577033096,0.0,0.0,1.4,0.0
DaBaby,RAW SHIT (feat. Migos),18231568.0,0.0,0,47,1.1399835215643463,0.1717751822037255,0.0,0.0,3.4,
DaBaby,REALLY (feat. Stunna 4 Vegas),1893577.0,0.0,0,6,0.587228457362011,0.8173504764198363,0.0,0.0,1.8,0.0
DaBaby,ROCKSTAR (feat. Roddy Ricch),895753277.0,36764980.0,6,189,1.1569663323989277,0.0724089780520011,0.0,4.1,4.7,
DaBaby,ROCKSTAR (feat. Roddy Ricch) - BLM REMIX,8588924.0,0.0,0,12,0.977089692268048,0.4558804596403741,0.0,0.0,2.9,0.0
DaBaby,Red Light Green Light,18870415.0,0.0,0,14,1.1299935594708534,0.0874934284522366,0.0,0.0,3.4,
DaBaby,SAD SH*T,797582.0,0.0,0,3,0.2695951089118403,0.9072995482257784,0.0,0.0,0.8,0.0
DaBaby,SHUT UP,235859.0,0.0,0,1,0.9879697232449912,0.0806611030756844,0.0,0.0,3.0,0.0
DaBaby,Suge,569581542.0,1393203.0,1,499,3.337640681603426,0.0780721051911312,0.0,0.2,10.1,
DaBaby,TALK ABOUT IT,530705.0,0.0,0,2,0.2432348429001215,0.8870039631909408,0.0,0.0,0.7,0.0
DaBaby,THERE HE GO,1334974.0,0.0,0,5,0.480941689392778,0.9929719071797796,0.0,0.0,1.4,0.0
DaBaby,TOES (feat. Lil Baby & Moneybagg Yo),180385335.0,0.0,0,236,2.160198196507605,0.1015361959870346,0.0,0.0,6.5,
DaBaby,VIBEZ,282953888.0,1322401.0,1,283,1.470169340621112,0.0924482802263223,0.0,0.5,4.6,
DaBaby,XXL,2173849.0,0.0,0,7,0.6878315835184504,0.6930220276563578,0.0,0.0,2.1,0.0
DaBaby,iPHONE (with Nicki Minaj),2127734.0,0.0,0,7,0.6965607543048145,0.7242107065817714,0.0,0.0,2.1,0.0
Daddy Yankee,Dura,327435560.0,3602020.0,2,205,3.7857659504123857,0.0921381453159016,0.0,1.1,11.7,
Daddy Yankee,Que Tire Pa Lante,165624998.0,0.0,0,139,1.3866280537768343,0.0744061953474001,0.0,0.0,4.2,
Daddy Yankee,Shaky Shaky,34147918.0,0.0,0,67,1.1334563505183888,0.0697722663502373,0.0,0.0,3.4,
"Daddy Yankee, Anuel AA",Adictiva,196206029.0,0.0,0,180,1.2286253774165592,0.0677200916873735,0.0,0.0,3.7,
"Daddy Yankee, Anuel AA, Kendo Kaponi",Don Don,22380552.0,0.0,0,26,1.1435166252390585,0.098711385171872,0.0,0.0,3.4,
"Daddy Yankee, Bad Bunny",Vuelve,30545059.0,0.0,0,45,3.5745713813994415,0.1668086664492336,0.0,0.0,10.7,
"Daddy Yankee, Katy Perry, Snow",Con Calma - Remix,12856987.0,0.0,0,20,1.0967926067803646,0.0687193725524435,0.0,0.0,3.3,
"Daddy Yankee, Natti Natasha, Becky G, Bad Bunny",Dura - Remix,149219257.0,0.0,0,152,1.297222697081768,0.0774147735715485,0.0,0.0,3.9,
"Daddy Yankee, Ozuna",La Rompe Corazones,161311373.0,0.0,0,203,1.1689771766344104,0.0642790199153575,0.0,0.0,3.5,
"Daddy Yankee, Sech",Definitivamente,30371867.0,0.0,0,36,1.1525416440513412,0.0727587295230858,0.0,0.0,3.5,
"Daddy Yankee, Snow",Con Calma,800504229.0,0.0,0,376,1.4499024863084162,0.0793896335297261,0.0,0.0,4.3,
"Daddy Yankee, Wisin & Yandel",Si Supieras,73282798.0,0.0,0,90,1.2585798483489234,0.0711982937659549,0.0,0.0,3.8,
"Dadá Boladão, Tati Zaqui, OIK",Surtada - Remix Brega Funk,19686175.0,3611083.0,5,31,2.649663332180413,0.5970478434717588,1.0,18.3,15.4,
Dalex,+Linda,10141934.0,0.0,0,15,1.0830577047894123,0.043558727837626,0.0,0.0,3.2,
"Dalex, Lenny Tavárez",Bellaquita,30583647.0,0.0,0,44,1.1349034378543297,0.0615768793739843,0.0,0.0,3.4,
"Dalex, Lenny Tavárez, Anitta, Natti Natasha, Farruko, Justin Quiles",Bellaquita - Remix,90812756.0,0.0,0,99,1.1539732427168468,0.0631655759249447,0.0,0.0,3.5,
"Dalex, Lenny Tavárez, Chencho Corleone, Juhn, Dímelo Flow",Hola - Remix,290573259.0,0.0,0,257,1.2063382873254986,0.0551480145720464,0.0,0.0,3.6,
"Dalex, Nicky Jam, Justin Quiles, Sech, Lenny Tavárez, Feid, Rafa Pabön",Cuaderno,132085548.0,0.0,0,145,1.201275437416234,0.0600480368879818,0.0,0.0,3.6,
"Dalex, Rafa Pabön, KHEA, Sech, Cazzu, Feid, Lenny Tavárez",Pa Mí - Remix,122479500.0,0.0,0,67,1.3092581294142418,0.0785188281068326,0.0,0.0,3.9,
"Dalex, Rafa Pabön, KHEA, Sech, Feid, Cazzu, Lenny Tavárez",Pa Mí - Remix,195952820.0,0.0,0,168,1.2123524231704952,0.0608400659477696,0.0,0.0,3.6,
"Dalex, Sech",Mejor,2826699.0,0.0,0,4,1.0726984750223771,0.0413343311629982,0.0,0.0,3.2,0.0
Damso,Smog,1651508.0,0.0,0,3,0.9237901238988576,0.18298134756349,0.0,0.0,2.8,0.0
Dan + Shay,"10,000 Hours (with Justin Bieber)",582159949.0,18369210.0,7,351,2.8710302605420788,0.120193031452819,1.0,3.2,9.5,
Dan + Shay,All To Myself,13753534.0,222280.0,1,61,3.1250237200445827,0.134281232945058,0.0,1.6,10.0,
Dan + Shay,Glad You Exist,3309792.0,0.0,0,14,1.116211598889533,0.0621342360557477,0.0,0.0,3.3,
Dan + Shay,I Should Probably Go To Bed,7356298.0,0.0,0,32,1.077858966780223,0.0702272835758698,0.0,0.0,3.2,
Dan + Shay,Keeping Score (feat. Kelly Clarkson),0.0,0.0,1,1,0.0,2.449489742783178,0.0,0.0,40.0,0.0
Dan + Shay,Speechless,179037187.0,0.0,0,661,3.1668653750620965,0.0706562603314454,0.0,0.0,9.5,
Dan + Shay,Tequila,208365336.0,0.0,0,721,3.4754131163395643,0.0855715461338045,0.0,0.0,10.4,
Daniel Caesar,CYANIDE,410698.0,0.0,0,2,0.8173628589741585,0.2611877269292862,0.0,0.0,2.5,0.0
Daniel Caesar,Get You (feat. Kali Uchis),12685400.0,0.0,0,63,1.202081398936486,0.0885679920018546,0.0,0.0,3.6,
"Daniel Caesar, Brandy",LOVE AGAIN,1038477.0,0.0,0,4,0.5101699671691754,0.9555016184774916,0.0,0.0,1.5,0.0
"Daniel Caesar, John Mayer",SUPERPOSITION,442131.0,0.0,0,2,0.477843081516993,0.9833506904634532,0.0,0.0,1.4,0.0
Danny Ocean,Dembow,153065149.0,0.0,0,181,1.1441128593781549,0.0657234369330503,0.0,0.0,3.4,
Danny Ocean,Me Rehúso,410905836.0,0.0,0,329,1.2393440958255353,0.0694019631119262,0.0,0.0,3.7,
Danny Ocean,Swing,41606902.0,0.0,0,64,1.0985979069145806,0.0593955195163966,0.0,0.0,3.3,
"Dante Klein, Cheat Codes",Let Me Hold You (Turn Me On),10533515.0,0.0,0,25,1.1203567623633268,0.0736844473627994,0.0,0.0,3.4,
"Dardan, Eno",weR mAChT PaRA 2,1275782.0,0.0,0,2,0.8888735880916081,0.2620948839883281,0.0,0.0,2.7,0.0
Darius Rucker,Wagon Wheel,1529705.0,0.0,0,6,1.2795560024983637,0.1558640292333792,0.0,0.0,3.8,0.0
Darlene Love,Christmas (Baby Please Come Home),46271081.0,1530672.0,1,31,1.9814525425968463,0.4700963331083824,0.0,3.3,7.2,
Daryl Hall & John Oates,Jingle Bell Rock - Daryl's Version,67470263.0,1910122.0,2,49,2.1631415805457364,0.3390265597354246,0.0,2.8,8.1,
Daryl Hall & John Oates,Rich Girl,1161681.0,0.0,0,4,1.6743455256195954,0.5217672833783142,0.0,0.0,5.0,0.0
Daryl Hall & John Oates,You Make My Dreams (Come True),1870212.0,0.0,0,7,1.534705566493646,0.3299068751664524,0.0,0.0,4.6,0.0
Dave,Clash (feat. Stormzy),2153757.0,0.0,0,3,0.8724078936815804,0.2148292533232697,0.0,0.0,2.6,0.0
David Guetta,2U (feat. Justin Bieber),319282259.0,0.0,0,80,1.1025418599306678,0.0625464162119208,0.0,0.0,3.3,
David Guetta,Don't Leave Me Alone (feat. Anne-Marie),115379805.0,0.0,0,106,1.4938632328730133,0.0971157289680331,0.0,0.0,4.5,
David Guetta,Light My Body Up (feat. Nicki Minaj & Lil Wayne),5495839.0,0.0,0,10,0.946457494357658,0.3163754763110341,0.0,0.0,2.8,0.0
David Guetta,Stay (Don't Go Away) [feat. Raye],3159003.0,0.0,0,5,0.7222129215828456,0.5477057645500853,0.0,0.0,2.2,0.0
David Guetta,Thing For You (With Martin Solveig),2994826.0,0.0,0,4,0.8325544951329427,0.3141356911675361,0.0,0.0,2.5,0.0
"David Guetta, Afrojack",Dirty Sexy Money (feat. Charli XCX & French Montana),1655088.0,0.0,0,3,3.637603435671224,1.2986925529357116,0.0,0.0,10.9,0.0
"David Guetta, Bebe Rexha, J Balvin",Say My Name,208361212.0,0.0,0,239,1.443614947887307,0.0863278242271038,0.0,0.0,4.3,
"David Guetta, Brooks, Loote",Better When You're Gone,19696919.0,0.0,0,28,1.088622620903096,0.1223050738454186,0.0,0.0,3.3,
"David Guetta, Cedric Gervais, Chris Willis",Would I Lie to You - Radio Edit,3989226.0,0.0,0,10,1.0506172460626788,0.0334238665813394,0.0,0.0,3.2,0.0
"David Guetta, Martin Garrix, Brooks",Like I Do,211482376.0,0.0,0,159,1.4543798144844349,0.0966100156780678,0.0,0.0,4.4,
"David Guetta, Sia",Flames,298180734.0,0.0,0,223,1.3798278452497963,0.0959492829573641,0.0,0.0,4.1,
Daya,Insomnia,14365035.0,0.0,0,17,1.389423812156646,0.2931914693194215,0.0,0.0,4.2,
"Dayvi, Victor Cardenas, Kelly Ruíz",Baila Conmigo (feat. Kelly Ruiz),62550140.0,0.0,0,85,3.3549813966114685,0.2612914897370045,1.0,0.0,10.4,
Dean Lewis,7 Minutes,10113056.0,0.0,0,14,1.2905769131109726,0.1092960789427408,0.0,0.0,3.9,
Dean Lewis,Be Alright,943516832.0,759350.0,1,734,2.817103701863191,0.0845765121541772,0.0,0.1,8.5,
Dean Martin,"Baby, It's Cold Outside",29928610.0,900127.0,3,55,2.8247418754216764,0.3914496801343946,2.0,3.0,11.7,
Dean Martin,Let It Snow! Let It Snow! Let It Snow!,107438640.0,6232399.0,5,69,3.445647121566887,0.3223958131687626,0.0,5.8,13.2,
Dean Martin,Rudolph The Red-Nosed Reindeer,13028374.0,0.0,1,8,1.7977755285633146,0.5052826871385953,0.0,0.0,10.4,0.0
Dean Martin,Silver Bells,10141886.0,2804441.0,4,16,2.906948702454277,0.9118089596805568,2.0,27.7,22.5,
"Delacey, G-Eazy",Cruel Intentions,4567864.0,0.0,0,16,1.3228879866681045,0.1478817096808795,0.0,0.0,4.0,
Demi Lovato,Anyone,13108931.0,0.0,0,12,1.2811985328471172,0.2045641618819044,0.0,0.0,3.8,0.0
Demi Lovato,I Love Me,44914574.0,0.0,0,33,1.0172880129380226,0.1041251223635789,0.0,0.0,3.1,
Demi Lovato,Sober,25486291.0,1520979.0,1,29,3.195193953003201,0.3564955523438449,0.0,6.0,11.0,
Demi Lovato,Sorry Not Sorry,322366510.0,0.0,0,233,1.5497660070434285,0.1280982558704331,0.0,0.0,4.6,
Demi Lovato,Tell Me You Love Me,51688247.0,1248055.0,1,84,2.4372816802665045,0.239307484849478,1.0,2.4,8.1,
Dennis Lloyd,Never Go Back,12253329.0,0.0,0,13,1.0871096235042763,0.2434822261540891,0.0,0.0,3.3,0.0
Dennis Lloyd,Nevermind,417739608.0,821339.0,1,246,2.629631171159634,0.0922732485157592,0.0,0.2,8.1,
Denzel Curry,CLOUT COBAIN | CLOUT CO13A1N,1582252.0,0.0,1,7,3.9115878283560823,0.7466119552881328,0.0,0.0,17.4,0.0
Denzel Curry,RICKY,243232.0,0.0,1,2,0.8748807028818347,0.4261853282944696,0.0,0.0,22.6,0.0
Dermot Kennedy,Outnumbered,41342043.0,1553663.0,2,50,3.514237179245546,0.2541312229543737,1.0,3.8,12.7,
Dermot Kennedy,Power Over Me,3201558.0,0.0,2,7,3.4939587623351964,1.1436995033095825,1.0,0.0,26.2,0.0
Desiigner,Outlet,9630045.0,0.0,0,35,1.060611104506004,0.1459979201537649,0.0,0.0,3.2,
Desiigner,Panda,141197764.0,0.0,0,199,1.4762885558810774,0.1082096474237268,0.0,0.0,4.4,
Desiigner,Priice Tag,942388.0,0.0,0,4,0.8700575903521208,0.1529509551982342,0.0,0.0,2.6,0.0
Desiigner,Tiimmy Turner,4276765.0,0.0,0,27,1.089037796780361,0.0518958251152213,0.0,0.0,3.3,
Desiigner,Up,3007868.0,0.0,0,16,1.0796445086415294,0.0733436518987738,0.0,0.0,3.2,
Destiny's Child,8 Days of Christmas,2193849.0,0.0,0,2,1.1671334164138631,0.1368231091703701,0.0,0.0,3.5,0.0
Destiny's Child,"Bills, Bills, Bills",1016647.0,0.0,0,5,1.0397885310564725,0.0285206563944385,0.0,0.0,3.1,0.0
Devin Dawson,All On Me,15498346.0,0.0,0,74,1.178351668308783,0.0724865602973406,0.0,0.0,3.5,
Dierks Bentley,"Woman, Amen",404823.0,0.0,0,2,3.1935681668182876,1.4865723108961464,0.0,0.0,9.6,0.0
"Dimitri Vegas & Like Mike, David Guetta, Daddy Yankee, Afro Bros, Natti Natasha, Dimitri Vegas, Like Mike",Instagram,100476900.0,0.0,0,119,1.1752847731927407,0.0862578152393796,0.0,0.0,3.5,
"Dimitri Vegas & Like Mike, David Guetta, Dimitri Vegas",Complicated (feat. Kiiara),17595372.0,0.0,0,32,1.108912799424664,0.1134310080011016,0.0,0.0,3.3,
Diodato,Fai rumore,767969.0,0.0,0,1,0.9233818622686694,0.0708507332740689,0.0,0.0,2.8,0.0
Diplo,Dance with Me (feat. Thomas Rhett & Young Thug),2220969.0,0.0,0,10,1.1966754376047115,0.1407785436142441,0.0,0.0,3.6,0.0
Diplo,Heartless (feat. Morgan Wallen),138152975.0,1041321.0,1,388,2.376719046480854,0.114901359670869,0.0,0.8,7.2,
Diplo,"Welcome to the Party (with French Montana & Lil Pump, feat. Zhavia Ward) - from Deadpool 2",35161636.0,2290322.0,2,32,1.5896204262800169,0.1702641464734721,0.0,6.5,7.3,
Diplo,Wish (feat. Trippie Redd),3690423.0,0.0,0,18,1.782577386413954,0.2952880329723844,0.0,0.0,5.3,
Diplo,Worry No More (feat. Lil Yachty & Santigold),0.0,0.0,0,1,0.0,2.6457513110645907,0.0,0.0,0.0,0.0
"Diplo, Jonas Brothers",Lonely,55942174.0,0.0,0,47,1.120657270225944,0.0977821820855376,0.0,0.0,3.4,
"Diplo, Lil Xan",Color Blind,1080271.0,0.0,1,6,0.5559950263980273,0.9686524501298832,0.0,0.0,8.3,0.0
"Diplo, Trippie Redd",Wish - Trippie Mix,1338057.0,0.0,0,5,0.4099774780320838,0.7582166202438365,0.0,0.0,1.2,0.0
Dixie,Be Happy,1062355.0,0.0,0,3,1.5031521236104683,0.7690607618936233,0.0,0.0,4.5,0.0
"Dj Guuga, DJ Ivis","Volta Bebê, Volta Neném",6335266.0,0.0,0,7,1.2959976999412008,0.1956405890950354,0.0,0.0,3.9,0.0
Dj Kass,Scooby Doo Pa Pa,12626957.0,0.0,0,17,3.650752481693503,0.3755711878367151,0.0,0.0,11.0,
Doja Cat,Ain't Shit,36351715.0,0.0,0,14,1.2213058984048797,0.0868942230980859,0.0,0.0,3.7,
Doja Cat,Been Like This,866778.0,0.0,0,4,0.9033648281741756,0.1119620777804518,0.0,0.0,2.7,0.0
Doja Cat,Boss Bitch,291539972.0,0.0,0,184,2.255388407004838,0.0766308529980046,0.0,0.0,6.8,
Doja Cat,Candy,58561576.0,0.0,0,53,1.2426189979613915,0.1096600703044922,0.0,0.0,3.7,
Doja Cat,Freak,4363180.0,0.0,0,7,1.096153007307803,0.4797119434080321,0.0,0.0,3.3,0.0
Doja Cat,Get Into It (Yuh),4169217.0,0.0,0,14,1.0133723303235265,0.0825706255981849,0.0,0.0,3.0,
Doja Cat,I Don't Do Drugs (feat. Ariana Grande),9968737.0,0.0,0,14,0.9802254579614844,0.32261881253143,0.0,0.0,2.9,
Doja Cat,Juicy,10404729.0,258881.0,1,41,3.573360686877897,0.2961197841512849,0.0,2.5,11.7,
Doja Cat,Kiss Me More (feat. SZA),77984998.0,0.0,0,14,1.0670802134934727,0.0420698711776831,0.0,0.0,3.2,
Doja Cat,Like That (feat. Gucci Mane),147778502.0,228207.0,1,153,2.7938772679363755,0.1150241985869272,0.0,0.2,8.6,
Doja Cat,Need To Know,24273131.0,0.0,0,14,1.2609443046348647,0.0749643591700472,0.0,0.0,3.8,
Doja Cat,Options (feat. JID),846467.0,0.0,0,4,0.9085442444881308,0.1069528430541788,0.0,0.0,2.7,0.0
Doja Cat,Say So,722635350.0,1073403.0,1,294,2.3750252890279335,0.0830865560775906,0.0,0.1,7.3,
Doja Cat,Say So (feat. Nicki Minaj),104090981.0,0.0,0,59,1.5110311796365166,0.1168715148471093,0.0,0.0,4.5,
Doja Cat,Streets,20854085.0,0.0,0,16,2.208047914045873,0.2759162817692306,0.0,0.0,6.6,
Doja Cat,Woman,3472651.0,0.0,0,14,1.053243797398748,0.0782317519296373,0.0,0.0,3.2,
"Doja Cat, The Weeknd",You Right,44508135.0,0.0,0,14,0.9967252697779572,0.086819882956444,0.0,0.0,3.0,
"Doja Cat, Tyga",Juicy,50036476.0,437748.0,2,132,2.2275887735653055,0.1228266271761095,0.0,0.9,7.3,
Dominic Fike,3 Nights,331307400.0,2753409.0,3,345,4.7067132395969615,0.1022045074261478,0.0,0.8,14.5,
Don Khuma,Estamos Bien,3495167.0,0.0,0,4,1.0275112745713022,0.0388843600443211,0.0,0.0,3.1,0.0
Don McLean,American Pie,1112695.0,0.0,0,4,1.0949017817581268,0.1758628011227525,0.0,0.0,3.3,0.0
"Don Omar, Zion & Lennox",Te Quiero Pa´Mi,92282313.0,0.0,0,181,1.129700841893584,0.0633722705532016,0.0,0.0,3.4,
Don Patricio,Contando Lunares (feat. Cruz Cafuné),5390477.0,665064.0,1,14,2.3642618188756916,1.1588475701734902,0.0,12.3,9.9,
Don Toliver,After Party,255025964.0,973893.0,1,184,2.955351227543723,0.1354042797656087,0.0,0.4,9.1,
Don Toliver,Cardigan,9935137.0,0.0,0,20,0.9654706115502086,0.2754402557635386,0.0,0.0,2.9,
Don Toliver,Had Enough (feat. Quavo & Offset),26784907.0,0.0,0,40,1.3300976030346636,0.2630106224974585,0.0,0.0,4.0,
Don Toliver,No Idea,317210832.0,0.0,0,224,2.411625195525773,0.0974757376919903,0.0,0.0,7.2,
Donny Hathaway,This Christmas,11324331.0,345260.0,1,20,3.0368208326253052,0.7757258775610157,1.0,3.0,12.6,
"Douglas & Vinicius, MC Bruninho",Figurinha - Ao Vivo,2265130.0,0.0,0,3,1.1606434602161964,0.1168691564225981,0.0,0.0,3.5,0.0
Drake,0 To 100 / The Catch Up,343556.0,0.0,0,2,1.0485952341074698,0.0521393680242429,0.0,0.0,3.1,0.0
Drake,4pm in Calabasas,472442.0,0.0,0,2,0.2918028657205675,0.790765788018132,0.0,0.0,0.9,0.0
Drake,5 Am in Toronto,446847.0,0.0,0,2,0.2815802380478463,0.8062439376881685,0.0,0.0,0.8,0.0
Drake,8 Out Of 10,43558413.0,5349271.0,1,30,0.9447955614021256,0.3169900287971445,0.0,12.3,4.2,
Drake,After Dark (feat. Static Major & Ty Dolla $ign),1786810.0,0.0,0,8,0.9487094685497246,0.5225506536183024,0.0,0.0,2.8,0.0
Drake,Behind Barz - Bonus,76554476.0,0.0,0,80,1.329907270313599,0.1624524191846309,0.0,0.0,4.0,
Drake,Best I Ever Had,1157164.0,0.0,0,5,0.8328698841004456,0.2469067980558189,0.0,0.0,2.5,0.0
Drake,Blem,100816262.0,0.0,0,74,1.255720760340394,0.156827819285118,0.0,0.0,3.8,
Drake,Blue Tint,39578713.0,0.0,0,37,0.957236123292633,0.2207874201242103,0.0,0.0,2.9,
Drake,Can't Have Everything,25961968.0,0.0,0,30,0.956984074955409,0.2484139652141351,0.0,0.0,2.9,
Drake,Can’t Take A Joke,60377486.0,0.0,0,53,1.0159598994305814,0.1793740062765336,0.0,0.0,3.0,
Drake,Chicago Freestyle (feat. Giveon),189307098.0,0.0,0,142,1.2036406042198613,0.1064461680355487,0.0,0.0,3.6,
Drake,Childs Play,1535422.0,0.0,0,11,1.0597897678541384,0.0454222604290697,0.0,0.0,3.2,0.0
Drake,Club Paradise,424427.0,0.0,0,2,0.3443236162971723,1.096834721544385,0.0,0.0,1.0,0.0
Drake,Controlla,89376033.0,0.0,0,163,1.5351491140176956,0.0931357761913419,0.0,0.0,4.6,
Drake,Days in The East,449815.0,0.0,0,2,0.276562805000976,0.8129902935058507,0.0,0.0,0.8,0.0
Drake,Deep Pockets,4230249.0,0.0,2,5,0.5245018515498804,0.7719011977657895,0.0,0.0,17.6,0.0
Drake,Demons (feat. Fivio Foreign & Sosa Geek),14379449.0,0.0,0,13,0.8267955099693464,0.3441513572789826,0.0,0.0,2.5,0.0
Drake,Desires (with Future),8844872.0,0.0,0,12,0.857064457723951,0.5783701352259198,0.0,0.0,2.6,0.0
Drake,Diplomatic Immunity,21033844.0,0.0,0,30,3.5208573838878214,0.4078242683398477,0.0,0.0,10.6,
Drake,Do Not Disturb,49166744.0,0.0,0,91,2.0221312184439717,0.1579595371416992,0.0,0.0,6.1,
Drake,Don’t Matter To Me (with Michael Jackson),131535263.0,0.0,0,87,1.2354913734410626,0.09342185550052,0.0,0.0,3.7,
Drake,Draft Day,218582.0,0.0,1,1,0.3094269750243839,1.01467478164387,0.0,0.0,40.9,0.0
Drake,Dreams Money Can Buy,808692.0,0.0,0,3,0.250619853983378,0.9284627870100914,0.0,0.0,0.8,0.0
Drake,Elevate,62102685.0,5633126.0,1,40,0.9804003035973672,0.2453596747886412,0.0,9.1,3.9,
Drake,Emotionless,71832604.0,6102641.0,1,40,0.9673266178489356,0.2456457631385083,0.0,8.5,3.9,
Drake,Fake Love,439206046.0,0.0,0,305,1.848774219076072,0.0723657092998616,0.0,0.0,5.5,
Drake,Final Fantasy,17315728.0,0.0,0,17,0.9200813286590706,0.3708604940361351,0.0,0.0,2.8,
Drake,Finesse,28865171.0,0.0,0,26,0.9128334321848048,0.3036362832559751,0.0,0.0,2.7,
Drake,Free Smoke,77563667.0,0.0,0,85,1.0714556076688884,0.121666344906155,0.0,0.0,3.2,
Drake,From Florida With Love,4794701.0,0.0,0,7,0.6190664166584428,0.6391047125127148,0.0,0.0,1.9,0.0
Drake,Girls Love Beyoncé (feat. James Fauntleroy),427232.0,0.0,1,3,0.4004774107216884,1.0598760111489571,0.0,0.0,14.5,0.0
Drake,God's Plan,1808768012.0,75342557.0,8,705,3.5417963598602946,0.0848081119737167,0.0,4.2,11.1,
Drake,Gyalchester,173030761.0,0.0,0,161,1.4413709706133588,0.0910200231182914,0.0,0.0,4.3,
Drake,Headlines,521006.0,0.0,0,3,1.0244042922064085,0.0227160710595537,0.0,0.0,3.1,0.0
Drake,Hotline Bling,23554365.0,1055084.0,3,45,1.659745860334619,0.1710964720584018,0.0,4.5,7.6,
Drake,How Bout Now,1803169.0,0.0,0,4,0.6071302379047572,0.6884806176616693,0.0,0.0,1.8,0.0
Drake,I Get Lonely,202820.0,0.0,1,1,0.3215774981370005,0.9922267725156434,0.0,0.0,41.0,0.0
Drake,I'm Upset,282218866.0,29626341.0,4,168,2.764692289197262,0.1180413214012097,0.0,10.5,9.2,
Drake,In My Feelings,1116490284.0,46898316.0,4,363,1.4731164694958616,0.0747867701812907,0.0,4.2,4.9,
Drake,Is There More,21662677.0,0.0,0,19,0.8629460174251699,0.4284333954956032,0.0,0.0,2.6,
Drake,Jaded,28235643.0,0.0,0,25,0.8911860281118327,0.3241205374457111,0.0,0.0,2.7,
Drake,Jorja Interlude,36921314.0,0.0,0,38,0.9895059356583616,0.2127751647365373,0.0,0.0,3.0,
Drake,Landed,6288746.0,0.0,0,8,0.618879370612514,0.6034664758884685,0.0,0.0,1.9,0.0
Drake,Laugh Now Cry Later (feat. Lil Durk),235968683.0,4395764.0,1,80,1.062751882203168,0.1291474054218284,0.0,1.9,3.7,
Drake,Legend,354922.0,0.0,0,2,1.0399271088651223,0.0531331493699972,0.0,0.0,3.1,0.0
Drake,Lose You,21537116.0,0.0,0,24,0.9413731236836532,0.2927288142992534,0.0,0.0,2.8,
Drake,Losses,3187115.0,0.0,2,5,0.5607074965343192,0.7519053514964651,0.0,0.0,17.7,0.0
Drake,Madiba Riddim,43277290.0,0.0,0,39,1.0325962058399425,0.2219752127271547,0.0,0.0,3.1,
Drake,March 14,16172333.0,0.0,0,16,0.8919340511113868,0.3996971101121342,0.0,0.0,2.7,
Drake,Mob Ties,149613024.0,5617308.0,1,131,2.229537339589005,0.1550918079038155,0.0,3.8,7.0,
Drake,Money In The Grave (Drake ft. Rick Ross),749623875.0,6044324.0,1,438,1.332349743591948,0.0803443372708575,0.0,0.8,4.1,
Drake,Nice For What,890026369.0,72597935.0,9,465,3.0378607821066614,0.114796540200775,2.0,8.2,10.0,
Drake,Nonstop,708847443.0,40628464.0,5,476,2.5603608286657913,0.1000902202503235,1.0,5.7,8.2,
Drake,Not You Too (feat. Chris Brown),6292074.0,0.0,1,7,0.5933152433534697,0.6288023467800574,0.0,0.0,7.5,0.0
Drake,Nothings Into Somethings,23095000.0,0.0,0,25,0.9604109586342876,0.2768870742196718,0.0,0.0,2.9,
Drake,Omertà,8979556.0,0.0,0,10,0.7761957678476518,0.4611162319522783,0.0,0.0,2.3,0.0
Drake,Pain 1993 (with Playboi Carti),43506632.0,0.0,0,44,1.0122383135417623,0.2088130385686822,0.0,0.0,3.0,
Drake,Paris Morton Music,0.0,0.0,1,1,0.0,1.219901708704282,0.0,0.0,40.0,0.0
Drake,Passionfruit,549502381.0,925482.0,1,299,3.008768022887238,0.0885550293917749,2.0,0.2,9.4,
Drake,Peak,23523889.0,0.0,0,20,0.8837753520098287,0.4002112593712924,0.0,0.0,2.7,
Drake,Pop Style,8667393.0,0.0,0,50,1.1146931518024386,0.053105429266599,0.0,0.0,3.3,
Drake,Ratchet Happy Birthday,19417681.0,0.0,0,18,0.8789173394334111,0.4082428837251488,0.0,0.0,2.6,
Drake,Sandra’s Rose,34328957.0,3917060.0,1,27,0.9565393085500276,0.321493763547078,0.0,11.4,4.4,
Drake,Signs,143933171.0,0.0,0,67,1.1663381247675124,0.0720987076758607,0.0,0.0,3.5,
Drake,Skepta Interlude,23811537.0,209055.0,1,22,0.910437080259826,0.295692989558509,0.0,0.9,4.5,
Drake,Still Here,7811299.0,0.0,0,46,1.1586252984393506,0.0593030426275337,0.0,0.0,3.5,
Drake,Summer Games,36612188.0,0.0,0,32,1.0275594808620625,0.2769752171089111,0.0,0.0,3.1,
Drake,Survival,42264765.0,16597086.0,4,30,0.942664096223864,0.3363781849022192,0.0,39.3,8.2,
Drake,Talk Up (feat. Jay-Z),1607215.0,0.0,0,7,0.9582382804535592,0.1002443827116903,0.0,0.0,2.9,0.0
Drake,Teenage Fever,73425903.0,0.0,0,101,1.0502919396360189,0.1056977388966822,0.0,0.0,3.2,
Drake,That’s How You Feel,30874146.0,0.0,0,27,0.9390063303811704,0.2885446506952066,0.0,0.0,2.8,
Drake,The Motion,1751231.0,0.0,0,5,0.5942643648000591,0.7743866522097856,0.0,0.0,1.8,0.0
Drake,Time Flies,10115105.0,0.0,0,12,0.6712483439907049,0.5505502510880272,0.0,0.0,2.0,0.0
Drake,Toosie Slide,665309489.0,41703369.0,6,187,1.4168626142579708,0.0710671101116885,0.0,6.3,5.5,
Drake,Trust Issues,1712760.0,0.0,0,5,0.6024362044504115,0.7653593897383696,0.0,0.0,1.8,0.0
Drake,"Two Birds, One Stone",176283.0,0.0,0,1,0.9434348335673268,0.0521242758337048,0.0,0.0,2.8,0.0
Drake,Wants and Needs (feat. Lil Baby),27960574.0,0.0,0,14,1.02936275649194,0.0638188494974677,0.0,0.0,3.1,
Drake,War,5063370.0,0.0,0,5,0.6409672625769235,0.5132020836375659,0.0,0.0,1.9,0.0
Drake,What’s Next,3831553.0,0.0,0,14,1.031075569746421,0.057932596734751,0.0,0.0,3.1,
Drake,When To Say When,4709852.0,0.0,1,6,0.558237870718756,0.715018922580242,0.0,0.0,8.3,0.0
"Drake, 2 Chainz, Big Sean",All Me,644403.0,0.0,0,3,1.0045835498124016,0.0177920836782492,0.0,0.0,3.0,0.0
"Drake, 2 Chainz, Young Thug",Sacrifices,50212111.0,0.0,0,60,1.0465880949817374,0.1612823523979476,0.0,0.0,3.1,
"Drake, 21 Savage",Sneakin’,79010740.0,0.0,0,96,1.1249798359759993,0.1047057035104119,0.0,0.0,3.4,
"Drake, Black Coffee, Jorja Smith",Get It Together,61337220.0,0.0,0,52,1.0208656298088663,0.1602406248953072,0.0,0.0,3.1,
"Drake, Future",Jumpman,39559504.0,0.0,0,119,2.6581906891686486,0.1399427232226109,0.0,0.0,8.0,
"Drake, Giggs",KMT,45821586.0,0.0,0,45,1.0293294752866722,0.188070956518125,0.0,0.0,3.1,
"Drake, Giggs",No Long Talk,42334207.0,0.0,0,38,1.0148226046384703,0.2213071928671819,0.0,0.0,3.0,
"Drake, JAY-Z",Talk Up,38357484.0,4947994.0,1,19,0.8695893423734512,0.289321435061914,0.0,12.9,4.7,
"Drake, Kanye West",Glow,22946837.0,0.0,0,24,0.94630774453306,0.292513159100414,0.0,0.0,2.8,
"Drake, Michael Jackson",Don’t Matter To Me,122549148.0,8013838.0,1,19,1.0397975113928977,0.109989625178471,0.0,6.5,5.2,
"Drake, PARTYNEXTDOOR",Since Way Back,18027730.0,0.0,0,24,0.9611133722697152,0.2921225177981942,0.0,0.0,2.9,
"Drake, Quavo, Travis Scott",Portland,274219338.0,0.0,0,197,1.0887967166807713,0.069705543368477,0.0,0.0,3.3,
"Drake, Rihanna",Too Good,92837748.0,0.0,0,125,1.7503496792981097,0.1491820515904165,0.0,0.0,5.3,
"Drake, Sampha",4422,38631758.0,0.0,0,38,1.015961932551295,0.2090960865039746,0.0,0.0,3.0,
"Drake, Static Major, Ty Dolla $ign",After Dark,31870530.0,0.0,0,19,0.946832429743268,0.2073959953929726,0.0,0.0,2.8,
"Drake, WizKid, Kyla",One Dance,542202568.0,228829.0,1,502,1.5019942222953575,0.073941147727826,0.0,0.0,4.6,
"Drake, Young Thug",Ice Melts,34142776.0,0.0,0,55,1.0500511275799118,0.1441605891351463,0.0,0.0,3.2,
Dreamville,"1993 (with J. Cole, JID, Cozz & EARTHGANG feat. Smino & Buddy)",733895.0,0.0,0,3,0.8054743740639798,0.2689479212107337,0.0,0.0,2.4,0.0
Dreamville,"Costa Rica (with Bas & JID feat. Guapdad 4000, Reese LAFLARE, Jace, Mez, Smokepurpp, Buddy & Ski Mask The Slump God)",36710921.0,0.0,0,110,1.1327870422092936,0.103836992154451,0.0,0.0,3.4,
Dreamville,"Don't Hit Me Right Now (with Bas & Cozz feat. Yung Baby Tate, Guapdad 4000 & Buddy)",707810.0,0.0,0,3,0.7790590004476918,0.3101081972238367,0.0,0.0,2.3,0.0
Dreamville,"Down Bad (feat. JID, Bas, J. Cole, EARTHGANG & Young Nudy)",30121462.0,1568078.0,1,55,4.0513692556897,0.278728144149354,0.0,5.2,12.9,
Dreamville,Got Me (with Ari Lennox & Omen feat. Ty Dolla $ign & Dreezy),710431.0,0.0,0,4,0.8086739706072158,0.3237040551553886,0.0,0.0,2.4,0.0
Dreamville,"Ladies, Ladies, Ladies (with JID feat. T.I.)",427936.0,0.0,0,2,0.7972713761028565,0.2914075479319223,0.0,0.0,2.4,0.0
Dreamville,LamboTruck (with Cozz feat. REASON & Childish Major),1105685.0,0.0,0,4,0.4790155982486077,0.9277842635433936,0.0,0.0,1.4,0.0
Dreamville,"Oh Wow...Swerve (with J. Cole feat. Zoink Gang, KEY! & Maxo Kream)",780908.0,0.0,0,3,0.4879636484199262,0.8946385197099617,0.0,0.0,1.5,0.0
Dreamville,Rembrandt...Run It Back (with JID & J. Cole feat. Vince Staples),449471.0,0.0,0,2,0.7900209042482411,0.2888867482573263,0.0,0.0,2.4,0.0
Dreamville,Sacrifices (with EARTHGANG & J. Cole feat. Smino & Saba),927180.0,0.0,0,4,0.894029317695811,0.1816363147917755,0.0,0.0,2.7,0.0
Dreamville,Self Love (with Ari Lennox & Bas feat. Baby Rose),409792.0,0.0,0,2,0.8018852242245645,0.2915984636034464,0.0,0.0,2.4,0.0
Dreamville,Sleep Deprived (with Lute & Omen feat. Mez & DaVionne),456562.0,0.0,0,2,0.7805847795349659,0.3032257343238909,0.0,0.0,2.3,0.0
Dreamville,Sunset (with J. Cole feat. Young Nudy),6922322.0,0.0,0,18,0.9818688128649544,0.2600356132097794,0.0,0.0,2.9,
Dreamville,"Swivel (with EARTHGANG) - From The Album ""Mirrorland""",701370.0,0.0,0,3,0.483169694506113,0.9149547757164812,0.0,0.0,1.4,0.0
Dreamville,Under The Sun (with J. Cole & Lute feat. DaBaby),28601652.0,0.0,0,71,1.5242220114078708,0.129948862945905,0.0,0.0,4.6,
Dreamville,Wells Fargo (with JID & EARTHGANG feat. Buddy & Guapdad 4000) - Interlude,1513264.0,0.0,0,5,0.4463908411388339,0.7162745603104544,0.0,0.0,1.3,0.0
DripReport,Skechers,168319521.0,0.0,0,128,1.284406145144926,0.0552553969287593,0.0,0.0,3.9,
Dropkick Murphys,I'm Shipping Up To Boston,0.0,0.0,2,2,0.0,1.3832794219585465,0.0,0.0,40.0,0.0
Dua Lipa,Be the One,44498816.0,168131.0,1,69,1.321421358840986,0.122939749394584,0.0,0.4,4.5,
Dua Lipa,Boys Will Be Boys,2907921.0,0.0,0,4,0.6940986780445543,0.3850348549416048,0.0,0.0,2.1,0.0
Dua Lipa,Break My Heart,490090596.0,0.0,0,197,1.1979532944692546,0.0672463064769903,0.0,0.0,3.6,
Dua Lipa,Cool,6784345.0,0.0,0,7,0.763647315581691,0.3266796939716853,0.0,0.0,2.3,0.0
Dua Lipa,Don't Start Now,1334096255.0,37087864.0,6,357,1.4779582884574791,0.0676360401235664,0.0,2.8,5.1,
Dua Lipa,Future Nostalgia,8234200.0,0.0,0,8,1.0344265338130243,0.3929028927803974,0.0,0.0,3.1,0.0
Dua Lipa,Good In Bed,4489249.0,0.0,0,5,0.8189375533664087,0.2931456754219579,0.0,0.0,2.5,0.0
Dua Lipa,Hallucinate,18001241.0,0.0,0,22,1.0731714991838366,0.1572891206869132,0.0,0.0,3.2,
Dua Lipa,IDGAF,770315572.0,0.0,0,515,3.5291748588247827,0.0766212610241614,0.0,0.0,10.6,
Dua Lipa,Levitating,30768328.0,0.0,0,32,1.5783688496139678,0.1614770551406817,0.0,0.0,4.7,
Dua Lipa,Levitating (feat. DaBaby),151999641.0,4858790.0,1,53,1.5709670814292007,0.1509658544492076,0.0,3.2,5.5,
Dua Lipa,Levitating (feat. Madonna and Missy Elliott) [The Blessed Madonna Remix],1877252.0,0.0,0,3,0.6676479545223836,0.5140015409353442,0.0,0.0,2.0,0.0
Dua Lipa,Love Again,7616476.0,0.0,0,8,1.0848677652701817,0.2750732859855973,0.0,0.0,3.3,0.0
Dua Lipa,New Rules,712451286.0,0.0,0,556,3.5649941842662662,0.077992243831316,0.0,0.0,10.7,
Dua Lipa,Physical,356940649.0,0.0,0,212,1.8196405970280751,0.0715397206699988,0.0,0.0,5.5,
Dua Lipa,Pretty Please,7310196.0,0.0,0,7,0.8162021179178286,0.2611701240329169,0.0,0.0,2.4,0.0
Dua Lipa,"Swan Song - From the Motion Picture ""Alita: Battle Angel""",46662600.0,0.0,0,34,1.3240343387383144,0.1550049212676279,0.0,0.0,4.0,
Dua Lipa,Want To,23963282.0,0.0,0,33,1.3450274769543644,0.155356232080923,0.0,0.0,4.0,
Dua Lipa,We're Good,15287089.0,0.0,0,13,1.0173371685000407,0.0624382737740609,0.0,0.0,3.1,0.0
"Dua Lipa, Angèle",Fever,16698842.0,0.0,0,19,1.1636184246587855,0.1128963603190515,0.0,0.0,3.5,
"Dua Lipa, BLACKPINK",Kiss and Make Up,213063702.0,0.0,0,173,1.209803728376496,0.0737189012960081,0.0,0.0,3.6,
Duki,Goteo,65818700.0,0.0,0,81,1.152427425693402,0.0674541812121734,0.0,0.0,3.5,
Duncan Laurence,Arcade,49011481.0,6251752.0,4,43,4.081330687704119,0.3376459676363577,0.0,12.8,16.0,
Dustin Lynch,I'd Be Jealous Too,910646.0,0.0,0,4,1.1404614032035882,0.0964052126475898,0.0,0.0,3.4,0.0
Dustin Lynch,Small Town Boy,24724519.0,0.0,0,116,1.1138777398771158,0.0627591492719089,0.0,0.0,3.3,
Dylan Scott,My Girl,3252723.0,0.0,0,19,1.090606214532066,0.0563564255074222,0.0,0.0,3.3,
"Dynoro, Gigi D'Agostino",In My Mind,693618620.0,681161.0,1,464,3.1538906153417563,0.0846660034949341,0.0,0.1,9.5,
Dímelo Flow,"El Favor (with Nicky Jam & Sech, feat. Farruko, Zion & Lunay)",66388547.0,0.0,0,80,1.2763947641471785,0.0759556815599411,0.0,0.0,3.8,
"Dímelo Flow, Arcangel, Sech",Sigues Con El,280801427.0,0.0,0,210,1.24076064734822,0.061009842387024,0.0,0.0,3.7,
EXO,Tempo,612379.0,0.0,1,2,1.005618343475436,0.3537205740397139,0.0,0.0,23.0,0.0
Eagles,Hotel California - 2013 Remaster,1389609.0,0.0,0,3,1.6412008894433228,0.7757302374070209,0.0,0.0,4.9,0.0
Eagles,Take It Easy - 2013 Remaster,571351.0,0.0,0,2,1.2551272227788868,0.2073726994294397,0.0,0.0,3.8,0.0
"Earth, Wind & Fire",September,18648295.0,5207655.0,8,27,3.86707345509406,0.8432420431147932,2.0,27.9,25.7,
"Eartha Kitt, Henri Rene & His Orchestra",Santa Baby (with Henri René & His Orchestra),40469985.0,2275788.0,5,64,2.9440801995415486,0.6186649033421895,4.0,5.6,13.8,
Ed Sheeran,1000 Nights (feat. Meek Mill & A Boogie Wit da Hoodie),7574354.0,0.0,0,6,0.8590755763029804,0.2418024864964241,0.0,0.0,2.6,0.0
Ed Sheeran,Afterglow,18816468.0,0.0,0,8,1.1226524266360558,0.0845658562122541,0.0,0.0,3.4,0.0
Ed Sheeran,Antisocial (with Travis Scott),112374118.0,0.0,0,59,1.0852877900960274,0.1054104644171031,0.0,0.0,3.3,
Ed Sheeran,BLOW (with Chris Stapleton & Bruno Mars),20688522.0,0.0,0,18,1.9111345782312108,0.2922552179922419,0.0,0.0,5.7,
Ed Sheeran,Bad Habits,88159476.0,0.0,0,14,1.0969671307883797,0.0637895600511058,0.0,0.0,3.3,
Ed Sheeran,Barcelona,71587507.0,0.0,0,65,1.053704599257877,0.080528078519939,0.0,0.0,3.2,
Ed Sheeran,Beautiful People (feat. Khalid),963685962.0,49617369.0,8,443,1.3907894569389725,0.0655656772053994,0.0,5.1,4.9,
Ed Sheeran,Best Part of Me (feat. YEBBA),41798428.0,0.0,0,31,1.6890704760509632,0.1845544021374957,0.0,0.0,5.1,
Ed Sheeran,Bibia Be Ye Ye,41169101.0,0.0,0,35,1.0217638658980974,0.118901518135881,0.0,0.0,3.1,
Ed Sheeran,Castle on the Hill,505427638.0,482742.0,1,237,1.7142729705922988,0.0717486600424739,0.0,0.1,5.3,
Ed Sheeran,Cross Me (feat. Chance the Rapper & PnB Rock),222269714.0,0.0,0,113,1.8932592036916225,0.1027009351657143,0.0,0.0,5.7,
Ed Sheeran,Dive,140390504.0,0.0,0,137,1.1360801935555904,0.0711994994342549,0.0,0.0,3.4,
Ed Sheeran,Don't,3727257.0,0.0,0,8,1.0647161355020525,0.1484475067251364,0.0,0.0,3.2,0.0
Ed Sheeran,Eraser,46081756.0,0.0,0,37,0.9673915015630888,0.1391849509855018,0.0,0.0,2.9,
Ed Sheeran,Feels (feat. Young Thug & J Hus),8066246.0,0.0,0,7,0.8483994319935656,0.2776602552442751,0.0,0.0,2.5,0.0
Ed Sheeran,Galway Girl,461794332.0,17599296.0,3,250,1.6823448415604032,0.0628164061689658,0.0,3.8,5.5,
Ed Sheeran,Give Me Love,924529.0,0.0,0,2,0.8995083138280087,0.1505835481357821,0.0,0.0,2.7,0.0
Ed Sheeran,Happier,399778003.0,0.0,0,482,1.2212942276120375,0.0535380377766238,0.0,0.0,3.7,
Ed Sheeran,Hearts Don't Break Around Here,52916708.0,0.0,0,45,1.013299717923872,0.1146345875760317,0.0,0.0,3.0,
Ed Sheeran,How Would You Feel (Paean),86308515.0,3747107.0,2,69,2.5166637875248576,0.1756893474596156,0.0,4.3,8.7,
Ed Sheeran,I Don't Care (with Justin Bieber),1278897200.0,111728247.0,15,508,1.3875945696739795,0.0664388043792016,0.0,8.7,5.3,
Ed Sheeran,I Don't Want Your Money (feat. H.E.R.),6749511.0,0.0,0,6,0.8713979774616372,0.2556934150484711,0.0,0.0,2.6,0.0
Ed Sheeran,"I See Fire - From ""The Hobbit - The Desolation Of Smaug""",13832715.0,0.0,0,32,1.16836448153716,0.0602514020233382,0.0,0.0,3.5,
Ed Sheeran,Nancy Mulligan,56247239.0,0.0,0,48,1.0665045265716986,0.0961991854542024,0.0,0.0,3.2,
Ed Sheeran,New Man,92009105.0,0.0,0,73,1.0623089713389189,0.0825934639170008,0.0,0.0,3.2,
Ed Sheeran,Nothing On You (feat. Paulo Londra & Dave),19339357.0,0.0,0,19,0.935112813691272,0.1852473853144721,0.0,0.0,2.8,
Ed Sheeran,Perfect,1213241246.0,0.0,0,1170,3.535920930976489,0.0590023123312664,0.0,0.0,10.6,
Ed Sheeran,Perfect Duet (Ed Sheeran & Beyoncé),187271462.0,0.0,0,245,3.4990507352853073,0.0728998313450624,0.0,0.0,10.5,
Ed Sheeran,Photograph,570308784.0,816659.0,1,838,1.8081160784824244,0.0599203188522369,0.0,0.1,5.5,
Ed Sheeran,Put It All on Me (feat. Ella Mai),9253727.0,0.0,0,8,0.8631501895072023,0.2589556155863274,0.0,0.0,2.6,0.0
Ed Sheeran,Remember The Name (feat. Eminem & 50 Cent),46597267.0,0.0,0,34,1.0206333702980213,0.1474033603345243,0.0,0.0,3.1,
Ed Sheeran,Save Myself,37878352.0,0.0,0,33,1.0364491319565554,0.1277499874924164,0.0,0.0,3.1,
Ed Sheeran,Shape of You,2516592817.0,85593483.0,10,1222,1.660959833734226,0.059484463877461,0.0,3.4,5.3,
Ed Sheeran,Shape of You (feat. Nyla & Kranium) - Major Lazer Remix,909544.0,0.0,0,2,0.8006041924201635,0.4133353588611911,0.0,0.0,2.4,0.0
Ed Sheeran,Shape of You - Acoustic,885012.0,0.0,0,2,0.9791979107199988,0.0528152788984243,0.0,0.0,2.9,0.0
Ed Sheeran,Shape of You - Stormzy Remix,4453175.0,0.0,0,9,1.1762908458618715,0.0786263649687306,0.0,0.0,3.5,0.0
Ed Sheeran,South of the Border (feat. Camila Cabello & Cardi B),365482356.0,0.0,0,246,1.5873427318908615,0.0892682832376353,0.0,0.0,4.8,
Ed Sheeran,Supermarket Flowers,72157379.0,0.0,0,67,1.0514009960943946,0.08352810874334,0.0,0.0,3.2,
Ed Sheeran,Take Me Back to London (feat. Stormzy),33132837.0,0.0,0,34,1.0182301481602611,0.1255503705909333,0.0,0.0,3.1,
Ed Sheeran,Tenerife Sea,7172476.0,0.0,0,17,1.2554569995863865,0.0772736539042454,0.0,0.0,3.8,
Ed Sheeran,The A Team,4521094.0,0.0,0,8,0.9653180991397716,0.2036374423122598,0.0,0.0,2.9,0.0
Ed Sheeran,Thinking out Loud,458130435.0,0.0,0,702,1.8297178098509317,0.0618330394603834,0.0,0.0,5.5,
Ed Sheeran,Way To Break My Heart (feat. Skrillex),6698300.0,0.0,0,6,0.8494506365659301,0.2661679198129693,0.0,0.0,2.5,0.0
Ed Sheeran,What Do I Know?,100225003.0,0.0,0,93,1.0393768682455735,0.0705104870129335,0.0,0.0,3.1,
"El Alfa, Chael Produciendo",Singapur,5886215.0,0.0,0,9,1.0782567874738505,0.0540116548318078,0.0,0.0,3.2,0.0
El Profesor,Bella ciao - HUGEL Remix,1757150.0,0.0,0,3,3.4794393811983153,1.296848347509142,0.0,0.0,10.4,0.0
Electric Light Orchestra,Mr. Blue Sky,785355.0,0.0,0,3,0.7716528415276196,0.4173647399391622,0.0,0.0,2.3,0.0
Eleni Foureira,Fuego,2608062.0,0.0,0,5,2.517997298745726,0.9574532468762162,0.0,0.0,7.6,0.0
Eli Young Band,Love Ain't,7254139.0,0.0,0,33,1.0605359584584688,0.0449510190670772,0.0,0.0,3.2,
Ella Fitzgerald,Frosty The Snowman,3515686.0,0.0,0,2,1.2048632543583266,0.1705029284131924,0.0,0.0,3.6,0.0
Ella Fitzgerald,Sleigh Ride,6254850.0,0.0,2,5,1.768386312263036,0.7039470844099636,0.0,0.0,21.3,0.0
Ella Mai,Boo'd Up,118326762.0,0.0,0,190,2.1702242690773237,0.0948623149174377,0.0,0.0,6.5,
Ella Mai,Trip,123280347.0,0.0,0,194,3.4863339788587164,0.1290699338641183,0.0,0.0,10.5,
"Elle King, Miranda Lambert",Drunk (And I Don't Wanna Go Home),2175805.0,0.0,0,10,1.1123611893490395,0.059315921756867,0.0,0.0,3.3,0.0
Ellie Goulding,Close To Me (with Diplo) (feat. Swae Lee),411514084.0,0.0,0,284,1.2969428045335645,0.0872557248362439,0.0,0.0,3.9,
Ellie Goulding,Hate Me (with Juice WRLD),336774164.0,0.0,0,366,2.936354053830455,0.1526893946578339,1.0,0.0,8.9,
Ellie Goulding,"Love Me Like You Do - From ""Fifty Shades Of Grey""",695947.0,0.0,0,1,1.030419937972682,0.345047800070468,0.0,0.0,3.1,0.0
Ellie Goulding,Sixteen,89894403.0,0.0,0,82,1.1759245024275202,0.0958533570500162,0.0,0.0,3.5,
Elton John,"Rocket Man (I Think It's Going To Be A Long, Long Time)",6842916.0,0.0,0,10,1.0678868504481387,0.1861127975881451,0.0,0.0,3.2,0.0
Elton John,Step Into Christmas,42512443.0,0.0,0,35,2.1676874716105687,0.3175716914697898,0.0,0.0,6.5,
Elvis Presley,Blue Christmas,86510174.0,2907058.0,3,72,2.871142572899867,0.4190416791275277,0.0,3.4,10.3,
Elvis Presley,Here Comes Santa Claus (Right Down Santa Claus Lane),3401299.0,0.0,0,2,1.239394821079592,0.2597453885272398,0.0,0.0,3.7,0.0
Eminem,Alfred - Interlude,4219316.0,0.0,0,5,0.6274140337056837,0.5745618165717958,0.0,0.0,1.9,0.0
Eminem,Alfred - Outro,218426.0,0.0,0,1,0.2146352552126051,0.7032439263556833,0.0,0.0,0.6,0.0
Eminem,Darkness,24806717.0,0.0,0,15,0.8623210799009886,0.243489258136989,0.0,0.0,2.6,
Eminem,Em Calls Paul - Skit,14756952.0,0.0,0,11,0.8874440878437725,0.3275432954257388,0.0,0.0,2.7,0.0
Eminem,Fall,83896808.0,0.0,0,50,1.0592321330185572,0.1225899228907814,0.0,0.0,3.2,
Eminem,Farewell,7668648.0,0.0,0,6,0.7824434537577989,0.2901454503736378,0.0,0.0,2.3,0.0
Eminem,Godzilla (feat. Juice WRLD),582608103.0,12378408.0,3,276,1.4584774096649218,0.0799438194424156,0.0,2.1,4.8,
Eminem,Good Guy (feat. Jessie Reyez),26349691.0,0.0,0,19,1.0026874996091475,0.1764563791271039,0.0,0.0,3.0,
Eminem,Greatest,60802776.0,0.0,0,37,0.9882901285500866,0.1957528981387818,0.0,0.0,3.0,
Eminem,"I Will (feat. KXNG Crooked, Royce Da 5'9"" & Joell Ortiz)",5219698.0,0.0,0,6,0.7578801098889637,0.384779351930207,0.0,0.0,2.3,0.0
Eminem,In Too Deep,11098245.0,0.0,1,9,0.7404311134036168,0.399232805187373,0.0,0.0,6.7,0.0
Eminem,Kamikaze,49977109.0,0.0,0,33,1.0110867140182889,0.2458356436082301,0.0,0.0,3.0,
Eminem,Killshot,92962526.0,0.0,0,70,1.288769448584388,0.1741512236064012,0.0,0.0,3.9,
Eminem,Leaving Heaven (feat. Skylar Grey),15268304.0,0.0,0,11,0.7832787364990622,0.2914771484931846,0.0,0.0,2.3,0.0
Eminem,Little Engine,6502960.0,0.0,0,6,0.7418933683634209,0.3574586827849677,0.0,0.0,2.2,0.0
Eminem,Lock It Up (feat. Anderson .Paak),10745565.0,0.0,0,11,0.8042683783471585,0.395884172242206,0.0,0.0,2.4,0.0
Eminem,"Lose Yourself - From ""8 Mile"" Soundtrack",160942023.0,177958.0,1,281,1.8694340489133583,0.0896391922402757,0.0,0.1,5.8,
Eminem,Lucky You (feat. Joyner Lucas),330551689.0,13198184.0,3,205,2.733141140444119,0.1473803554983229,1.0,4.0,8.9,
Eminem,Marsh,8943508.0,0.0,0,8,0.7833327907809499,0.3602622169248127,0.0,0.0,2.3,0.0
Eminem,Never Love Again,7443432.0,0.0,0,6,0.7765551495356912,0.3354301572285592,0.0,0.0,2.3,0.0
Eminem,Nice Guy (with Jessie Reyez),20423681.0,0.0,0,15,0.9766820515544778,0.2144081956602036,0.0,0.0,2.9,
Eminem,No Regrets (feat. Don Toliver),10997496.0,0.0,0,11,0.7994646180549402,0.3899149755142266,0.0,0.0,2.4,0.0
Eminem,Normal,34335183.0,0.0,0,26,0.9642939446079658,0.3017505414090892,0.0,0.0,2.9,
Eminem,Premonition - Intro,8691581.0,0.0,0,7,0.7227442292835827,0.4996018244312598,0.0,0.0,2.2,0.0
Eminem,Rap God,6457640.0,0.0,0,42,1.0994339373817767,0.0534751583903966,0.0,0.0,3.3,
Eminem,River (feat. Ed Sheeran),218806851.0,3490155.0,1,147,3.5308020981542514,0.0929077789186998,0.0,1.6,10.9,
Eminem,Stepdad,8252666.0,0.0,0,7,0.7591253531697192,0.354626757060293,0.0,0.0,2.3,0.0
Eminem,Stepping Stone,31736909.0,0.0,0,21,0.9593230745615718,0.198466754155696,0.0,0.0,2.9,
Eminem,The Real Slim Shady,4922292.0,0.0,0,7,1.020092062803263,0.0276675726401033,0.0,0.0,3.1,0.0
Eminem,The Ringer,118703798.0,0.0,0,67,1.3744079387276598,0.2082988461057799,0.0,0.0,4.1,
Eminem,Those Kinda Nights (feat. Ed Sheeran),32509238.0,0.0,0,21,0.8958555254867897,0.2097667955293515,0.0,0.0,2.7,
Eminem,Unaccommodating (feat. Young M.A),19915012.0,0.0,0,13,0.8305396955687264,0.3177687166296523,0.0,0.0,2.5,0.0
Eminem,Venom - Music From The Motion Picture,116018652.0,0.0,0,91,1.4653626064279937,0.1262030457884228,0.0,0.0,4.4,
Eminem,"Yah Yah (feat. Royce Da 5'9"", Black Thought, Q-Tip & Denaun)",7903129.0,0.0,0,7,0.7976790418239083,0.3745898069369353,0.0,0.0,2.4,0.0
Eminem,"You Gon’ Learn (feat. Royce Da 5'9"" & White Gold)",22944071.0,0.0,0,16,0.8814281659346334,0.3126512332351868,0.0,0.0,2.6,
"Eminem, Nate Dogg",'Till I Collapse,85126100.0,0.0,0,183,2.62512929486153,0.3202644698260186,0.0,0.0,7.9,
"Eminem, Royce Da 5'9""",Not Alike (feat. Royce Da 5'9),71463707.0,0.0,0,47,1.641188084222509,0.2730364262642885,0.0,0.0,4.9,
"Emma Stone, Callie Hernandez, Sonoya Mizuno, Jessica Rothe","Someone In The Crowd - From ""La La Land"" Soundtrack",455515.0,0.0,0,1,1.0913954706782485,0.0805488944495514,0.0,0.0,3.3,0.0
Eno,Blackberry Sky,9268434.0,0.0,0,12,1.061042431811161,0.1095068426228113,0.0,0.0,3.2,0.0
"Eno, MERO",Ferrari,11773768.0,0.0,0,14,1.0913742399997213,0.1677637552341787,0.0,0.0,3.3,
Enrique Iglesias,DUELE EL CORAZON (feat. Wisin),30632851.0,0.0,0,65,1.1428576282263927,0.0717650050747773,0.0,0.0,3.4,
Enrique Iglesias,EL BAÑO (feat. Bad Bunny),115633522.0,2752329.0,2,124,3.614218236015868,0.1046822219800531,0.0,2.4,11.5,
Enrique Iglesias,SUBEME LA RADIO (feat. Descemer Bueno & Zion & Lennox),278053063.0,0.0,0,184,1.2511923637128872,0.0708159966410904,0.0,0.0,3.8,
Eslabon Armado,Dame Tu Calor,456722.0,0.0,0,2,0.6574519720240906,0.4243214338817603,0.0,0.0,2.0,0.0
FLETCHER,Undrunk,35978644.0,0.0,0,43,4.1951739853950425,0.4071812164495405,0.0,0.0,12.6,
"FRENSHIP, Emily Warren",Capsize,48011495.0,0.0,0,76,1.2924910620897765,0.0873051038522211,0.0,0.0,3.9,
Fall Out Boy,Young And Menace,531015.0,0.0,1,3,0.5053421364396975,1.029785514251781,0.0,0.0,14.8,0.0
Famous Dex,JAPAN,265582584.0,0.0,0,297,2.3510170372328765,0.1138572823962777,0.0,0.0,7.1,
Famous Dex,"Nervous (feat. Lil Baby, Jay Critch & Rich the Kid)",2027804.0,0.0,0,8,1.0083263475394282,0.0840933729911843,0.0,0.0,3.0,0.0
Famous Dex,PICK IT UP (feat. A$AP Rocky),229058293.0,0.0,0,323,3.561498906554761,0.0928011676106342,0.0,0.0,10.7,
Farid Bang,Maghreb Gang (feat. French Montana & Khaled),7006714.0,0.0,0,10,1.1631687305599565,0.0921993331753582,0.0,0.0,3.5,0.0
"Farid Bang, Capo, 6ix9ine, SCH",INTERNATIONAL GANGSTAS,1135625.0,0.0,0,2,0.8815951309016646,0.2791435963061607,0.0,0.0,2.6,0.0
Farruko,Chillax (feat. Ky-Mani Marley),25822083.0,0.0,0,59,1.1213559250706926,0.0556907035178489,0.0,0.0,3.4,
Farruko,La Tóxica,76450842.0,0.0,0,51,1.5817714416360351,0.0984015987946978,0.0,0.0,4.7,
Farruko,Pepas,3359076.0,0.0,0,3,1.3449784614227236,0.1964692879475716,0.0,0.0,4.0,0.0
"Farruko, Bad Bunny, Rvssian",Krippy Kush,18149977.0,0.0,0,23,1.2728149878299433,0.0929857598011138,0.0,0.0,3.8,
"Feid, J Balvin, Justin Quiles","PORFA Remix ( Feat. Maluma, Nicky Jam, Sech) - Remix",67120606.0,0.0,0,70,1.5425140700017768,0.0775180233745853,0.0,0.0,4.6,
"Feid, Justin Quiles",PORFA,135199496.0,0.0,0,129,1.2243195986110984,0.0551756170391333,0.0,0.0,3.7,
"Felipe Araújo, Ferrugem",Atrasadinha - Ao Vivo,41658743.0,1459712.0,3,65,3.5518718613543157,0.3891158152041599,1.0,3.5,13.0,
"Felipe Original, MC Kevin o Chris, Sodré, JS o Mão de Ouro",Hit Contagiante,3193683.0,0.0,0,8,2.3823883116747777,1.567472926705552,0.0,0.0,7.1,0.0
"Felix Jaehn, Hight, Alex Aiono",Hot2Touch,34181080.0,0.0,0,67,1.1303501420313682,0.0663509047640228,0.0,0.0,3.4,
"Fernando & Sorocaba, Tarcísio do Acordeon",Só Não Divulga,1522778.0,0.0,0,2,1.039431406286414,0.1142955996365591,0.0,0.0,3.1,0.0
Fero47,Puerto Rico,4143807.0,0.0,0,6,1.0240315111642502,0.1196522249773319,0.0,0.0,3.1,0.0
Fetty Wap,679 (feat. Remy Boyz),331809.0,0.0,0,2,1.111355705045613,0.0890421260813254,0.0,0.0,3.3,0.0
Fetty Wap,Trap Queen,271382.0,0.0,0,2,0.998054090639894,0.0713312484764522,0.0,0.0,3.0,0.0
Fifth Harmony,Angel,0.0,0.0,1,1,0.0,0.9534318027562338,0.0,0.0,40.0,0.0
Fifth Harmony,He Like That,3706086.0,0.0,0,5,0.8963383550934326,0.3296214840754373,0.0,0.0,2.7,0.0
Fifth Harmony,Work from Home (feat. Ty Dolla $ign),135001400.0,0.0,0,203,1.3180147363998005,0.0899409857490222,0.0,0.0,4.0,
"Fifth Harmony, Gucci Mane",Down,108001747.0,0.0,0,88,1.446016935444979,0.076165845308034,0.0,0.0,4.3,
Fiona Apple,I Want You To Love Me,211337.0,0.0,0,1,0.678853335960186,0.3099227969347317,0.0,0.0,2.0,0.0
Fleetwood Mac,Dreams - 2004 Remaster,97477081.0,4373214.0,2,77,4.212439706170762,0.1689237629063246,0.0,4.5,13.7,
Fleetwood Mac,Landslide,1396952.0,0.0,0,6,1.1095354617953714,0.0798440207408853,0.0,0.0,3.3,0.0
Fleetwood Mac,The Chain - 2004 Remaster,4702001.0,0.0,0,10,2.843505515667357,0.5986625851791021,0.0,0.0,8.5,0.0
Flipp Dinero,How I Move (feat. Lil Baby),22148156.0,0.0,0,83,1.1496901089212106,0.0743880146170852,0.0,0.0,3.4,
Flipp Dinero,Leave Me Alone,432894533.0,0.0,0,416,2.3605362960412144,0.08118233225746,0.0,0.0,7.1,
Flo Rida,My House,692937.0,0.0,0,5,0.5382300408602677,0.6849942778750476,0.0,0.0,1.6,0.0
"Flo Rida, 99 Percent",Cake - Challenge Version,72628456.0,0.0,0,87,1.4078374491173835,0.113347024403462,0.0,0.0,4.2,
Florence + The Machine,Big God,0.0,0.0,1,1,0.0,2.23606797749979,0.0,0.0,40.0,0.0
Florence + The Machine,Hunger,589790.0,0.0,1,2,2.3923660406441405,1.4412991364519814,0.0,0.0,27.2,0.0
Florida Georgia Line,H.O.L.Y.,14219236.0,0.0,0,86,1.160385811058469,0.0438827557406202,0.0,0.0,3.5,
Florida Georgia Line,I Love My Country,982259.0,0.0,0,4,1.0998436088398964,0.1608455774462522,0.0,0.0,3.3,0.0
Florida Georgia Line,Simple,73455175.0,0.0,0,162,2.227305523711158,0.1521485199082357,0.0,0.0,6.7,
Florida Georgia Line,Talk You Out Of It,15428603.0,216134.0,1,68,2.9327608432275265,0.123203624165534,0.0,1.4,9.4,
"Florida Georgia Line, Backstreet Boys","God, Your Mama, And Me",9740378.0,0.0,0,52,1.0926910566613657,0.0458240498829996,0.0,0.0,3.3,
"Florida Georgia Line, Tim McGraw",May We All,10799176.0,0.0,0,63,1.099694978482316,0.0517243376142918,0.0,0.0,3.3,
Flume,Say It (feat. Tove Lo),7381328.0,0.0,0,25,1.204754320980758,0.2496902221754759,0.0,0.0,3.6,
"Flume, kai",Never Be Like You,24920059.0,0.0,0,51,1.8061480956370433,0.3051991343454797,0.0,0.0,5.4,
Foster The People,Pumped Up Kicks,4455336.0,0.0,0,8,1.6633452743481485,0.436526911004308,0.0,0.0,5.0,0.0
Foster The People,Sit Next to Me - Stereotypes Remix,1818180.0,0.0,0,9,1.0757448464507138,0.0387712341720072,0.0,0.0,3.2,0.0
Fousheé,Deep End,27527543.0,0.0,0,26,1.0636292726833916,0.0926143800291192,0.0,0.0,3.2,
Frank Ocean,Cayendo (Side A - Acoustic),436031.0,0.0,1,2,0.3210602830155228,1.15512542306834,0.0,0.0,21.0,0.0
Frank Ocean,Chanel,35316011.0,0.0,0,102,1.3348513729103249,0.142296892571433,0.0,0.0,4.0,
Frank Ocean,DHL,6750456.0,0.0,1,13,0.9877355800789928,0.5362841753226438,0.0,0.0,6.0,0.0
Frank Ocean,Dear April (Side A - Acoustic),734164.0,0.0,3,3,0.2719217283223675,0.9053465207717784,0.0,0.0,40.8,0.0
Frank Ocean,In My Room,9126883.0,1388926.0,2,18,1.5988310463716953,0.5986565785123146,0.0,15.2,9.2,
Frank Ocean,Moon River,1436701.0,0.0,0,7,0.9646306087078812,0.7616803869355795,0.0,0.0,2.9,0.0
Frank Ocean,Provider,192587.0,0.0,1,2,0.8897802350114733,0.3855838449511192,0.0,0.0,22.7,0.0
"Frank Ocean, JAY-Z, Tyler, The Creator",Biking,1762076.0,0.0,0,9,1.065890862748244,0.1653223930084582,0.0,0.0,3.2,0.0
Frank Sinatra,Jingle Bells - Remastered 1999,8511824.0,0.0,0,5,1.5506675187762078,0.405176607021288,0.0,0.0,4.7,0.0
Frank Sinatra,Let It Snow! Let It Snow! Let It Snow! (with The B. Swanson Quartet),156791884.0,7145660.0,4,82,2.8721702479080005,0.3362890143288854,0.0,4.6,10.6,
Frank Sinatra,Mistletoe And Holly - Remastered 1999,26589110.0,3348497.0,3,48,2.842792454736356,0.4422491502453669,2.0,12.6,12.3,
Frank Sinatra,The First Noel - Remastered 1999,5380913.0,0.0,2,5,2.1816174418940286,0.8655072835742134,0.0,0.0,22.5,0.0
French Montana,No Stylist (feat. Drake),264201246.0,0.0,0,199,1.5242838701800798,0.1094258659412436,0.0,0.0,4.6,
French Montana,Slide (feat. Blueface & Lil Tjay),1209183.0,0.0,0,5,0.6588306201449812,0.9173665416619616,0.0,0.0,2.0,0.0
French Montana,"Writing on the Wall (feat. Post Malone, Cardi B & Rvssian)",14460771.0,0.0,0,16,2.3358245224147747,0.4286188253944015,1.0,0.0,8.9,
"French Montana, Pharrell Williams",Bring Dem Things,2013163.0,0.0,0,11,1.026092817586461,0.4453041728036437,0.0,0.0,3.1,0.0
"French Montana, Rvssian",Writing on the Wall (feat. Post Malone & Cardi B),48340366.0,0.0,0,33,1.0882352060120373,0.0929592918022387,0.0,0.0,3.3,
"French Montana, Swae Lee",Unforgettable,761042621.0,0.0,0,397,1.649546214037234,0.0841570170307903,0.0,0.0,4.9,
"French Montana, The Weeknd, Max B",A Lie,6809517.0,0.0,0,13,0.9587201937893388,0.4023642688878791,0.0,0.0,2.9,0.0
"Frenna, Lil Kleine",Verleden Tijd,9776798.0,0.0,0,14,1.185681457455699,0.1212710374685172,0.0,0.0,3.6,
Friyie,Money Team,0.0,0.0,1,1,0.0,1.7320508075688774,0.0,0.0,40.0,0.0
Future,31 DAYS,1730339.0,0.0,0,6,0.9162961267758888,0.6883167296426391,0.0,0.0,2.7,0.0
Future,All Bad (feat. Lil Uzi Vert),3827568.0,0.0,0,5,0.7615289491092709,0.4924733317677994,0.0,0.0,2.3,0.0
Future,CUDDLE MY WRIST,499221.0,0.0,0,2,0.4531133698583334,0.8875424418233988,0.0,0.0,1.4,0.0
Future,Call the Coroner,206276.0,0.0,0,1,0.3510369814454604,0.9316495371507688,0.0,0.0,1.1,0.0
Future,Comin Out Strong (feat. The Weeknd),44168911.0,0.0,0,105,1.12996654874986,0.1066674867426022,0.0,0.0,3.4,
Future,Crushed Up,62191241.0,0.0,0,61,1.7656594549383582,0.1508411505535421,0.0,0.0,5.3,
Future,DOH DOH (feat. Young Scooter),187261.0,0.0,0,1,0.642418760384731,0.3764685328644817,0.0,0.0,1.9,0.0
Future,Damage,747977.0,0.0,0,4,0.813452399809916,0.2915891509024461,0.0,0.0,2.4,0.0
Future,Draco,16887656.0,0.0,0,54,1.0766901053056557,0.1453344195251655,0.0,0.0,3.2,
Future,Extra Luv (feat. YG),3547522.0,0.0,0,18,1.0338350147656237,0.2724193228725433,0.0,0.0,3.1,
Future,F&N,720537.0,0.0,1,3,0.4773141126781885,0.9636044221441108,0.0,0.0,14.8,0.0
Future,F*ck Up Some Commas,1366086.0,0.0,0,8,1.13126707857551,0.0801583023407022,0.0,0.0,3.4,0.0
Future,Faceshot,208207.0,0.0,1,1,0.3626581495766518,0.9194310369854048,0.0,0.0,41.1,0.0
Future,Feds Did a Sweep,847863.0,0.0,0,5,0.8548223585309747,0.2574997678752124,0.0,0.0,2.6,0.0
Future,First Off (feat. Travis Scott),47853086.0,0.0,0,56,1.0954773409316525,0.1427881526460943,0.0,0.0,3.3,
Future,Fresh Air,712438.0,0.0,0,4,0.8885042915759745,0.2065383060598928,0.0,0.0,2.7,0.0
Future,Good Dope,1502849.0,0.0,0,7,0.794591472596382,0.7204484424501473,0.0,0.0,2.4,0.0
Future,Government Official,2378165.0,0.0,0,6,0.7028499246005573,0.670334007944091,0.0,0.0,2.1,0.0
Future,Hallucinating,511394.0,0.0,0,3,0.9170222866438378,0.178087413998343,0.0,0.0,2.8,0.0
Future,Hard To Choose One,467723.0,0.0,0,2,0.3751730473340963,1.000378590952724,0.0,0.0,1.1,0.0
Future,Harlem Shake (feat. Young Thug),475429.0,0.0,0,2,0.3533103418365462,1.0395364257167616,0.0,0.0,1.1,0.0
Future,HiTek Tek,230806.0,0.0,1,1,0.2830097988164907,1.0930419312723698,0.0,0.0,40.8,0.0
Future,High Demand,1887492.0,0.0,0,8,0.6919686102272329,0.5475100549709039,0.0,0.0,2.1,0.0
Future,I'm so Groovy,9406054.0,0.0,0,49,1.0743759098594492,0.1439883314085154,0.0,0.0,3.2,
Future,Incredible,2443193.0,0.0,0,11,0.8748399550319729,0.4070220016303475,0.0,0.0,2.6,0.0
Future,Jumpin on a Jet,10304697.0,1046320.0,1,22,3.028133567973312,0.6810904934882895,0.0,10.2,10.9,
Future,Keep Quiet,154341.0,0.0,0,1,0.8075691457633504,0.1840523171721265,0.0,0.0,2.4,0.0
Future,Last Name (feat. Lil Durk),333491.0,0.0,0,1,1.2388469806236873,0.2133921899118603,0.0,0.0,3.7,0.0
Future,Life Is Good (feat. Drake),734768002.0,50920118.0,9,287,1.366105580741361,0.0726289865071933,0.0,6.9,5.4,
Future,"Life Is Good (feat. Drake, DaBaby & Lil Baby) - Remix",36078182.0,2987217.0,3,75,3.3402336454876456,0.2017308981553126,1.0,8.3,12.0,
Future,Lookin Exotic,1326288.0,0.0,0,6,0.8035408048512974,0.656730114487821,0.0,0.0,2.4,0.0
Future,Low Life (feat. The Weeknd),89270319.0,0.0,0,232,1.5587240509210611,0.083543349344577,0.0,0.0,4.7,
Future,Mask Off,665117526.0,12520410.0,3,283,2.1502496337573693,0.1240269255947115,0.0,1.9,6.9,
Future,Mask Off (feat. Kendrick Lamar) - Remix,27270225.0,0.0,0,43,1.1591959993583485,0.1586527170040411,0.0,0.0,3.5,
Future,Might as Well,1446839.0,0.0,0,6,0.8450137679710645,0.5835042377818567,0.0,0.0,2.5,0.0
Future,My Collection,1590861.0,0.0,0,7,0.7091386362479186,0.6060554017509563,0.0,0.0,2.1,0.0
Future,Never Stop,658343.0,0.0,0,3,0.2988369904483257,0.9104469897667132,0.0,0.0,0.9,0.0
Future,One Of My,226305.0,0.0,0,1,0.3194683644371665,1.023351667314949,0.0,0.0,1.0,0.0
Future,Outta Time,938295.0,0.0,0,5,0.6329890857480135,0.8371001787405421,0.0,0.0,1.9,0.0
Future,Oxy (feat. Lil Wayne),720044.0,0.0,0,3,0.4110681096977104,1.1042917339990437,0.0,0.0,1.2,0.0
Future,POA,1566766.0,0.0,0,7,0.7768747853859479,0.6423853743225857,0.0,0.0,2.3,0.0
Future,Please Tell Me,463246.0,0.0,0,2,0.4236204069842054,0.9606478843054782,0.0,0.0,1.3,0.0
Future,Poppin' Tags,880875.0,0.0,0,5,0.8576246143089584,0.3061621951869557,0.0,0.0,2.6,0.0
Future,Posted With Demons,220972.0,0.0,0,1,0.3245215148801932,1.0137694392632486,0.0,0.0,1.0,0.0
Future,Promise U That,549252.0,0.0,0,2,0.3327725177981499,0.6829343530908629,0.0,0.0,1.0,0.0
Future,RACKS BLUE,717704.0,0.0,0,3,0.4368304191319604,0.9495326490303956,0.0,0.0,1.3,0.0
Future,RED LIGHT,186785.0,0.0,0,1,0.627296999277946,0.3982093478759315,0.0,0.0,1.9,0.0
Future,Rent Money,21125915.0,0.0,0,68,1.101956536733979,0.1304137750477558,0.0,0.0,3.3,
Future,Ridin Strikers,503315.0,0.0,0,2,0.2728397170593767,0.8151673344721038,0.0,0.0,0.8,0.0
Future,Rocket Ship,665538.0,0.0,1,3,0.43487826028484,1.0403736849932124,0.0,0.0,14.6,0.0
Future,Scrape,924721.0,0.0,0,5,0.6205657357394968,0.8259935132472137,0.0,0.0,1.9,0.0
Future,Selfish (feat. Rihanna),181095080.0,0.0,0,153,1.2707852025111344,0.1105795078519451,0.0,0.0,3.8,
Future,Solitaires (feat. Travis Scott),39481165.0,0.0,0,55,1.410248998470073,0.2410588204244672,0.0,0.0,4.2,
Future,Solo,921861.0,0.0,0,5,0.9510419756704916,0.1449266388488141,0.0,0.0,2.9,0.0
Future,Sorry,4209875.0,0.0,0,19,1.0673339138417506,0.2683834220869995,0.0,0.0,3.2,
Future,Stick to the Models,195905.0,0.0,0,1,0.6081192243340814,0.3897245149734111,0.0,0.0,1.8,0.0
Future,Super Trapper,3132129.0,0.0,0,13,0.933286685120151,0.4020630691797945,0.0,0.0,2.8,0.0
Future,Temptation,646003.0,0.0,1,3,0.4278770296425862,1.045962986434023,0.0,0.0,14.6,0.0
Future,Testify,523153.0,0.0,0,3,0.8522910491655806,0.2472083204503807,0.0,0.0,2.6,0.0
Future,Too Comfortable,438550.0,0.0,0,2,0.4179148136256926,0.9448375005165665,0.0,0.0,1.3,0.0
Future,Touch The Sky,216043.0,0.0,1,1,0.2819279686913447,1.0937163275279291,0.0,0.0,40.8,0.0
Future,Transformer (feat. Nicki Minaj),1385214.0,0.0,0,5,0.4274671064877696,0.8344815188969916,0.0,0.0,1.3,0.0
Future,Trapped In The Sun,534730.0,0.0,0,2,0.2563936994236836,0.8828601609251026,0.0,0.0,0.8,0.0
Future,Trillionaire (feat. Youngboy Never Broke Again),6173740.0,0.0,0,11,0.8227103994015753,0.5009119910330871,0.0,0.0,2.5,0.0
Future,Tycoon,1800110.0,0.0,0,7,0.8994747029620555,0.7011717075058562,0.0,0.0,2.7,0.0
Future,Undefeated (feat. Lil Keed),216753.0,0.0,0,1,0.7924421382053582,0.2033321159384404,0.0,0.0,2.4,0.0
Future,Unicorn Purp (feat. Young Thug & Gunna),200061.0,0.0,1,1,0.3352972034125083,0.9628114727360012,0.0,0.0,41.0,0.0
Future,Use Me,2487767.0,0.0,0,12,1.0192275536532192,0.3911038170215931,0.0,0.0,3.1,0.0
Future,Used to This (feat. Drake),36396154.0,0.0,0,76,1.11706816119153,0.1103615275705853,0.0,0.0,3.4,
Future,WHEN I THINK ABOUT IT,514670.0,0.0,0,2,0.8069922039084508,0.2525983005354626,0.0,0.0,2.4,0.0
Future,WIFI LIT,9767480.0,0.0,0,19,1.012316815933452,0.3360538974543496,0.0,0.0,3.0,
Future,When I Was Broke,305727.0,0.0,0,2,0.758619918080167,0.2927561985818306,0.0,0.0,2.3,0.0
Future,XanaX Damage,204517.0,0.0,0,1,0.3162043989729751,1.0608550189266053,0.0,0.0,0.9,0.0
Future,You Da Baddest (feat. Nicki Minaj),2998987.0,0.0,0,8,1.902823268820064,0.5430927419735538,0.0,0.0,5.7,0.0
Future,Zoom,2332361.0,0.0,0,11,0.8652084312134284,0.4945557130864577,0.0,0.0,2.6,0.0
"Future, Chris Brown",PIE,2262980.0,0.0,0,8,2.26923195956053,0.7530223085056197,1.0,0.0,10.6,0.0
"Future, Doe Boy",100 Shooters (feat. Meek Mill),3016304.0,0.0,0,12,1.0397433029070855,0.1281266797388177,0.0,0.0,3.1,0.0
"Future, Drake, Young Thug",D4L,10745637.0,0.0,0,14,1.046358434911554,0.5218614234016711,0.0,0.0,3.1,
"Future, Juice WRLD",7 Am Freestyle,1280474.0,0.0,0,5,0.4731540724634397,1.0549024178014454,0.0,0.0,1.4,0.0
"Future, Juice WRLD",Ain't Livin Right (feat. Gunna),444303.0,0.0,0,2,0.4836231672980405,1.011107703716454,0.0,0.0,1.5,0.0
"Future, Juice WRLD",Astronauts,3244644.0,0.0,0,7,0.7551912980785515,0.6247741889638946,0.0,0.0,2.3,0.0
"Future, Juice WRLD",Different (feat. Yung Bans),468799.0,0.0,0,2,0.4390332603629687,1.0550161877741575,0.0,0.0,1.3,0.0
"Future, Juice WRLD",Fine China,187815443.0,5802290.0,2,211,3.382024576819287,0.1367874850038548,1.0,3.1,10.7,
"Future, Juice WRLD",Hard Work Pays Off,25245235.0,0.0,0,40,1.046984667441495,0.1553566990772698,0.0,0.0,3.1,
"Future, Juice WRLD",Jet Lag (feat. Young Scooter),6517374.0,0.0,0,12,0.8937725099354198,0.479390661259798,0.0,0.0,2.7,0.0
"Future, Juice WRLD",No Issue,216670.0,0.0,0,1,0.3855877809705272,0.9875841753072944,0.0,0.0,1.2,0.0
"Future, Juice WRLD",Realer N Realer,2460015.0,0.0,0,9,0.8453786870013633,0.5809574125951945,0.0,0.0,2.5,0.0
"Future, Juice WRLD",Red Bentley (feat. Young Thug),1074176.0,0.0,0,4,0.3537504990252161,0.9200617340712672,0.0,0.0,1.1,0.0
"Future, Juice WRLD",Shorty,703797.0,0.0,0,3,0.4653509752536089,1.049428953245872,0.0,0.0,1.4,0.0
"Future, Juice WRLD",WRLD On Drugs,963807.0,0.0,0,4,0.4997369672001268,1.0112444798762978,0.0,0.0,1.5,0.0
"Future, Lil Uzi Vert",Drankin N Smokin,4439663.0,0.0,0,15,1.2165821050233148,0.1078702872135128,0.0,0.0,3.6,
"Future, Lil Uzi Vert",Over Your Head,4383570.0,0.0,0,6,0.8333232290196431,0.4077594740441446,0.0,0.0,2.5,0.0
"Future, Lil Uzi Vert",Patek,9823079.0,0.0,0,36,1.0849953669460302,0.1686976198169014,0.0,0.0,3.3,
"Future, Yung Bans",Bag,214801.0,0.0,0,1,0.9786977791075424,0.0934346667304783,0.0,0.0,2.9,0.0
"G Herbo, Juice WRLD, Lil Uzi Vert, Chance the Rapper",PTSD,115046657.0,1518824.0,1,215,2.1576963304773265,0.1388442330907364,0.0,1.3,6.7,
"G Herbo, Polo G, Lil Tjay",Cry No More,1511461.0,0.0,0,7,0.9452174523360848,0.1726037513676967,0.0,0.0,2.8,0.0
"G Herbo, Southside",Who Run It (Remix) [Feat. Lil Uzi Vert],524917.0,0.0,0,2,1.0216469566204758,0.0974173643455198,0.0,0.0,3.1,0.0
G-Eazy,1942 (feat. Yo Gotti & YBN Nahmir),65338837.0,0.0,0,109,1.9149492709507616,0.1761924572583194,0.0,0.0,5.7,
G-Eazy,Drop (feat. Blac Youngsta & BlocBoy JB),1888563.0,0.0,0,8,0.807156861362258,0.5440951601177785,0.0,0.0,2.4,0.0
G-Eazy,Good Life (with G-Eazy & Kehlani),145209830.0,0.0,0,114,1.29811462944749,0.0769303179385445,0.0,0.0,3.9,
G-Eazy,Him & I (with Halsey),169891739.0,0.0,0,112,3.516523806296967,0.1022810781072309,0.0,0.0,10.5,
G-Eazy,I Wanna Rock (feat. Gunna),5968495.0,0.0,0,9,1.1655783802251798,0.6164592294181328,0.0,0.0,3.5,0.0
G-Eazy,Some Kind Of Drug (feat. Marc E. Bassy),66793400.0,0.0,0,92,1.1712388769012267,0.1109657087337106,0.0,0.0,3.5,
G-Eazy,Still Be Friends (feat. Tory Lanez & Tyga),65248365.0,0.0,0,65,1.3264895270796788,0.1507475603763771,0.0,0.0,4.0,
"G-Eazy, A$AP Rocky, Cardi B",No Limit,149983761.0,0.0,0,226,3.4618302045578453,0.0996954001117526,0.0,0.0,10.4,
"G-Eazy, Bebe Rexha","Me, Myself & I",35280109.0,0.0,0,70,1.475073877194387,0.1638626811414633,0.0,0.0,4.4,
"G-Eazy, Blueface",West Coast,924921.0,0.0,0,4,0.9330201938013166,0.2463207958667933,0.0,0.0,2.8,0.0
"G-Eazy, Jack Harlow",Moana,5091052.0,0.0,0,22,1.1015042025722337,0.0756047064411657,0.0,0.0,3.3,
GASHI,Disrespectful,625803.0,0.0,0,3,1.0914579853090456,0.123926130367667,0.0,0.0,3.3,0.0
"GASHI, French Montana, DJ Snake",Creep On Me,5553350.0,0.0,1,9,1.432465424523125,0.4817405241815272,0.0,0.0,8.7,0.0
Gabby Barrett,I Hope,57994245.0,0.0,0,228,3.4897109964238937,0.0814474755199363,0.0,0.0,10.5,
Gabby Barrett,The Good Ones,485830.0,0.0,0,2,3.759069021549561,1.4827972724353768,0.0,0.0,11.3,0.0
Gabriel Diniz,Jenifer,11896430.0,3032562.0,4,19,3.2145900295297727,0.8015239382864076,2.0,25.5,21.2,
Galantis,Bones (feat. OneRepublic),18202858.0,0.0,0,20,1.1304185323862916,0.1515744288649912,0.0,0.0,3.4,
Galantis,Heartbreak Anthem (with David Guetta & Little Mix),23374051.0,0.0,0,14,1.1224631764801682,0.0755118463385264,0.0,0.0,3.4,
Galantis,Hunter,54516035.0,0.0,0,97,1.129425505324062,0.0736936151496467,0.0,0.0,3.4,
Galantis,No Money,7323543.0,0.0,0,18,1.0969619304324056,0.0577091754769879,0.0,0.0,3.3,
"Galantis, Hook N Sling",Love on Me,27210758.0,0.0,0,53,1.090615677846549,0.0629895279391965,0.0,0.0,3.3,
Gambi,Dans l'espace (feat. Heuss l'Enfoiré),1419086.0,0.0,0,2,0.8906747720066602,0.1628975577672232,0.0,0.0,2.7,0.0
Gambi,POPOPOP,13952566.0,0.0,0,20,1.114934803286578,0.1074742179008804,0.0,0.0,3.3,
Gaullin,Moonlight,24270863.0,0.0,0,37,2.3317634044721736,0.2691291591223922,0.0,0.0,7.0,
"Gemitaiz, MadMan",Veleno 7,2356118.0,0.0,0,3,0.6949605651054508,0.4185991063022368,0.0,0.0,2.1,0.0
Gene Autry,Here Comes Santa Claus (Right Down Santa Claus Lane) - 1947 Version,16318223.0,202074.0,1,33,3.645841001601063,0.5293625394446968,2.0,1.2,14.0,
George Ezra,Paradise,30519024.0,0.0,0,50,3.435058937921659,0.1552355214474963,0.0,0.0,10.3,
George Ezra,Shotgun,310693659.0,0.0,0,314,1.385255747076049,0.0573875484558091,0.0,0.0,4.2,
George Ezra,"White Christmas - Spotify Singles - Holiday, Recorded at Air Studios, London",2611774.0,0.0,0,2,1.0632081967365945,0.0888908321295368,0.0,0.0,3.2,0.0
"Gera MX, Christian Nodal",Botella Tras Botella,17060838.0,0.0,0,14,1.085044201348242,0.0562137522532949,0.0,0.0,3.3,
"Gesaffelstein, The Weeknd",Lost in the Fire,84931557.0,0.0,0,41,1.0456791928562152,0.1019042692730006,0.0,0.0,3.1,
Giveon,Heartbreak Anniversary,27150583.0,0.0,0,14,1.0296116068494734,0.0550363372474568,0.0,0.0,3.1,
Glades,Do Right,7986003.0,0.0,0,21,2.61407749274874,0.6022170022096824,0.0,0.0,7.8,
Glass Animals,Heat Waves,57390127.0,4483596.0,3,40,2.728293949805104,0.2029477165568346,0.0,7.8,11.2,
Glass Animals,Tangerine,1304140.0,0.0,0,5,0.5913539778988955,0.8792280152888216,0.0,0.0,1.8,0.0
GoldLink,Crew (feat. Brent Faiyaz & Shy Glizzy),22251613.0,0.0,0,110,1.362362019219023,0.0566707647522389,0.0,0.0,4.1,
"Good Gas, A$AP Ferg, FKi 1st, 2 Chainz",How I Feel,0.0,0.0,0,1,0.0,0.8942451000875576,0.0,0.0,0.0,0.0
Gorillaz,Andromeda (feat. DRAM),6345297.0,0.0,0,9,1.2553866642940077,0.2816615853708273,0.0,0.0,3.8,0.0
Gorillaz,Ascension (feat. Vince Staples),5873811.0,0.0,1,9,1.839231435097494,0.5758196764253224,0.0,0.0,10.0,0.0
Gorillaz,Humility (feat. George Benson),2535380.0,0.0,3,4,2.8693914022292235,1.3621194520943327,0.0,0.0,38.6,0.0
Gorillaz,Let Me Out (feat. Mavis Staples & Pusha T),989064.0,0.0,0,3,0.7677815674935884,0.4840579815652292,0.0,0.0,2.3,0.0
Gorillaz,Momentz (feat. De La Soul),339133.0,0.0,0,2,0.3259866518751625,0.7874138002340987,0.0,0.0,1.0,0.0
Gorillaz,Saturnz Barz (feat. Popcaan),9236428.0,0.0,0,11,1.5003442032764638,0.2243529877508556,0.0,0.0,4.5,0.0
Gorillaz,Submission (feat. Danny Brown & Kelela),341394.0,0.0,0,2,0.3075836014932778,0.8471702058625903,0.0,0.0,0.9,0.0
"Gradur, Heuss L'enfoiré",Ne reviens pas,21606162.0,0.0,0,28,1.220109467710326,0.0877189209914559,0.0,0.0,3.7,
"Greg Nice, Run The Jewels",ooh la la (feat. Greg Nice & DJ Premier),598117.0,0.0,0,2,1.0648721206656282,0.1882620177522215,0.0,0.0,3.2,0.0
"Grey, Bahari",I Miss You,12337375.0,0.0,0,30,2.141488597666638,0.5654812741523261,0.0,0.0,6.4,
Grouplove,Tongue Tied,43734417.0,0.0,0,183,1.1479148995659485,0.039675239055195,0.0,0.0,3.4,
"Grover Washington, Jr.",Just the Two of Us (feat. Bill Withers),1103289.0,0.0,0,5,0.9896342547218804,0.0777635902472485,0.0,0.0,3.0,0.0
Gryffin,Tie Me Down (with Elley Duhé),36427321.0,241431.0,3,40,4.33712011189955,0.3360930517914227,0.0,0.7,16.0,
"Gryffin, ILLENIUM",Feel Good (feat. Daya),354547.0,0.0,0,2,0.5711058239434306,0.8485613788541873,0.0,0.0,1.7,0.0
Guayna,ReBoTa,583532.0,0.0,0,1,0.9114132039115992,0.0928603170131483,0.0,0.0,2.7,0.0
Guaynaa,Rebota,19719170.0,0.0,0,33,3.4208203547603717,0.4795842138212792,2.0,0.0,12.1,
"Guaynaa, Nicky Jam, Farruko, Becky G, Sech",Rebota - Remix,42660361.0,0.0,0,55,1.252681482353959,0.0721273825058011,0.0,0.0,3.8,
Gucci Mane,BiPolar (feat. Quavo),1443088.0,0.0,0,5,0.6244321387711227,0.8543870198981744,0.0,0.0,1.9,0.0
Gucci Mane,Big Booty (feat. Megan Thee Stallion),440351.0,0.0,1,3,0.7642801434761078,0.4145857581990635,0.0,0.0,15.6,0.0
Gucci Mane,Big Boy Diamonds (feat. Kodak Black & London on Da Track),1232601.0,0.0,0,5,0.9487606174227576,0.2081636448895718,0.0,0.0,2.8,0.0
Gucci Mane,Both (feat. Drake & Lil Wayne) - Remix,11517285.0,0.0,0,52,1.1741465456129412,0.0687657241519942,0.0,0.0,3.5,
Gucci Mane,Both (feat. Drake),92382186.0,0.0,0,193,1.9823354196363672,0.0809729076124941,0.0,0.0,5.9,
Gucci Mane,Cold Shoulder (feat. YoungBoy Never Broke Again),543680.0,0.0,0,2,0.7936435907952493,0.2451123473517267,0.0,0.0,2.4,0.0
Gucci Mane,Dance with the Devil,1285818.0,0.0,0,7,1.1027987796790024,0.0691292492596586,0.0,0.0,3.3,0.0
Gucci Mane,I Get The Bag (feat. Migos),16535833.0,0.0,0,13,1.3973777668972869,0.2587512578493844,0.0,0.0,4.2,0.0
Gucci Mane,I Get the Bag (feat. Migos),84525167.0,0.0,0,166,1.9796900719739277,0.1136828476036627,0.0,0.0,5.9,
Gucci Mane,I'm Not Goin' (feat. Kevin Gates),2887944.0,0.0,0,12,1.404490498851552,0.1520807813998271,0.0,0.0,4.2,0.0
Gucci Mane,Ice (feat. Gunna & Lil Baby),617810.0,0.0,0,3,0.8440676755572838,0.2209321867433961,0.0,0.0,2.5,0.0
Gucci Mane,Kept Back (feat. Lil Pump) - Bonus Track Version,1147990.0,0.0,0,5,0.5702912433662466,0.8586889196899964,0.0,0.0,1.7,0.0
Gucci Mane,Love Thru The Computer (feat. Justin Bieber),2598740.0,0.0,1,4,0.8499689699038995,0.3425499488118871,0.0,0.0,12.5,0.0
Gucci Mane,Met Gala (feat. Offset),27795177.0,0.0,0,86,2.1640193987940255,0.1392995204835035,0.0,0.0,6.5,
Gucci Mane,Potential (feat. Lil Uzi Vert & Young Dolph),1336988.0,0.0,0,5,0.853133383161108,0.2063580306413387,0.0,0.0,2.6,0.0
Gucci Mane,Richer Than Errybody (feat. YoungBoy Never Broke Again & DaBaby),936463.0,0.0,1,4,1.0179906949591169,0.2388499614944269,0.0,0.0,13.1,0.0
Gucci Mane,Solitaire (feat. Migos & Lil Yachty),4134689.0,0.0,0,17,1.0488362650824,0.0951644165909507,0.0,0.0,3.1,
Gucci Mane,Tone It Down (feat. Chris Brown),9401139.0,0.0,0,50,1.2158624662010349,0.0909467007044642,0.0,0.0,3.6,
"Gucci Mane, Bruno Mars, Kodak Black",Wake Up in the Sky,497141043.0,0.0,0,338,1.2819151445001231,0.069268174230687,0.0,0.0,3.8,
"Gucci Mane, Nicki Minaj",Make Love,893270.0,0.0,0,5,1.018008203112688,0.0759676050647324,0.0,0.0,3.1,0.0
Gunna,3 Headed Snake (feat. Young Thug),1094708.0,0.0,0,4,0.8762303266606438,0.2955716688173371,0.0,0.0,2.6,0.0
Gunna,ARGENTINA,459812.0,0.0,0,2,0.24903374098108,0.8377768842152616,0.0,0.0,0.7,0.0
Gunna,BLINDFOLD (feat. Lil Baby),992743.0,0.0,0,4,0.3416621244357518,0.8378699236602347,0.0,0.0,1.0,0.0
Gunna,Baby Birkin,25447273.0,0.0,0,96,1.1104419961537206,0.0729882496818633,0.0,0.0,3.3,
Gunna,COOLER THAN A BITCH (feat. Roddy Ricch),15399711.0,0.0,0,45,1.2999387211576987,0.1710459436539295,0.0,0.0,3.9,
Gunna,DOLLAZ ON MY HEAD (feat. Young Thug),137654754.0,0.0,0,135,1.481430395319618,0.1597319580568607,0.0,0.0,4.4,
Gunna,MET GALA,674415.0,0.0,0,3,0.4439119715597511,0.9632316270071024,0.0,0.0,1.3,0.0
Gunna,MOTW,219921.0,0.0,0,1,0.3337202844318192,1.0197329863714786,0.0,0.0,1.0,0.0
Gunna,NASTY GIRL / ON CAMERA,654760.0,0.0,0,3,0.4555699820550238,0.9633705307834296,0.0,0.0,1.4,0.0
Gunna,One Call,11308940.0,1275464.0,1,23,3.339740309485976,0.4732970072432895,1.0,11.3,13.1,
Gunna,Outstanding,3350596.0,0.0,0,5,0.8220023476240567,0.4536065424726219,0.0,0.0,2.5,0.0
Gunna,RELENTLESS (feat. Lil Uzi Vert),3528863.0,0.0,0,14,1.2042122832329063,0.0845497815831875,0.0,0.0,3.6,
Gunna,Richard Millie Plain,461149.0,0.0,0,2,0.8143401239290728,0.3376631926543734,0.0,0.0,2.4,0.0
Gunna,SKYBOX,15033913.0,377538.0,1,35,3.6632762294021184,0.3603356037032215,0.0,2.5,12.1,
Gunna,Same Yung Nigga (feat. Playboi Carti),1472960.0,0.0,0,5,0.9394592190899572,0.2320580731201356,0.0,0.0,2.8,0.0
Gunna,Speed It Up,19592322.0,0.0,0,52,3.12505933173043,0.2817889181371402,1.0,0.0,10.0,
Gunna,TOP FLOOR (feat. Travis Scott),2040930.0,0.0,0,5,0.6942262935117357,0.6816582575463153,0.0,0.0,2.1,0.0
Gunna,WUNNA,14840664.0,0.0,0,27,3.2154013265766803,0.3665603846124078,0.0,0.0,9.6,
Gunna,Who You Foolin,724761.0,0.0,0,3,0.8526429871642258,0.2774848420184979,0.0,0.0,2.6,0.0
Gunna,Wit It,460976.0,0.0,0,2,0.4562878206069631,1.0201345315772694,0.0,0.0,1.4,0.0
Gunna,World Is Yours (Lil Baby & Gunna),720774.0,0.0,1,3,0.4467017430001854,1.083470221744296,0.0,0.0,14.7,0.0
Gunna,Yao Ming,218712.0,0.0,0,1,0.7374899964931526,0.3280386930996328,0.0,0.0,2.2,0.0
Gusttavo Lima,A Gente Fez Amor - Ao Vivo,37316012.0,0.0,0,53,1.1390167277148573,0.0798868756489228,0.0,0.0,3.4,
Gusttavo Lima,Ficha Limpa,5444924.0,0.0,0,6,1.1981235871335478,0.1289136594456651,0.0,0.0,3.6,0.0
Gwen Stefani,You Make It Feel Like Christmas (feat. Blake Shelton),22144358.0,1153418.0,1,16,2.1558652067559008,0.411691372590495,0.0,5.2,9.0,
Gym Class Heroes,Stereo Hearts (feat. Adam Levine),4250655.0,0.0,0,6,1.0111002457102312,0.0186831722872561,0.0,0.0,3.0,0.0
Gzuz,Donuts,4551931.0,0.0,0,6,1.0885618604651164,0.1785383906381577,0.0,0.0,3.3,0.0
H.E.R.,Best Part (feat. Daniel Caesar),232167170.0,892185.0,1,597,2.79069059526893,0.1176309948606188,2.0,0.4,8.5,
H.E.R.,Could've Been (feat. Bryson Tiller),0.0,0.0,1,1,0.0,0.9058702906404302,0.0,0.0,40.0,0.0
"H.E.R., YG",Slide,4600634.0,0.0,0,19,3.39490578461181,0.3114258574617922,0.0,0.0,10.2,
HIXTAPE,"One Beer (HARDY feat. Lauren Alaina, Devin Dawson)",5029528.0,0.0,0,23,3.533062921807894,0.2772793353059948,0.0,0.0,10.6,
HRVY,Personal,4177736.0,0.0,0,12,1.379378741932044,0.4429426505204613,0.0,0.0,4.1,0.0
HVME,Goosebumps,25815536.0,0.0,0,19,1.454550386518747,0.1536262179387157,0.0,0.0,4.4,
Hailee Steinfeld,"Let Me Go (with Alesso, Florida Georgia Line & watt)",255745751.0,829082.0,1,227,3.4692593900292628,0.194743037748422,1.0,0.3,10.7,
Hailee Steinfeld,Most Girls,158540249.0,0.0,0,118,1.464157098933217,0.0814899276915122,0.0,0.0,4.4,
"Hailee Steinfeld, BloodPop®",Capital Letters,119724864.0,0.0,0,86,1.276176202982886,0.0905344872303001,0.0,0.0,3.8,
"Hailee Steinfeld, Grey, Zedd",Starving,268912783.0,0.0,0,240,1.154882006762895,0.0641842770421258,0.0,0.0,3.5,
Halsey,3am,1547703.0,0.0,0,5,0.5791819876449117,0.9301664776825592,0.0,0.0,1.7,0.0
Halsey,Alone,179808.0,0.0,0,1,1.020824344271602,0.1252239121321017,0.0,0.0,3.1,0.0
Halsey,Ashley,1028762.0,0.0,0,4,0.51011566453569,1.0478271722304884,0.0,0.0,1.5,0.0
Halsey,Bad At Love,52077299.0,923653.0,1,114,3.380712479182334,0.176850831292751,0.0,1.8,10.5,
Halsey,Eyes Closed,3313187.0,0.0,1,10,1.8779203661625123,0.8457106270648949,0.0,0.0,9.6,0.0
Halsey,Finally // beautiful stranger,2774166.0,0.0,2,7,1.2245853824627566,0.8111929564350538,0.0,0.0,15.1,0.0
Halsey,Graveyard,234935620.0,0.0,0,153,2.1115856236382946,0.1424178946974384,1.0,0.0,6.5,
Halsey,I HATE EVERYBODY,475059.0,0.0,1,2,0.47980416890432,0.9516823488259016,0.0,0.0,21.4,0.0
Halsey,Nightmare,74065670.0,0.0,0,66,1.0589486946085045,0.1333432242555828,0.0,0.0,3.2,
Halsey,Not Afraid Anymore,1134587.0,0.0,3,4,1.6572735899404951,1.0233978220360718,0.0,0.0,35.0,0.0
Halsey,Now Or Never,258756784.0,0.0,0,144,1.6201365055764714,0.0856608499311657,0.0,0.0,4.9,
Halsey,Still Learning,6220341.0,0.0,0,6,0.8456964486774109,0.326908137562424,0.0,0.0,2.5,0.0
Halsey,Without Me,1399231012.0,0.0,0,719,1.4998707948090173,0.0672113739488105,0.0,0.0,4.5,
Halsey,Without Me (with Juice WRLD),3843228.0,527723.0,2,15,1.1531471324092997,0.437058062547614,0.0,13.7,8.8,
Halsey,You should be sad,291079587.0,0.0,0,142,1.3934702587947947,0.0708962796265178,0.0,0.0,4.2,
Halsey,clementine,291453.0,0.0,0,1,0.8934712433668606,0.2329647932692517,0.0,0.0,2.7,0.0
"Halsey, Lauren Jauregui",Strangers,9310445.0,0.0,0,13,1.1897705299309675,0.3573163852552723,0.0,0.0,3.6,0.0
"Halsey, SUGA, BTS",SUGA's Interlude,1417770.0,0.0,0,2,0.8524373650801684,0.6110495104433307,0.0,0.0,2.6,0.0
Hannah Kerr,Winter Wonderland,1258924.0,0.0,0,1,1.1621212377630663,0.155456093598721,0.0,0.0,3.5,0.0
Harry Nach,Tak Tiki Tak,82471683.0,0.0,0,87,1.1694414533808222,0.0558491112987468,0.0,0.0,3.5,
Harry Styles,Adore You,751967999.0,0.0,0,321,1.6529213462267738,0.0700976261309292,0.0,0.0,5.0,
Harry Styles,Canyon Moon,5226227.0,0.0,0,6,0.7750443483570556,0.4821966505133601,0.0,0.0,2.3,0.0
Harry Styles,Carolina,9928126.0,0.0,0,12,0.9393019009480188,0.2607458224723115,0.0,0.0,2.8,0.0
Harry Styles,Cherry,17189932.0,0.0,0,25,1.037960265660402,0.2834597785826994,0.0,0.0,3.1,
Harry Styles,Ever Since New York,4320322.0,0.0,1,9,1.172165148814314,0.4857389903871754,0.0,0.0,8.0,0.0
Harry Styles,Falling,353304118.0,0.0,0,297,1.4154706254755558,0.0930009260315032,0.0,0.0,4.2,
Harry Styles,Fine Line,6436997.0,0.0,0,6,0.7948753842896922,0.3975988354692146,0.0,0.0,2.4,0.0
Harry Styles,From the Dining Table,2536514.0,0.0,0,5,0.7721550499920994,0.4127466054091316,0.0,0.0,2.3,0.0
Harry Styles,Golden,60521636.0,3636140.0,2,52,3.732112369652461,0.2632032798410642,0.0,6.0,12.7,
Harry Styles,Kiwi,9292804.0,0.0,0,12,1.1546361035922184,0.2185183966259707,0.0,0.0,3.5,0.0
Harry Styles,Lights Up,372537931.0,0.0,0,243,2.057816420671698,0.1305829821491705,0.0,0.0,6.2,
Harry Styles,Meet Me in the Hallway,6800258.0,0.0,1,10,0.9410144755223968,0.2866007957184072,0.0,0.0,6.8,0.0
Harry Styles,Only Angel,2818641.0,0.0,0,6,0.7320231446817377,0.4948862883739729,0.0,0.0,2.2,0.0
Harry Styles,She,11215897.0,0.0,0,12,0.8125696415608014,0.5070296243013689,0.0,0.0,2.4,0.0
Harry Styles,Sign of the Times,262513740.0,0.0,0,144,1.4758116683289608,0.0730822139877993,0.0,0.0,4.4,
Harry Styles,"Sunflower, Vol. 6",10403492.0,0.0,0,14,0.91506193042111,0.4447168636174326,0.0,0.0,2.7,
Harry Styles,Sweet Creature,38590594.0,0.0,0,39,2.0594454247425884,0.2157788025564207,0.0,0.0,6.2,
Harry Styles,To Be So Lonely,9862797.0,0.0,1,11,0.8121704409241169,0.5357067755578696,0.0,0.0,6.1,0.0
Harry Styles,Treat People With Kindness,5560154.0,0.0,0,5,0.7452805733016112,0.4489534759078534,0.0,0.0,2.2,0.0
Harry Styles,Two Ghosts,7389958.0,0.0,0,10,0.9794140302358172,0.2439391678338008,0.0,0.0,2.9,0.0
Harry Styles,Watermelon Sugar,921630839.0,0.0,0,341,1.9736163622897744,0.0766465602810683,0.0,0.0,5.9,
Harry Styles,Woman,6029681.0,0.0,1,10,1.082874372359698,0.3269504720249144,0.0,0.0,7.2,0.0
Headie One,Ain't It Different (feat. AJ Tracey & Stormzy),10161629.0,0.0,0,15,1.1072290459050111,0.0875734918877275,0.0,0.0,3.3,
"Headie One, Drake",Only You Freestyle,13418637.0,0.0,0,18,0.9978127387520906,0.1765376709283342,0.0,0.0,3.0,
Hearts & Colors,Lighthouse - Andrelli Remix,49574007.0,0.0,0,54,1.1580685669470716,0.0810820186910218,0.0,0.0,3.5,
Henrique & Juliano,Liberdade Provisória,42423168.0,0.0,0,47,1.2692921561173212,0.1074985049499793,0.0,0.0,3.8,
Henrique & Juliano,Liberdade Provisória - Ao Vivo,33603594.0,0.0,0,44,1.240910463277542,0.1199426241147423,0.0,0.0,3.7,
Hozier,Almost (Sweet Music),25067722.0,0.0,1,40,4.073671058894261,0.5629072546060573,0.0,0.0,13.2,
Hozier,Take Me To Church,39600801.0,0.0,0,60,1.9553305708669213,0.1212226659372119,0.0,0.0,5.9,
Hozier,Take Me to Church,6873918.0,0.0,0,12,1.0362965535948587,0.1182873459824292,0.0,0.0,3.1,0.0
"Hugh Jackman, Keala Settle, Daniel Everidge, Zendaya, The Greatest Showman Ensemble",Come Alive,6962178.0,0.0,2,11,2.9583602675698413,0.5651120579172978,0.0,0.0,16.1,0.0
"Hugh Jackman, Keala Settle, Zac Efron, Zendaya, The Greatest Showman Ensemble",The Greatest Show,52697017.0,0.0,0,70,3.48607704861579,0.1383229349369128,0.0,0.0,10.5,
"Hugh Jackman, The Greatest Showman Ensemble",From Now On,5947826.0,0.0,2,10,2.961636599309761,0.6103168787690991,0.0,0.0,16.9,0.0
"Hugh Jackman, Zac Efron",The Other Side,21217434.0,0.0,0,29,3.474581917994993,0.251188237862535,0.0,0.0,10.4,
"Huncho Jack, Travis Scott, Quavo",Saint,7235427.0,0.0,0,35,3.564304387533387,0.2016599070594333,0.0,0.0,10.7,
"Huncho Jack, Travis Scott, Quavo, Offset",Dubai Shit,762582.0,0.0,0,4,3.3428471785915854,1.14522302355794,0.0,0.0,10.0,0.0
"IAmChino, El Chacal","Ay Mi Dios (feat. Pitbull, Yandel & Chacal)",107894810.0,0.0,0,173,1.1955725738688554,0.0661541550483653,0.0,0.0,3.6,
ILLENIUM,Good Things Fall Apart (with Jon Bellion),10883336.0,558458.0,2,42,3.233975089050208,0.2028900860309126,0.0,5.1,11.6,
ILLENIUM,In Your Arms (with X Ambassadors),911016.0,0.0,2,4,0.5830479626692953,0.9698646856590514,0.0,0.0,21.7,0.0
ITZY,Not Shy,13067048.0,0.0,0,16,1.1659400733513252,0.1023341125789341,0.0,0.0,3.5,
ITZY,WANNABE,26247029.0,0.0,0,34,1.0478620280131887,0.0521466903695855,0.0,0.0,3.1,
IU,eight(Prod.&Feat. SUGA of BTS),17595208.0,0.0,0,21,0.9868485617360884,0.1451732731048501,0.0,0.0,3.0,
Idina Menzel,Baby It's Cold Outside (duet with Michael Bublé),4882529.0,0.0,0,5,1.0163446295519412,0.1133312017059828,0.0,0.0,3.0,0.0
"Idina Menzel, AURORA",Into the Unknown,85041430.0,0.0,0,101,2.0325311478949453,0.1665295399532373,0.0,0.0,6.1,
"Idina Menzel, Evan Rachel Wood",Show Yourself,10209360.0,0.0,0,17,1.5147368088254054,0.5070170007698199,0.0,0.0,4.5,
"Iggy Azalea, Anitta",Switch,1377513.0,0.0,0,3,0.7905915310478572,0.3712705502315099,0.0,0.0,2.4,0.0
Imagine Dragons,Bad Liar,297273687.0,0.0,0,250,1.1122415757483144,0.0692768759014602,0.0,0.0,3.3,
Imagine Dragons,Believer,1506066903.0,2807523.0,1,1202,1.410016395063652,0.0559890147834289,0.0,0.2,4.3,
Imagine Dragons,Follow You,10225314.0,0.0,0,13,1.0629622480009249,0.0672226338203935,0.0,0.0,3.2,0.0
Imagine Dragons,I Don’t Know Why,4605972.0,0.0,0,6,0.8244258015476582,0.2852358251673182,0.0,0.0,2.5,0.0
Imagine Dragons,I’ll Make It Up To You,2424910.0,0.0,0,4,0.8130687771490828,0.3536474222002082,0.0,0.0,2.4,0.0
Imagine Dragons,Machine,8209943.0,0.0,0,10,1.7412474098017132,0.4723902695925425,0.0,0.0,5.2,0.0
Imagine Dragons,Natural,453376595.0,0.0,0,324,1.6066515040524871,0.0730953142347272,0.0,0.0,4.8,
Imagine Dragons,Next To Me,4051468.0,0.0,0,7,0.9537054792181628,0.4239580700774071,0.0,0.0,2.9,0.0
Imagine Dragons,Radioactive,2899281.0,0.0,0,6,1.5071004462689972,0.1084087521106773,0.0,0.0,4.5,0.0
Imagine Dragons,Rise Up,2506520.0,0.0,0,4,0.8808510548831163,0.2375237239281525,0.0,0.0,2.6,0.0
Imagine Dragons,Start Over,1371761.0,0.0,0,3,0.8096359272337306,0.427691443127799,0.0,0.0,2.4,0.0
Imagine Dragons,Thunder,1085137483.0,3947110.0,1,847,1.3376981487961035,0.0704210330092991,0.0,0.4,4.1,
Imagine Dragons,Walking The Wire,9859868.0,0.0,0,13,1.9967803011415683,0.3969411285451495,0.0,0.0,6.0,0.0
Imagine Dragons,Whatever It Takes,241213671.0,0.0,0,306,1.901042427363383,0.100269766425528,0.0,0.0,5.7,
Imagine Dragons,Wrecked,11692732.0,0.0,0,12,0.9746112382980244,0.2563765529621781,0.0,0.0,2.9,0.0
Imagine Dragons,"Zero - From the Original Motion Picture ""Ralph Breaks The Internet""",4783370.0,0.0,0,6,0.956302068191368,0.291638270298141,0.0,0.0,2.9,0.0
Internet Money,"His & Hers (feat. Don Toliver, Lil Uzi Vert & Gunna)",11114952.0,0.0,0,14,1.3180648555762975,0.4831170393561317,0.0,0.0,4.0,
Internet Money,Lemonade (Feat. Roddy Ricch & Don Toliver) [Remix],6248238.0,0.0,0,6,1.073058541168626,0.1267470910555019,0.0,0.0,3.2,0.0
Internet Money,"Lemonade (feat. Gunna, Don Toliver & NAV)",254799565.0,0.0,0,71,1.2668654577695064,0.1054346328020899,0.0,0.0,3.8,
"Internet Money, Diplo",Blastoff (feat. Juice Wrld & Trippie Redd),27759042.0,0.0,0,47,1.1049644739156703,0.144427055649377,0.0,0.0,3.3,
"Internet Money, Gunna, Don Toliver, NAV",Lemonade,13538311.0,0.0,0,7,1.2551518306786258,0.1177907932270124,0.0,0.0,3.8,0.0
"Internet Money, Lil Tecca, A Boogie Wit da Hoodie",Somebody,47131374.0,0.0,0,101,2.306436555919563,0.1818365018531282,0.0,0.0,6.9,
Irama,La ragazza con il cuore di latta,695943.0,0.0,0,1,0.970772608579208,0.0480969215510517,0.0,0.0,2.9,0.0
Irama,Mediterranea,578492.0,0.0,0,1,0.9150699955181776,0.0735815782089895,0.0,0.0,2.7,0.0
Isaiah Firebrace,It's Gotta Be You,72106067.0,0.0,0,83,1.395369150441614,0.1189844817434438,0.0,0.0,4.2,
Israel & Rodolffo,Batom de Cereja - Ao Vivo,3380171.0,0.0,0,4,1.0729554352126869,0.1283096963654255,0.0,0.0,3.2,0.0
"Israel & Rodolffo, Wesley Safadão",Faz Amor Comigo Só Hoje - Ao Vivo,3754838.0,0.0,0,4,1.139263678334209,0.121262059609013,0.0,0.0,3.4,0.0
ItaloBrothers,Summer Air,48447493.0,0.0,0,82,1.1318157376885685,0.0767690093429588,0.0,0.0,3.4,
J Balvin,Ahora,65978896.0,0.0,0,98,1.3646072769849795,0.0807525099469063,0.0,0.0,4.1,
J Balvin,Amarillo,149183864.0,0.0,0,131,1.100312273506745,0.0631165709954174,0.0,0.0,3.3,
J Balvin,Ambiente,51109490.0,0.0,0,73,1.1159517045454546,0.0693021304588936,0.0,0.0,3.3,
J Balvin,Azul,176169058.0,0.0,0,198,1.2128172263596493,0.0695905132000533,0.0,0.0,3.6,
J Balvin,Blanco,143030970.0,0.0,0,157,2.054867180146117,0.0890800630893034,0.0,0.0,6.2,
J Balvin,Gris,6443266.0,0.0,0,8,0.8219834503055521,0.3005765725896329,0.0,0.0,2.5,0.0
J Balvin,Morado,249428143.0,0.0,0,194,1.743237088718655,0.0710906498183167,0.0,0.0,5.2,
J Balvin,Negro,3783020.0,0.0,0,5,0.6899286859971369,0.4621727213931976,0.0,0.0,2.1,0.0
J Balvin,Reggaeton,146138992.0,0.0,0,158,1.1674764787336134,0.0653786216478467,0.0,0.0,3.5,
J Balvin,Rojo,293217581.0,3421183.0,1,202,1.6397794317358654,0.0629144445131613,0.0,1.2,5.1,
J Balvin,Rosa,5587361.0,0.0,0,7,0.7983769081682749,0.3862851674088487,0.0,0.0,2.4,0.0
J Balvin,Sigo Extrañándote,142135634.0,0.0,0,176,1.2251494212254608,0.0658945722589903,0.0,0.0,3.7,
"J Balvin, Bad Bunny",CUIDAO POR AHÍ,1436653.0,0.0,0,2,0.6246478008037305,0.4597326568390293,0.0,0.0,1.9,0.0
"J Balvin, Bad Bunny",LA CANCIÓN,588004795.0,0.0,0,380,1.396599969563021,0.0572307709977769,0.0,0.0,4.2,
"J Balvin, Bad Bunny",MOJAITA,8343964.0,0.0,0,10,0.9108359099823938,0.3304053528769564,0.0,0.0,2.7,0.0
"J Balvin, Bad Bunny",ODIO,2190015.0,0.0,0,3,0.6745143614030318,0.3986587681960554,0.0,0.0,2.0,0.0
"J Balvin, Bad Bunny",QUE PRETENDES,296285085.0,0.0,0,235,1.1954104196507414,0.0687686175868446,0.0,0.0,3.6,
"J Balvin, Bad Bunny",Si Tu Novio Te Deja Sola,7931004.0,0.0,0,18,1.083496546184739,0.0503332891274135,0.0,0.0,3.3,
"J Balvin, Bad Bunny",YO LE LLEGO,3588059.0,0.0,0,4,0.7104456643961662,0.4173020573523306,0.0,0.0,2.1,0.0
"J Balvin, Bad Bunny, Marciano Cantero",UN PESO,6166649.0,0.0,0,7,0.8124538726756523,0.2929565833428986,0.0,0.0,2.4,0.0
"J Balvin, Bad Bunny, Mr Eazi",COMO UN BEBÉ,2214450.0,0.0,0,3,0.6982139100688245,0.3659133016516527,0.0,0.0,2.1,0.0
"J Balvin, Dua Lipa, Bad Bunny",UN DIA (ONE DAY) (Feat. Tainy),174008370.0,0.0,0,79,1.09260354650005,0.0714709881478382,0.0,0.0,3.3,
"J Balvin, Jeon, Anitta",Machika,74534457.0,0.0,0,82,3.6233033793939096,0.1289341055033684,0.0,0.0,10.9,
"J Balvin, Jowell & Randy",Bonita,99779706.0,0.0,0,99,1.21735133881534,0.0888143020761457,0.0,0.0,3.7,
"J Balvin, KAROL G, Nicky Jam, Crissin, Totoy El Frio, Natan & Shander",Poblado - Remix,24810237.0,0.0,0,14,1.1032462948339683,0.0737300116754476,0.0,0.0,3.3,
"J Balvin, Maria Becerra",Qué Más Pues?,55774990.0,0.0,0,14,1.0718107984155016,0.0693423277666519,0.0,0.0,3.2,
"J Balvin, Mr Eazi",Arcoíris,646371.0,0.0,0,1,0.6238502151820015,0.504024193634409,0.0,0.0,1.9,0.0
"J Balvin, Pharrell Williams, BIA, Sky",Safari,147383307.0,0.0,0,213,1.1027212223841216,0.059342147698803,0.0,0.0,3.3,
"J Balvin, Skrillex",In Da Getto,11556249.0,0.0,0,13,1.1084107460858643,0.165708821662264,0.0,0.0,3.3,0.0
"J Balvin, Sky Rompiendo",Verde,2045080.0,0.0,0,3,0.6510993135002773,0.5142833948442495,0.0,0.0,2.0,0.0
"J Balvin, Willy William",Mi Gente,412707940.0,0.0,0,242,3.5879719155058245,0.0998008671930658,0.0,0.0,10.8,
"J Balvin, Zion & Lennox",No Es Justo,259476979.0,0.0,0,207,1.3326302841974054,0.0698548759937429,0.0,0.0,4.0,
J. Cole,1985 - Intro to “The Fall Off”,45477695.0,0.0,0,48,1.1012461321540112,0.1937222730622597,0.0,0.0,3.3,
J. Cole,4 Your Eyez Only,2044772.0,0.0,0,13,1.046603611349957,0.0794011965310206,0.0,0.0,3.1,0.0
J. Cole,ATM,63641219.0,0.0,0,54,1.0792971820712025,0.1995736548310522,0.0,0.0,3.2,
J. Cole,Album of the Year - Freestyle,7136881.0,0.0,1,11,1.3439838608708743,0.4256830424438824,0.0,0.0,7.7,0.0
J. Cole,BRACKETS,24405016.0,0.0,0,26,0.9580097349642244,0.3200709578010665,0.0,0.0,2.9,
J. Cole,Change,5545782.0,0.0,0,24,1.7718827662959145,0.2885533599196765,0.0,0.0,5.3,
J. Cole,Deja Vu,89038620.0,0.0,0,141,1.175334768104621,0.0925709864270001,0.0,0.0,3.5,
J. Cole,FRIENDS (feat. kiLL edward),17539787.0,0.0,0,19,0.9353420050561136,0.4216823000142902,0.0,0.0,2.8,
J. Cole,Foldin Clothes,462147.0,0.0,0,3,1.0340256558845222,0.0597052515222334,0.0,0.0,3.1,0.0
J. Cole,For Whom The Bell Tolls,1429998.0,0.0,0,9,1.0434631083387973,0.0869201336623416,0.0,0.0,3.1,0.0
J. Cole,High For Hours,2120147.0,0.0,0,12,1.053335184620632,0.5162060903534076,0.0,0.0,3.2,0.0
J. Cole,Immortal,17496005.0,0.0,0,61,1.1250182661724952,0.117836130753135,0.0,0.0,3.4,
J. Cole,Intro,8436536.0,0.0,0,10,0.5864063739315521,0.6828656115119948,0.0,0.0,1.8,0.0
J. Cole,KOD,155946612.0,0.0,0,158,1.3479641939901863,0.1169276954298859,0.0,0.0,4.0,
J. Cole,Kevin’s Heart,67196260.0,0.0,0,63,1.1139092776297623,0.1778930381138672,0.0,0.0,3.3,
J. Cole,Lion King On Ice,2121628.0,0.0,0,5,0.9679595092258284,0.4530595434535639,0.0,0.0,2.9,0.0
J. Cole,MIDDLE CHILD,851773168.0,77505888.0,15,626,2.961780084939248,0.1003466075235733,0.0,9.1,9.8,
J. Cole,Motiv8,55036302.0,0.0,0,52,1.1386315880762885,0.2151120809303653,0.0,0.0,3.4,
J. Cole,Neighbors,60922913.0,0.0,0,221,1.2567254428101162,0.0795732401896734,0.0,0.0,3.8,
J. Cole,No Role Modelz,234937489.0,341419.0,1,889,2.96311820614321,0.0722553293028768,2.0,0.1,9.0,
J. Cole,Once an Addict - Interlude,15009832.0,0.0,0,18,0.9341978071902728,0.4240284185155528,0.0,0.0,2.8,
J. Cole,Photograph,35685506.0,4028005.0,1,33,1.153532283933946,0.3200984938558038,0.0,11.3,4.7,
J. Cole,She's Mine Pt. 1,2264742.0,0.0,0,14,1.1175410669901094,0.0881770276820745,0.0,0.0,3.4,
J. Cole,She's Mine Pt. 2,143295.0,0.0,0,1,1.0380009996450537,0.0685285333670236,0.0,0.0,3.1,0.0
J. Cole,Snow On Tha Bluff,8171289.0,3961247.0,3,14,0.9083504031277476,0.4794337929635265,0.0,48.5,11.3,
J. Cole,The Cut Off (feat. kiLL edward),23511589.0,0.0,0,26,0.964607087119872,0.3315364301277005,0.0,0.0,2.9,
J. Cole,Ville Mentality,1576437.0,0.0,0,10,1.0465027755749403,0.0850228476484008,0.0,0.0,3.1,0.0
J. Cole,Wet Dreamz,13600786.0,0.0,0,81,1.523958446223158,0.0720644844139833,0.0,0.0,4.6,
J. Cole,Window Pain - Outro,21343461.0,0.0,0,26,0.9657055501406808,0.3047820315222225,0.0,0.0,2.9,
J. Cole,a m a r i,415414.0,0.0,0,2,0.9678866775888504,0.043983965393912,0.0,0.0,2.9,0.0
J. Cole,everybody dies,1046580.0,0.0,0,7,1.12426706251476,0.0462503970096751,0.0,0.0,3.4,0.0
J. Cole,m y . l i f e (with 21 Savage & Morray),4843484.0,0.0,0,14,1.0318826672609362,0.0600581124078878,0.0,0.0,3.1,
J. Cole,p r i d e . i s . t h e . d e v i l (with Lil Baby),4460266.0,0.0,0,14,1.0370121269315629,0.065109866240284,0.0,0.0,3.1,
J. Cole,t h e . c l i m b . b a c k,4763950.0,0.0,0,18,1.0025512133361698,0.078192187055058,0.0,0.0,3.0,
"J. Cole, Young Thug",The London (feat. J. Cole & Travis Scott),290168063.0,888576.0,1,314,2.762491772524629,0.116810455523097,2.0,0.3,8.6,
J.I the Prince of N.Y,Need Me,4626107.0,0.0,0,21,3.4642548756885514,0.2733525790500296,0.0,0.0,10.4,
JACKBOYS,JACKBOYS,905805.0,0.0,0,1,0.4967280727682319,0.5918268571135704,0.0,0.0,1.5,0.0
"JACKBOYS, Pop Smoke, Travis Scott",GATTI,11756395.0,1143491.0,2,21,3.5554281323850208,0.7446743352089701,1.0,9.7,15.9,
"JACKBOYS, Sheck Wes",GANG GANG,19642302.0,0.0,0,19,1.1138465666973576,0.3751845803738714,0.0,0.0,3.3,
"JACKBOYS, Travis Scott",OUT WEST (feat. Young Thug),297439106.0,0.0,0,239,1.830339671135255,0.0905252483667292,0.0,0.0,5.5,
"JACKBOYS, Travis Scott",WHAT TO DO? (feat. Don Toliver),18588276.0,0.0,0,19,0.9879985389159682,0.3810233571014644,0.0,0.0,3.0,
"JAY-Z, Kanye West",Ni**as In Paris,4963560.0,0.0,0,32,1.22383191653991,0.1782101782349242,0.0,0.0,3.7,
"JAY-Z, Linkin Park",Numb / Encore,4641083.0,0.0,0,6,0.9351355125590284,0.4522972008505305,0.0,0.0,2.8,0.0
JENNIE,SOLO,67305129.0,0.0,0,77,1.4187253480711368,0.1186832324994285,0.0,0.0,4.3,
JID,151 Rum,238186.0,0.0,0,1,3.6754100745750455,1.7108252096831733,0.0,0.0,11.0,0.0
JID,Off Deez (with J. Cole),2023834.0,0.0,0,7,1.283945758259165,0.1259087997051832,0.0,0.0,3.9,0.0
JP Cooper,September Song,172971937.0,0.0,0,191,1.4557828182792254,0.0721948933977117,0.0,0.0,4.4,
JP Saxe,If the World Was Ending - feat. Julia Michaels,475433291.0,0.0,0,329,1.8325170701141693,0.0762206032777731,0.0,0.0,5.5,
Jack Harlow,Face Of My City (feat. Lil Baby),881310.0,0.0,0,4,1.0677127448306225,0.0581144316973153,0.0,0.0,3.2,0.0
Jack Harlow,Tyler Herro,38590694.0,0.0,0,26,1.0906193699314464,0.0961128848513322,0.0,0.0,3.3,
Jack Harlow,WHATS POPPIN,464986155.0,1309913.0,1,255,2.207608349126198,0.0875830982090922,0.0,0.3,6.8,
Jack Harlow,Way Out (feat. Big Sean),10244402.0,0.0,0,8,1.1029749872815406,0.0692823079285415,0.0,0.0,3.3,0.0
Jack Harlow,"Whats Poppin (feat. DaBaby, Tory Lanez & Lil Wayne) [Remix] - Bonus Track",13755209.0,0.0,0,24,1.06531530938068,0.1985162290010562,0.0,0.0,3.2,
Jaden,Icon,5000519.0,0.0,0,23,3.657776767083368,0.2733942141060005,0.0,0.0,11.0,
"Jaden, A$AP Rocky",Chateau,230085.0,0.0,0,1,0.9727820307567422,0.0684767576738847,0.0,0.0,2.9,0.0
"Jaden, Christian Rich",GHOST,1086394.0,0.0,0,6,0.9237864443196496,0.2910079705998795,0.0,0.0,2.8,0.0
Jake Owen,I Was Jack (You Were Diane),647899.0,0.0,0,3,3.634027216383724,1.2982358017381312,0.0,0.0,10.9,0.0
James Arthur,Can I Be Him,24894317.0,0.0,0,35,1.1118647770561358,0.0649230871475405,0.0,0.0,3.3,
James Arthur,Empty Space,13269933.0,0.0,0,20,1.341219370884421,0.1428464079541993,0.0,0.0,4.0,
James Arthur,Falling Like The Stars,16007522.0,0.0,0,23,1.466582923757594,0.2131449200921282,0.0,0.0,4.4,
James Arthur,Naked,39641659.0,0.0,0,54,3.431149974145,0.1769353097170586,0.0,0.0,10.3,
James Arthur,Rewrite The Stars (with James Arthur & Anne-Marie),84968426.0,0.0,0,90,1.4354002273484066,0.1185427890820153,0.0,0.0,4.3,
James Arthur,Say You Won't Let Go,1339660402.0,3001777.0,1,1226,1.3518306108407288,0.1054981575151655,0.0,0.2,4.1,
James Arthur,Train Wreck,38693706.0,0.0,0,28,1.4682148386042173,0.1271696403958438,0.0,0.0,4.4,
James Bay,Let It Go,34977256.0,0.0,0,65,1.2662486934942192,0.1707360483181312,0.0,0.0,3.8,
"James Blake, Travis Scott, Metro Boomin",Mile High,4338028.0,0.0,0,6,0.8590408134998265,0.4032994590512843,0.0,0.0,2.6,0.0
James Hersey,Miss You,5874684.0,0.0,0,10,1.248818930918746,0.231609964703872,0.0,0.0,3.7,0.0
Jamie Miller,Here's Your Perfect,8538136.0,0.0,0,11,1.0588154668423613,0.0320050938031879,0.0,0.0,3.2,0.0
Janelle Monáe,Make Me Feel,611295.0,0.0,1,4,0.5246059465478949,1.1143894715199445,0.0,0.0,11.6,0.0
Jason Aldean,Any Ol' Barstool,1194740.0,0.0,0,7,1.0592470040087454,0.0475868391142285,0.0,0.0,3.2,0.0
Jason Aldean,Got What I Got,4612208.0,201668.0,1,21,2.3774538698405663,0.2672817821899158,0.0,4.4,9.0,
Jason Aldean,You Make It Easy,62126404.0,768078.0,3,234,2.491596793262716,0.1041919128000685,0.0,1.2,8.0,
Jason Derulo,Swalla (feat. Nicki Minaj & Ty Dolla $ign),483198313.0,0.0,0,221,1.686063713572603,0.0904641651754013,0.0,0.0,5.1,
Jason Derulo,Take You Dancing,116987032.0,0.0,0,76,1.2733184589440212,0.094044615391557,0.0,0.0,3.8,
Jason Derulo,Tip Toe (feat. French Montana),83612210.0,0.0,0,87,3.5031546849240356,0.1289335565868807,0.0,0.0,10.5,
"Jason Derulo, David Guetta",Goodbye (feat. Nicki Minaj & Willy William),106178217.0,0.0,0,96,1.4694974488004442,0.1242613767236329,0.0,0.0,4.4,
"Jason Derulo, Nuka",Love Not War (The Tampa Beat),7357558.0,0.0,0,8,1.1303213306513809,0.0992856017676639,0.0,0.0,3.4,0.0
"Jason Derulo, Puri, Jhorrmountain",Coño,8657878.0,0.0,0,13,1.0730732883797265,0.0673175980856454,0.0,0.0,3.2,0.0
Jason Mraz,I'm Yours,285197815.0,0.0,0,447,1.199498692291414,0.0508914905914143,0.0,0.0,3.6,
"Jawsh 685, Jason Derulo",Savage Love (Laxed - Siren Beat),444795988.0,0.0,0,118,1.7546790238267282,0.1134878815851864,0.0,0.0,5.3,
"Jawsh 685, Jason Derulo",Savage Love (Laxed – Siren Beat) [BTS Remix],19268762.0,0.0,0,16,0.9955617986312724,0.2049200395008769,0.0,0.0,3.0,
Jax Jones,Harder (with Bebe Rexha),1307564.0,0.0,0,2,0.927436875943782,0.1526556698219024,0.0,0.0,2.8,0.0
Jax Jones,Instruction (feat. Demi Lovato & Stefflon Don),28467944.0,0.0,0,46,1.2578231540270073,0.0907154816920264,0.0,0.0,3.8,
"Jax Jones, Ina Wroldsen",Breathe,108768678.0,0.0,0,119,2.017707159218994,0.1170324228329705,0.0,0.0,6.1,
"Jax Jones, Madison Beer",All Day And Night - Jax Jones & Martin Solveig Present Europa,49141512.0,0.0,0,61,1.2663151683024247,0.0812158542334591,0.0,0.0,3.8,
"Jax Jones, Martin Solveig, Madison Beer, Europa",All Day And Night,1990984.0,0.0,0,3,1.040922804897387,0.0320080540097124,0.0,0.0,3.1,0.0
"Jax Jones, RAYE",You Don't Know Me - Radio Edit,259164088.0,0.0,0,227,1.2833146492192269,0.0735135144154191,0.0,0.0,3.8,
Jay Rock,"King's Dead (with Kendrick Lamar, Future & James Blake)",297881845.0,3972826.0,3,271,3.631236294552179,0.0948644874683306,0.0,1.3,11.3,
Jay Rock,Tap Out (feat. Jeremih),189053.0,0.0,0,1,0.7564681905605365,0.2407533621673558,0.0,0.0,2.3,0.0
Jay Rock,WIN,1496399.0,0.0,1,8,3.342836968251642,0.7769779067402911,0.0,0.0,15.0,0.0
Jay Rock,Wow Freestyle (feat. Kendrick Lamar),1191018.0,0.0,0,6,0.9072699099611838,0.2156652049564213,0.0,0.0,2.7,0.0
"Jay Wheeler, DJ Nelson, Myke Towers",La Curiosidad,176810385.0,0.0,0,106,1.247322500659849,0.0738305241748149,0.0,0.0,3.7,
Jennifer Lopez,Ni Tú Ni Yo (feat. Gente de Zona),19823843.0,0.0,0,42,1.08697572726346,0.0786719985019891,0.0,0.0,3.3,
Jeremih,oui,7755439.0,0.0,0,48,1.0875067967005634,0.0428246896338913,0.0,0.0,3.3,
Jeremy Zucker,comethru,127550808.0,0.0,0,170,3.54470415993538,0.1342245529957134,0.0,0.0,10.6,
"Jeremy Zucker, Chelsea Cutler",you were good to me,6334972.0,0.0,0,29,3.5915520019982754,0.2029965469773547,0.0,0.0,10.8,
"Jeremy Zucker, Chelsea Cutler",you were good to me (bonus track),2047495.0,0.0,0,10,1.0150540746447163,0.0773800922926677,0.0,0.0,3.0,0.0
Jerry Di,Mi Cuarto,70075318.0,0.0,0,61,1.479032436271802,0.0894795384098142,0.0,0.0,4.4,
Jess Glynne,All I Am,33776148.0,0.0,0,50,1.1661189482376295,0.0791397738412539,0.0,0.0,3.5,
Jess Glynne,I'll Be There,87219773.0,0.0,0,101,1.2852748441625146,0.1049257291442669,0.0,0.0,3.9,
Jessie J,Man With The Bag,2416514.0,0.0,0,2,1.004740701614999,0.17704528399498,0.0,0.0,3.0,0.0
"Jhay Cortez, Anuel AA, J Balvin",Medusa,50923080.0,0.0,0,57,1.1747169444342804,0.0728148384965194,0.0,0.0,3.5,
"Jhay Cortez, Bad Bunny",CÓMO SE SIENTE - Remix,105553229.0,0.0,0,115,1.087302527933403,0.0683216670259325,0.0,0.0,3.3,
"Jhay Cortez, J Balvin, Bad Bunny",No Me Conoce - Remix,592818128.0,0.0,0,418,1.3736215610087954,0.0623273130074652,0.0,0.0,4.1,
Jhené Aiko,B.S. (feat. H.E.R.),35816921.0,0.0,0,77,1.468098229724421,0.11193932168363,0.0,0.0,4.4,
Jhené Aiko,Happiness Over Everything (H.O.E.) (feat. Future & Miguel),3661888.0,0.0,0,8,1.1783923069730269,0.685548668473042,0.0,0.0,3.5,0.0
Jhené Aiko,None Of Your Concern (feat. Big Sean),1067476.0,0.0,0,4,0.7860013317681624,0.3002665527324841,0.0,0.0,2.4,0.0
Jhené Aiko,P*$$Y Fairy (OTW),7275364.0,0.0,0,26,1.6221366519768703,0.1249419330602185,0.0,0.0,4.9,
Jhené Aiko,Triggered (freestyle),3824812.0,0.0,1,13,1.6135035696040907,0.38188394209841,0.0,0.0,7.9,0.0
"Jhené Aiko, Big Sean",None Of Your Concern,2027747.0,0.0,0,6,0.6620604066838376,0.6342558646255724,0.0,0.0,2.0,0.0
"Joakim Lundell, Arrhult",All I Need,2266458.0,0.0,0,5,0.9429105637794928,0.1097055247020564,0.0,0.0,2.8,0.0
Joel Adams,Please Don't Go,6705038.0,0.0,0,17,1.0827730870069614,0.0568477363353362,0.0,0.0,3.2,
Joel Corry,Head & Heart (feat. MNEK),222442567.0,0.0,0,102,1.4878155651776914,0.1104223930147235,0.0,0.0,4.5,
"Joel Corry, RAYE, David Guetta",BED,16196922.0,0.0,0,14,1.0879294287170296,0.0777796034352545,0.0,0.0,3.3,
Joey Bada$$,DEVASTATED,17614281.0,0.0,0,78,3.3906171922462716,0.154041305989331,1.0,0.0,10.6,
Joey Bada$$,ROCKABYE BABY (feat. ScHoolboy Q),512115.0,0.0,0,3,0.5545892748390535,0.926383612200392,0.0,0.0,1.7,0.0
Joey Bada$$,TEMPTATION,2343623.0,0.0,0,11,1.1044409425269237,0.1649297115011553,0.0,0.0,3.3,0.0
"Joey Montana, Sebastian Yatra",Suena El Dembow,46010459.0,0.0,0,69,3.6008472867137566,0.13442331296687,0.0,0.0,10.8,
John Legend,All of Me,388720302.0,0.0,0,599,2.0619494338168547,0.0561932022192267,0.0,0.0,6.2,
John Legend,Bring Me Love,1134828.0,0.0,0,1,1.0078171693540436,0.1835651908591889,0.0,0.0,3.0,0.0
John Legend,Love Me Now,105984602.0,0.0,0,86,1.149365776072715,0.1024861007005341,0.0,0.0,3.4,
"John Lennon, The Harlem Community Choir, The Plastic Ono Band, Yoko Ono",Happy Xmas (War Is Over) - Remastered 2010,128982895.0,5300634.0,4,61,2.1348948145667417,0.2706358557719536,0.0,4.1,9.0,
"John Lennon, Yoko Ono",Happy Xmas (War Is Over) - Remastered 2010,13092087.0,0.0,0,7,1.3979189188322942,0.1842765635990206,0.0,0.0,4.2,0.0
John Mayer,Carry Me Away,386960.0,0.0,0,1,0.5538005329628862,0.922175857944234,0.0,0.0,1.7,0.0
John Mayer,Changing,493650.0,0.0,2,3,0.5236744961591472,1.0459414689717894,0.0,0.0,28.2,0.0
John Mayer,I Guess I Just Feel Like,2248517.0,0.0,1,6,0.8095104596403775,0.7698178183626703,0.0,0.0,9.1,0.0
John Mayer,Love on the Weekend,2078772.0,0.0,0,5,0.9503593818106292,0.3293182204418069,0.0,0.0,2.9,0.0
John Mayer,Moving On and Getting Over,2384552.0,0.0,0,4,0.8367069522686912,0.3685583162706751,0.0,0.0,2.5,0.0
John Mayer,New Light,91249178.0,3174552.0,4,80,4.4708652246026075,0.2297213040129419,0.0,3.5,15.4,
John Mayer,You're Gonna Live Forever in Me,150880.0,0.0,0,1,0.4316583810712688,0.9361061578397938,0.0,0.0,1.3,0.0
John Mellencamp,Jack & Diane,473684.0,0.0,0,2,1.074781081426765,0.1204735029628078,0.0,0.0,3.2,0.0
Joji,ATTENTION,210607.0,0.0,0,1,0.7923027052513704,0.3096311293046948,0.0,0.0,2.4,0.0
Joji,CAN'T GET OVER YOU (feat. Clams Casino),2175794.0,0.0,1,6,2.0693415892672857,0.8843386121402389,1.0,0.0,17.9,0.0
Joji,Ew,884431.0,0.0,0,4,0.5708313717244942,0.8785929529832355,0.0,0.0,1.7,0.0
Joji,Gimme Love,29879474.0,915714.0,1,40,3.379686415397104,0.3709548495551499,1.0,3.1,11.9,
Joji,NO FUN,422624.0,0.0,0,2,0.5193399202936514,0.9983626540491488,0.0,0.0,1.6,0.0
Joji,Run,28380794.0,1134223.0,1,24,2.321955124127647,0.4455229580811404,1.0,4.0,9.9,
Joji,SLOW DANCING IN THE DARK,371670039.0,4701975.0,3,755,2.9504560796888804,0.2248250958916484,7.0,1.3,9.3,
Joji,Sanctuary,42011419.0,0.0,0,34,1.0228466130494291,0.0951596690173983,0.0,0.0,3.1,
Joji,TEST DRIVE,6918543.0,871412.0,1,20,3.3232955380359432,0.443879408855746,0.0,12.6,12.0,
Joji,YEAH RIGHT,7960664.0,0.0,0,26,3.1927219053229927,0.3554666273167072,1.0,0.0,10.7,
Joji,Your Man,6725111.0,0.0,0,10,0.9170265688748888,0.3044720475095014,0.0,0.0,2.8,0.0
"Joji, Diplo",Daylight,8085744.0,1120729.0,1,14,1.227834205587613,0.4578098029083063,0.0,13.9,6.5,
"Joker Bra, VIZE",Baby,15064410.0,0.0,0,17,1.1298008830438786,0.1141063092646295,0.0,0.0,3.4,
Jon Bellion,All Time Low,211012823.0,2200426.0,1,152,1.169918054751287,0.0720671725771599,0.0,1.0,3.8,
Jon Pardi,Dirt On My Boots,15217982.0,0.0,0,85,1.110581474530386,0.0554931558057017,0.0,0.0,3.3,
Jon Pardi,Heartache On The Dance Floor,15716918.0,0.0,0,80,1.1305481563976512,0.0630386711768429,0.0,0.0,3.4,
Jon Pardi,Night Shift,3908320.0,0.0,0,18,1.0635979931614925,0.0441391730103506,0.0,0.0,3.2,
Jona Lewie,Stop the Cavalry - Radio Edit,841893.0,0.0,0,2,1.432254431564866,1.0128622719127165,0.0,0.0,4.3,0.0
Jonas Blue,What I Like About You (feat. Theresa Rex),74860626.0,0.0,0,96,1.2432160589145558,0.0918511137125707,0.0,0.0,3.7,
"Jonas Blue, Dakota",Fast Car,27984992.0,0.0,0,59,1.1001669410427215,0.050809424741283,0.0,0.0,3.3,
"Jonas Blue, JP Cooper",Perfect Strangers,110704947.0,0.0,0,195,1.1121319566430217,0.0519521726302139,0.0,0.0,3.3,
"Jonas Blue, Jack & Jack",Rise,454777065.0,0.0,0,310,1.5290873155437985,0.0749633449293572,0.0,0.0,4.6,
"Jonas Blue, Liam Payne, Lennon Stella",Polaroid,18555046.0,0.0,0,30,1.129970302977317,0.0974264855564086,0.0,0.0,3.4,
"Jonas Blue, RAYE",By Your Side,102261631.0,0.0,0,126,1.1325163003182352,0.0610922909956707,0.0,0.0,3.4,
"Jonas Blue, William Singe",Mama,304043499.0,0.0,0,156,1.6959809382683209,0.0907337452091237,0.0,0.0,5.1,
Jonas Brothers,Burnin' Up,774860.0,0.0,0,5,1.6290510714750088,1.0240394927457894,0.0,0.0,4.9,0.0
Jonas Brothers,Comeback,722438.0,0.0,0,3,0.5307010176204833,0.9568364836040378,0.0,0.0,1.6,0.0
Jonas Brothers,Cool,58945732.0,1267116.0,1,67,3.8977783727154782,0.2588116570196227,0.0,2.1,12.3,
Jonas Brothers,Don't Throw it Away,1029559.0,0.0,0,4,0.5174164081868566,0.9815595744278648,0.0,0.0,1.6,0.0
Jonas Brothers,Every Single Time,1016729.0,0.0,0,4,0.499492897645459,1.0089960371301163,0.0,0.0,1.5,0.0
Jonas Brothers,Happy When I'm Sad,676413.0,0.0,0,3,0.5019736744987083,1.0112202490280662,0.0,0.0,1.5,0.0
Jonas Brothers,Hesitate,764760.0,0.0,0,3,0.5253951046589056,0.965801635580831,0.0,0.0,1.6,0.0
Jonas Brothers,I Believe,2760324.0,0.0,1,7,0.9357322916056,0.7168058628429316,0.0,0.0,8.5,0.0
Jonas Brothers,Like It's Christmas,31863298.0,1535761.0,2,30,2.2721382503502294,0.522446802326599,2.0,4.8,11.5,
Jonas Brothers,Love Her,1046548.0,0.0,0,4,0.5117960714826049,0.9845769438601982,0.0,0.0,1.5,0.0
Jonas Brothers,Only Human,257946224.0,0.0,0,236,1.1625497226192167,0.0786638404541835,0.0,0.0,3.5,
Jonas Brothers,Rollercoaster,1642639.0,0.0,0,6,0.7883614343909914,0.795230372311893,0.0,0.0,2.4,0.0
Jonas Brothers,Strangers,728942.0,0.0,0,3,0.5288379399783437,0.9615951043554628,0.0,0.0,1.6,0.0
Jonas Brothers,Sucker,934804157.0,22760702.0,4,492,1.458803815282876,0.0784063944730437,0.0,2.4,4.7,
Jonas Brothers,Trust,671311.0,0.0,0,3,0.5076082570293734,0.997600379991058,0.0,0.0,1.5,0.0
Jonas Brothers,Used To Be,1349687.0,0.0,0,5,0.5111574255268693,1.000583518299702,0.0,0.0,1.5,0.0
Jonas Brothers,What A Man Gotta Do,198194865.0,0.0,0,147,1.134245336754113,0.0756563380840669,0.0,0.0,3.4,
Jonas Brothers,X (with KAROL G),11755666.0,0.0,0,12,0.9888032992818372,0.1468959514786016,0.0,0.0,3.0,0.0
Jonas Brothers,Year 3000,0.0,0.0,1,1,0.0,0.9600043974342732,0.0,0.0,40.0,0.0
Jonas Esticado,Investe Em Mim,20372771.0,0.0,0,26,1.3040094710941463,0.117637080827358,0.0,0.0,3.9,
Jonathan Groff,Lost in the Woods,1541861.0,0.0,0,6,1.150923353489132,0.0736967444311843,0.0,0.0,3.5,0.0
"Jonathan Groff, Original Broadway Cast of Hamilton",You'll Be Back,4525106.0,0.0,0,16,1.2118969162208568,0.1033264332362425,0.0,0.0,3.6,
Jordan Davis,Singles You Up,22191819.0,0.0,0,95,1.1613099046287063,0.0797534285839586,0.0,0.0,3.5,
Jorge & Mateus,Cheirosa - Ao Vivo,3742719.0,0.0,2,5,2.3611454024876006,0.8315699191637951,0.0,0.0,23.1,0.0
Jorge & Mateus,Lance Individual,2153902.0,0.0,0,3,1.0626697419596256,0.198191381107775,0.0,0.0,3.2,0.0
Jorge & Mateus,Propaganda - Ao Vivo,9353368.0,0.0,0,16,1.0912551146636216,0.0691727959918821,0.0,0.0,3.3,
Jorge & Mateus,Tijolão - Ao Vivo,5116243.0,0.0,0,8,2.5468139221275794,0.5884903503033931,0.0,0.0,7.6,0.0
Jorge & Mateus,Troca,2362721.0,0.0,0,3,1.0954863212474248,0.1009137975830259,0.0,0.0,3.3,0.0
Jorja Smith,Be Honest (feat. Burna Boy),43265443.0,0.0,0,57,1.3434373440933116,0.0831318902360027,0.0,0.0,4.0,
Jorja Smith,I Am,16891550.0,0.0,0,23,1.100906368650607,0.3192335614882169,0.0,0.0,3.3,
"Jorja Smith, Burna Boy",Be Honest,9759570.0,0.0,0,12,1.092064774216838,0.076579183531672,0.0,0.0,3.3,0.0
Josh Turner,Hometown Girl,9363389.0,0.0,0,54,1.1416736986326228,0.0575955373102151,0.0,0.0,3.4,
José Feliciano,Feliz Navidad,133866792.0,10365966.0,7,73,2.80312340984528,0.3811523595263353,1.0,7.7,12.7,
Journey,Don't Stop Believin',94884782.0,1126852.0,2,151,2.161399742194521,0.3697064793615308,1.0,1.2,7.2,
"Jowell & Randy, J Balvin",Anaranjado,13109472.0,0.0,0,20,1.060646379160159,0.0564264942549854,0.0,0.0,3.2,
Joyner Lucas,Devil's Work,208068.0,0.0,0,1,0.8436488864500747,0.1987649041771703,0.0,0.0,2.5,0.0
Joyner Lucas,I Love,7019623.0,211256.0,1,31,1.909137014973434,0.2558201523566877,0.0,3.0,7.0,
Joyner Lucas,Revenge,2160526.0,0.0,0,8,1.3069889964892438,0.1515274945013016,0.0,0.0,3.9,0.0
Joyner Lucas,The War (feat. Young Thug),202939.0,0.0,0,1,0.8413095208483612,0.2508428082218275,0.0,0.0,2.5,0.0
Joyner Lucas,Will,1183104.0,0.0,0,5,0.569658826809728,0.8718995774395543,0.0,0.0,1.7,0.0
"Joyner Lucas, Chris Brown",Stranger Things,587623.0,0.0,3,6,1.8496627329270277,1.075035303658011,0.0,0.0,25.5,0.0
"Joyner Lucas, Lil Baby",Ramen & OJ,4341965.0,0.0,0,14,1.060767628261714,0.0801708418659303,0.0,0.0,3.2,
"Joyner Lucas, Logic",Isis,53880665.0,0.0,0,61,1.050698736278941,0.1282993360304427,0.0,0.0,3.2,
"Joyner Lucas, Will Smith",Will - Remix,2496766.0,0.0,0,10,0.9830388063579018,0.110895616323748,0.0,0.0,2.9,0.0
João Gomes,Aquelas Coisas,4994197.0,0.0,0,6,1.1667320751448684,0.1179682601963011,0.0,0.0,3.5,0.0
João Gomes,Meu Pedaço de Pecado,16566219.0,0.0,0,14,1.3603436992679014,0.1780637865372382,0.0,0.0,4.1,
"João Gustavo e Murilo, Analaga",Lençol Dobrado,2439465.0,0.0,1,4,2.4694003165026612,1.0229375574395314,0.0,0.0,17.4,0.0
"Juan Magán, Belinda, Manuel Turizo, Snova, B-Case",Déjate Llevar,52544412.0,855956.0,1,77,3.2484735627327295,0.1285416917806811,0.0,1.6,10.3,
Juanfran,Como Llora,19426918.0,0.0,0,30,1.0629789145128332,0.039102818262736,0.0,0.0,3.2,
Judy Garland,Have Yourself A Merry Little Christmas,10778682.0,333029.0,1,25,3.407436712148857,0.361625160401764,1.0,3.1,13.0,
Judy Garland,"Have Yourself A Merry Little Christmas - ""Meet Me In St. Louis"" Original Cast Recording",9048385.0,0.0,0,17,2.962133784935482,0.2535435153513901,0.0,0.0,8.9,
Juice WRLD,10 Feet,974589.0,0.0,0,4,0.5069428257467283,0.9384066560438032,0.0,0.0,1.5,0.0
Juice WRLD,All Girls Are The Same,702646004.0,3820859.0,3,911,4.7185674874642585,0.1434692283652799,6.0,0.5,14.5,
Juice WRLD,Anxiety - Intro,5694887.0,0.0,1,9,0.5218186574573999,0.816460473248626,0.0,0.0,6.0,0.0
Juice WRLD,Armed And Dangerous,367371916.0,0.0,0,640,4.3202020093185345,0.0653004802471521,0.0,0.0,13.0,
Juice WRLD,Bad Energy,29188747.0,0.0,0,40,0.9846912879048776,0.2175194591856122,0.0,0.0,3.0,
Juice WRLD,Bandit (with YoungBoy Never Broke Again),616804311.0,0.0,0,378,1.752245057597654,0.0828115088324984,0.0,0.0,5.3,
Juice WRLD,Big,1868356.0,0.0,0,6,0.5679128581888786,0.8086005930201061,0.0,0.0,1.7,0.0
Juice WRLD,Black & White,60436621.0,1319897.0,1,240,3.576543307763445,0.0873739916056314,0.0,2.2,10.9,
Juice WRLD,Blood On My Jeans,40975251.0,0.0,0,49,0.9941974246359916,0.1783497440766037,0.0,0.0,3.0,
Juice WRLD,Can't Die,21957463.0,0.0,0,29,0.9761081795118944,0.2562984472331306,0.0,0.0,2.9,
Juice WRLD,Candles,282439.0,0.0,0,1,0.8681802393313722,0.2312048393155553,0.0,0.0,2.6,0.0
Juice WRLD,Come & Go (with Marshmello),267730923.0,34478954.0,6,106,1.1772254966758209,0.1253599188478119,0.0,12.9,5.8,
Juice WRLD,Conversations,97112617.0,0.0,0,71,1.0656049459133945,0.1528389527323654,0.0,0.0,3.2,
Juice WRLD,Demonz (feat. Brent Faiyaz) - Interlude,1054917.0,0.0,0,4,0.4382610031386916,1.068853531402522,0.0,0.0,1.3,0.0
Juice WRLD,Desire,1072301.0,0.0,0,4,0.5110479900541584,0.9408466374607736,0.0,0.0,1.5,0.0
Juice WRLD,Empty,39347244.0,1233553.0,1,77,3.536255207184472,0.2200081361842378,0.0,3.1,11.1,
Juice WRLD,Fast,72502812.0,1236552.0,1,88,3.528686794670697,0.1812639753844898,0.0,1.7,11.0,
Juice WRLD,Feeling,41466557.0,1380351.0,1,143,3.224880199130772,0.1208178697932134,1.0,3.3,10.2,
Juice WRLD,Fighting Demons,24093165.0,0.0,0,30,0.971836545665994,0.2618749352251173,0.0,0.0,2.9,
Juice WRLD,Flaws And Sins,9126802.0,0.0,0,22,1.3106809465766864,0.2376778861499338,0.0,0.0,3.9,
Juice WRLD,HeMotions,6165206.0,0.0,0,13,1.056534491599689,0.4057698089955949,0.0,0.0,3.2,0.0
Juice WRLD,Hear Me Calling,68944954.0,3463133.0,2,90,3.4160098888178076,0.1878391940825566,0.0,5.0,11.1,
Juice WRLD,Hide (feat. Seezyn),31230170.0,1220194.0,1,116,3.221750980893603,0.0903262379547933,1.0,3.9,10.3,
Juice WRLD,I Want It,18330735.0,0.0,0,17,0.8925713858635852,0.4355271245847634,0.0,0.0,2.7,
Juice WRLD,I'll Be Fine,279048.0,0.0,0,1,0.8571630428661388,0.2295828195600452,0.0,0.0,2.6,0.0
Juice WRLD,Juice WRLD Speaks From Heaven - Outro,4997852.0,0.0,0,8,0.5876097621870088,0.6798372195915684,0.0,0.0,1.8,0.0
Juice WRLD,Lean Wit Me,301131271.0,2755963.0,1,621,4.380754920075264,0.0741750975523932,0.0,0.9,13.2,
Juice WRLD,Legends,164652901.0,3644124.0,1,414,4.861461005146338,0.1173467306479726,1.0,2.2,14.8,
Juice WRLD,Let Me Know (I Wonder Why Freestyle),40218308.0,0.0,0,66,1.3548666326265613,0.173793269073969,0.0,0.0,4.1,
Juice WRLD,Life's A Mess (feat. Halsey),90563308.0,12575938.0,2,65,2.612480480883859,0.2020200741175478,0.0,13.9,9.1,
Juice WRLD,Lucid Dreams,1986487075.0,50423928.0,11,900,3.103003418320482,0.0543889745819957,0.0,2.5,9.8,
Juice WRLD,Make Believe,35320938.0,0.0,0,71,1.5764978140601351,0.1358008806260265,0.0,0.0,4.7,
Juice WRLD,Make It Back,1881962.0,0.0,0,6,0.6042128138610203,0.8170001125897196,0.0,0.0,1.8,0.0
Juice WRLD,Man Of The Year,27697073.0,0.0,0,44,0.997004059310373,0.1734985729065086,0.0,0.0,3.0,
Juice WRLD,Maze,19578542.0,0.0,0,30,1.4863224113105895,0.2194349136880492,0.0,0.0,4.5,
Juice WRLD,ON GOD (feat. Young Thug),1321339.0,0.0,0,5,0.4875505365108709,0.9753040466869076,0.0,0.0,1.5,0.0
Juice WRLD,Out My Way,1355534.0,0.0,0,5,0.5463148196604519,0.8892301319432695,0.0,0.0,1.6,0.0
Juice WRLD,Real Shit (with benny blanco),11258720.0,0.0,1,6,1.4348931944332672,0.2831346646357325,0.0,0.0,11.0,0.0
Juice WRLD,Rich And Blind,277608.0,0.0,0,1,0.8727597401916913,0.18159019243139,0.0,0.0,2.6,0.0
Juice WRLD,Rider,449843.0,0.0,0,2,0.8028722530135156,0.3396385451211831,0.0,0.0,2.4,0.0
Juice WRLD,Righteous,257580283.0,32914180.0,7,164,3.2478088924168977,0.1176169922456393,0.0,12.8,11.5,
Juice WRLD,Ring Ring (with Rvssian feat. Clever),4596893.0,0.0,0,13,1.092644249598363,0.426075569567422,0.0,0.0,3.3,0.0
Juice WRLD,Robbery,762677364.0,16686991.0,4,617,4.4356522022057625,0.0708401158561728,0.0,2.2,13.6,
Juice WRLD,Scared Of Love,288654.0,0.0,0,1,0.8678452241363759,0.2600849363245696,0.0,0.0,2.6,0.0
Juice WRLD,Screw Juice,20762957.0,0.0,0,23,0.9811511826835648,0.3253584099562512,0.0,0.0,2.9,
Juice WRLD,Smile (with The Weeknd),127777892.0,8144736.0,2,70,1.671070182963626,0.2016132623593132,0.0,6.4,6.2,
Juice WRLD,Stay High,31736966.0,0.0,0,48,0.9994884891929738,0.1608524777070892,0.0,0.0,3.0,
Juice WRLD,Syphilis,1416271.0,0.0,0,5,0.5071887163053855,0.9390477960587036,0.0,0.0,1.5,0.0
Juice WRLD,Tell Me U Luv Me (with Trippie Redd),72289203.0,15047891.0,4,83,5.613162147381098,0.2633442527439846,0.0,20.8,18.8,
Juice WRLD,The Bees Knees,1049446.0,0.0,0,4,0.5310208483925326,0.9062770356772047,0.0,0.0,1.6,0.0
Juice WRLD,"The Man, The Myth, The Legend - Interlude",5151916.0,0.0,0,8,0.6167023333026188,0.6475046619303533,0.0,0.0,1.9,0.0
Juice WRLD,Titanic,28507933.0,0.0,0,34,0.9795824893490166,0.2469507571282496,0.0,0.0,2.9,
Juice WRLD,Up Up And Away,25627371.0,0.0,0,32,0.9793676913097012,0.2301916502890719,0.0,0.0,2.9,
Juice WRLD,Wasted (feat. Lil Uzi Vert),184272063.0,3010610.0,2,266,3.634723067013213,0.109752399251459,0.0,1.6,11.2,
Juice WRLD,Who Shot Cupid?,3646304.0,0.0,0,13,1.1743553332819374,0.4191399012784242,0.0,0.0,3.5,0.0
Juice WRLD,Wishing Well,244315638.0,26655897.0,5,105,1.088583495563984,0.1115383612169533,0.0,10.9,5.2,
Juice WRLD,Won’t Let Go,432254.0,0.0,0,2,0.7655931937992588,0.3852885682866215,0.0,0.0,2.3,0.0
"Juice WRLD, Polo G",Hate The Other Side (with Marshmello & The Kid Laroi),98557690.0,0.0,0,87,1.1009396158629263,0.1299442067485623,0.0,0.0,3.3,
"Juice WRLD, The Kid LAROI",Reminds Me Of You,13592352.0,0.0,0,10,1.0578352551162955,0.1746333972394695,0.0,0.0,3.2,0.0
Juicy J,Neighbor (feat. Travis Scott),722300.0,0.0,0,4,0.9047063770702448,0.2901167094129436,0.0,0.0,2.7,0.0
Juju,Vermissen (feat. Henning May),24082467.0,0.0,0,29,1.6548542289597208,0.1972955767835612,0.0,0.0,5.0,
"Juju, Loredana, Miksu / Macloud",Kein Wort,15233143.0,0.0,0,16,1.081372754002368,0.1305779352943072,0.0,0.0,3.2,
Julia Michaels,Anxiety (with Selena Gomez),6685994.0,0.0,0,11,1.0004236367753694,0.2589745114887046,0.0,0.0,3.0,0.0
Julia Michaels,Heaven,109421053.0,989710.0,1,81,3.725301888953475,0.1477414316472094,0.0,0.9,11.7,
Julia Michaels,Issues,548002648.0,3511244.0,1,294,1.63449733467448,0.0861583850832379,0.0,0.6,5.0,
Julia Michaels,Jump (with Trippie Redd),25367515.0,1035873.0,3,45,2.6747107102622456,0.527093329905721,1.0,4.1,11.4,
Julia Michaels,Uh Huh,16892460.0,0.0,0,33,1.610344249119284,0.4157606299130013,0.0,0.0,4.8,
Julia Michaels,What A Time (feat. Niall Horan),8857520.0,1790979.0,2,22,4.657453431798371,0.4125302011468207,0.0,20.2,17.6,
Justin Bieber,All Around Me,6604268.0,0.0,0,5,0.7180362203339239,0.4485911704726962,0.0,0.0,2.2,0.0
Justin Bieber,Anyone,31988522.0,0.0,0,10,1.1476919520336006,0.1906673465463352,0.0,0.0,3.4,0.0
Justin Bieber,At Least For Now,474105.0,0.0,0,2,0.285159658303227,0.8176551848198783,0.0,0.0,0.9,0.0
Justin Bieber,Available,5936385.0,0.0,0,5,0.7690964456648722,0.3712811816445424,0.0,0.0,2.3,0.0
Justin Bieber,Changes,4382186.0,0.0,0,4,0.7867277958818635,0.3492845077416183,0.0,0.0,2.4,0.0
Justin Bieber,Come Around Me,9461672.0,0.0,0,9,0.801161034667758,0.3903450167649547,0.0,0.0,2.4,0.0
Justin Bieber,Confirmation,4497249.0,0.0,0,5,0.8085940182403667,0.3639464971042218,0.0,0.0,2.4,0.0
Justin Bieber,E.T.A.,3265826.0,0.0,0,4,0.7648645036092145,0.4198363302411794,0.0,0.0,2.3,0.0
Justin Bieber,Forever (feat. Post Malone & Clever),104623117.0,0.0,0,54,1.032059022997183,0.0871395319931788,0.0,0.0,3.1,
Justin Bieber,Friends (with BloodPop®),81986649.0,0.0,0,57,3.5304505771678025,0.1756095288222217,0.0,0.0,10.6,
Justin Bieber,Get Me (feat. Kehlani),7902767.0,0.0,0,6,0.8038097405350052,0.2790984524166676,0.0,0.0,2.4,0.0
Justin Bieber,Habitual,6800879.0,0.0,0,5,0.736690247992888,0.4109495280043697,0.0,0.0,2.2,0.0
Justin Bieber,Hold On,18675552.0,0.0,0,14,1.0359191812608637,0.0718837825392572,0.0,0.0,3.1,
Justin Bieber,Holy (feat. Chance The Rapper),102529511.0,0.0,0,38,1.0905205621749965,0.0960856220033142,0.0,0.0,3.3,
Justin Bieber,Intentions (feat. Quavo),658128105.0,0.0,0,236,1.2602438624004304,0.0592914956594578,0.0,0.0,3.8,
Justin Bieber,Lonely (with benny blanco),75227957.0,0.0,0,26,1.1015739921828076,0.1064343675808577,0.0,0.0,3.3,
Justin Bieber,Love Yourself,141602605.0,0.0,0,237,1.2123426675565203,0.0534577922194988,0.0,0.0,3.6,
Justin Bieber,Mistletoe,183220850.0,3594008.0,4,91,2.468440544225916,0.3160468911311102,0.0,2.0,9.2,
Justin Bieber,Peaches (feat. Daniel Caesar & Giveon),55313379.0,0.0,0,14,1.058008247031223,0.0502848415427901,0.0,0.0,3.2,
Justin Bieber,Running Over (feat. Lil Dicky),5928611.0,0.0,0,5,0.7457020456933028,0.3821125612104453,0.0,0.0,2.2,0.0
Justin Bieber,Second Emotion (feat. Travis Scott),6186054.0,0.0,0,5,0.7215445713024357,0.4291906108304171,0.0,0.0,2.2,0.0
Justin Bieber,Sorry,116617517.0,0.0,0,206,1.318099700971438,0.0641100147143605,0.0,0.0,4.0,
Justin Bieber,Take It Out On Me,2532951.0,0.0,0,4,0.7354949335357147,0.539058768569423,0.0,0.0,2.2,0.0
Justin Bieber,That's What Love Is,1461392.0,0.0,1,3,0.8840096224396383,0.7132678472997404,0.0,0.0,16.0,0.0
Justin Bieber,What Do You Mean?,17626049.0,0.0,0,41,1.080724583178366,0.0475217654387462,0.0,0.0,3.2,
Justin Bieber,Yummy,481568890.0,18560955.0,3,199,1.302946072943415,0.0577873283836562,0.0,3.9,4.5,
"Justin Bieber, Kehlani",Get Me,21128881.0,0.0,0,14,1.412347306810485,0.2775955830469869,0.0,0.0,4.2,
"Justin Bieber, Quavo",Intentions,25450044.0,0.0,0,5,1.0819864231880765,0.0684051477563975,0.0,0.0,3.2,0.0
"Justin Bieber, Usher",The Christmas Song (Chestnuts Roasting On An Open Fire),2626736.0,0.0,0,2,1.1297151415068205,0.1785944715480093,0.0,0.0,3.4,0.0
Justin Quiles,Jeans,65765235.0,0.0,0,55,1.296873239916874,0.0885673700610248,0.0,0.0,3.9,
Justin Quiles,No Quiero Amarte (feat. Zion & Lennox),45945533.0,0.0,0,77,1.144157578120503,0.0674260444627924,0.0,0.0,3.4,
Justin Quiles,Ponte Pa' Mi,5038327.0,0.0,0,7,1.0986969875911392,0.0555982660522438,0.0,0.0,3.3,0.0
"Justin Quiles, Chimbala, Zion & Lennox",Loco,13420336.0,0.0,0,14,1.1360684204601903,0.0730762950804398,0.0,0.0,3.4,
"Justin Quiles, Daddy Yankee, El Alfa",PAM,67615882.0,0.0,0,90,1.1403892331514638,0.0605291305147897,0.0,0.0,3.4,
"Justin Quiles, Natti Natasha, Farruko","DJ No Pare (feat. Zion, Dalex, Lenny Tavárez) - Remix",124374170.0,0.0,0,154,1.1472802501690775,0.0656697031532787,0.0,0.0,3.4,
Justin Timberlake,"CAN'T STOP THE FEELING! (Original Song from DreamWorks Animation's ""TROLLS"")",214194926.0,0.0,0,244,1.525485772278387,0.0946074949963117,0.0,0.0,4.6,
Justin Timberlake,Filthy,17353564.0,6869462.0,4,14,4.930709081314544,0.5505938916438531,0.0,39.6,26.2,
Justin Timberlake,Flannel,178988.0,0.0,0,1,0.7989620236966896,0.27009126027612,0.0,0.0,2.4,0.0
Justin Timberlake,Higher Higher,420538.0,0.0,0,2,0.513127713750605,1.011363364166312,0.0,0.0,1.5,0.0
Justin Timberlake,Man of the Woods,4700880.0,0.0,0,6,0.8487212449962896,0.4019320966984215,0.0,0.0,2.5,0.0
Justin Timberlake,Midnight Summer Jam,432050.0,0.0,0,3,0.3901276945351905,0.8778151283548495,0.0,0.0,1.2,0.0
Justin Timberlake,Montana,175597.0,0.0,0,1,0.4162608422867555,0.9591213674334392,0.0,0.0,1.2,0.0
Justin Timberlake,Morning Light (feat. Alicia Keys),621968.0,0.0,1,4,0.5356891811699563,1.0237488106728052,0.0,0.0,11.6,0.0
Justin Timberlake,Sauce,229048.0,0.0,1,2,0.3996412706278113,1.1286769792012967,0.0,0.0,21.2,0.0
Justin Timberlake,Say Something (feat. Chris Stapleton),219030782.0,5310277.0,2,136,2.8926608216021443,0.1057354541370721,0.0,2.4,9.3,
Justin Timberlake,SoulMate,2448761.0,0.0,1,5,0.8145280136476915,0.5562474324992923,0.0,0.0,10.4,0.0
Justin Timberlake,Supplies,4777625.0,0.0,3,6,2.93303187014401,0.9470786897661174,0.0,0.0,28.8,0.0
Justin Timberlake,Wave,204794.0,0.0,0,1,0.4245045229297197,0.9502437125088566,0.0,0.0,1.3,0.0
"Justin Timberlake, Meek Mill",Believe (feat. Justin Timberlake),222484.0,0.0,0,1,0.37171344095513,0.9860283856890611,0.0,0.0,1.1,0.0
"Justin Wellington, Small Jam",Iko Iko (My Bestie),15234078.0,0.0,0,14,1.161327296954929,0.0992262470190531,0.0,0.0,3.5,
K CAMP,Lottery (Renegade),15245856.0,1185577.0,1,43,2.9190465219754036,0.2928712348717441,0.0,7.8,9.7,
"K/DA, (G)I-DLE, Wolftyla, Bea Miller, League of Legends",THE BADDEST,5696289.0,0.0,0,8,1.0582467902706796,0.1170807880579859,0.0,0.0,3.2,0.0
"K/DA, Madison Beer, (G)I-DLE, Jaira Burns, League of Legends",POP/STARS,19944406.0,0.0,0,22,1.268044077134986,0.1810714093864338,0.0,0.0,3.8,
"K/DA, Madison Beer, (G)I-DLE, Lexie Liu, Jaira Burns, Seraphine, League of Legends",MORE,8548941.0,0.0,0,7,1.1923063550345978,0.1422039702003353,0.0,0.0,3.6,0.0
KALEO,Way down We Go,8800700.0,0.0,0,19,1.0981140975082004,0.0462959718306726,0.0,0.0,3.3,
KAROL G,"Ay, DiOs Mío!",148436970.0,0.0,0,88,1.5805608452834652,0.0911496488994296,0.0,0.0,4.7,
KAROL G,BICHOTA,75072419.0,0.0,0,26,2.123691169487723,0.1614573943601247,0.0,0.0,6.4,
KAROL G,Mi Cama,71300826.0,0.0,1,76,2.443869898858034,0.1577760536893262,0.0,0.0,7.9,
KAROL G,Pineapple,2849640.0,0.0,0,5,3.2358145779924308,1.0080470184595132,0.0,0.0,9.7,0.0
KAROL G,Punto G,15682796.0,0.0,0,24,1.7073818733159805,0.2310276154928579,0.0,0.0,5.1,
"KAROL G, Anuel AA",Culpables,140151122.0,0.0,0,167,1.1991620372907914,0.0632870397494098,0.0,0.0,3.6,
"KAROL G, Anuel AA",Follow,14416794.0,0.0,0,21,1.0472644905659927,0.0701413998445958,0.0,0.0,3.1,
"KAROL G, Bad Bunny",Ahora Me Llama,11182441.0,0.0,0,22,1.1211777664281937,0.0571011171728079,0.0,0.0,3.4,
"KAROL G, J Balvin, Nicky Jam",Mi Cama - Remix,51633622.0,0.0,0,67,1.127537369574461,0.0711690946774286,0.0,0.0,3.4,
"KAROL G, Maluma",Créeme,105974983.0,0.0,0,139,3.597211280677223,0.1026671778547401,0.0,0.0,10.8,
"KAROL G, Mariah Angeliq",EL MAKINON,18112802.0,0.0,0,14,1.0628565147322655,0.0656673927291059,0.0,0.0,3.2,
"KAROL G, Nicki Minaj",Tusa,873353135.0,0.0,0,334,1.577405697612956,0.0719881912612765,0.0,0.0,4.7,
KC Rebell,Alleen,4690796.0,0.0,0,7,1.1748009145934588,0.0994269528532292,0.0,0.0,3.5,0.0
"KC Rebell, RAF Camora",Neptun,1256350.0,0.0,0,2,0.9052573692746748,0.2125431379033164,0.0,0.0,2.7,0.0
"KC Rebell, Summer Cem",FLY,630200.0,0.0,0,1,0.9180294754179714,0.1195087553376017,0.0,0.0,2.8,0.0
"KC Rebell, Summer Cem",VALLA NEIN (feat. Luciano),2490611.0,0.0,0,4,0.8860750683830607,0.2673644232538644,0.0,0.0,2.7,0.0
"KC Rebell, Summer Cem, Capital Bra",DNA,6127991.0,0.0,0,8,1.095752677205232,0.0857221810806366,0.0,0.0,3.3,0.0
KEiiNO,Spirit in the Sky,660904.0,0.0,1,2,3.315617846592237,1.7111396571189317,1.0,0.0,44.9,0.0
KHEA,Ayer Me Llamó Mi Ex (feat. Lenny Santos),39308563.0,0.0,0,37,1.167960421989552,0.0996143295021367,0.0,0.0,3.5,
"KHEA, Bad Bunny, Duki, Cazzu",Loca Remix,15964991.0,0.0,0,27,1.1490837865837866,0.0751194675370723,0.0,0.0,3.4,
KIDS SEE GHOSTS,Cudi Montage,10662822.0,0.0,0,11,1.0095238870814722,0.3911537852108689,0.0,0.0,3.0,0.0
KIDS SEE GHOSTS,Fire,11384228.0,0.0,0,10,1.0937862235580735,0.4166712702232162,0.0,0.0,3.3,0.0
KIDS SEE GHOSTS,Reborn,47535999.0,0.0,0,54,1.276676218403772,0.1801047980094451,0.0,0.0,3.8,
"KIDS SEE GHOSTS, Louis Prima",4th Dimension,18518503.0,0.0,0,19,1.041895568901179,0.3229791103013849,0.0,0.0,3.1,
"KIDS SEE GHOSTS, Pusha T",Feel The Love,17088637.0,0.0,0,15,1.2754335033487847,0.5276926470812479,0.0,0.0,3.8,
"KIDS SEE GHOSTS, Ty Dolla $ign",Freeee (Ghost Town Pt. 2),11266010.0,0.0,0,9,0.9739928850406364,0.3422531929480218,0.0,0.0,2.9,0.0
"KIDS SEE GHOSTS, Yasiin Bey",Kids See Ghosts,8202633.0,0.0,0,8,0.9595880019779964,0.3331355319820797,0.0,0.0,2.9,0.0
KREAM,Taped up Heart (feat. Clara Mae),23415555.0,0.0,0,38,1.244668786285878,0.0961977060118392,0.0,0.0,3.7,
KSI,"Down Like That (feat. Rick Ross, Lil Baby & S-X)",3387951.0,0.0,0,5,1.0833895538301217,0.0485436027932739,0.0,0.0,3.3,0.0
KSI,Holiday,6928094.0,0.0,0,9,1.300459061951514,0.0914686419712402,0.0,0.0,3.9,0.0
KSI,Houdini (feat. Swarmz & Tion Wayne),2075125.0,0.0,0,3,1.086634415740549,0.075867618817427,0.0,0.0,3.3,0.0
KYLE,Hey Julie! (feat. Lil Yachty),11784118.0,1131405.0,2,27,2.908826968373843,0.4371182793978854,0.0,9.6,11.7,
KYLE,Playinwitme (feat. Kehlani),243641344.0,0.0,0,184,2.9283969510445136,0.1413697532277573,0.0,0.0,8.8,
KYLE,iSpy (feat. Lil Yachty),517186105.0,3066610.0,1,338,1.2936434969227992,0.0650118307995906,0.0,0.6,4.0,
Kaash Paige,Love Songs,857330.0,0.0,1,7,3.5078777244845862,1.3110057581116557,1.0,0.0,20.5,0.0
Kaash Paige,Love Songs - Bonus,0.0,0.0,1,1,0.0,1.7320508075688774,0.0,0.0,40.0,0.0
"Kaash Paige, Don Toliver",Euphoria (feat. Travis Scott & Kaash Paige),224457.0,0.0,1,1,0.3151864730781058,1.0856989115379865,0.0,0.0,40.9,0.0
Kacey Musgraves,Butterflies,466522.0,0.0,1,3,3.121328196861652,1.4186044328021417,1.0,0.0,32.7,0.0
Kacey Musgraves,Rainbow,2635639.0,0.0,0,12,2.1826509068303763,0.3897632525394521,1.0,0.0,9.0,0.0
Kacey Musgraves,Slow Burn,0.0,0.0,0,1,0.0,2.6457513110645903,0.0,0.0,0.0,0.0
Kacey Musgraves,Space Cowboy,0.0,0.0,0,1,0.0,2.6457513110645903,0.0,0.0,0.0,0.0
"Kacey Musgraves, Troye Sivan",Glittery - From The Kacey Musgraves Christmas Show,1362288.0,0.0,0,1,1.3523196014445518,0.6407015524073819,0.0,0.0,4.1,0.0
"Kalazh44, Capital Bra, Samra, Nimo, Luciano",Royal Rumble,5257776.0,0.0,0,7,0.9605151667352234,0.1485402066555969,0.0,0.0,2.9,0.0
Kali Uchis,telepatía,22813536.0,0.0,0,14,1.0460196736939522,0.0510943334577061,0.0,0.0,3.1,
Kane Brown,Be Like That - feat. Swae Lee & Khalid,93868052.0,3780960.0,5,88,1.4060091188860182,0.1607848075257351,0.0,4.0,6.5,
Kane Brown,Cool Again,397741.0,0.0,0,2,0.8252707046406063,0.2207433572282212,0.0,0.0,2.5,0.0
Kane Brown,Good as You,1347809.0,0.0,0,6,1.0202155887469535,0.0553937643615368,0.0,0.0,3.1,0.0
Kane Brown,Heaven,92568976.0,1954004.0,2,331,3.459280833947876,0.0946055034679126,0.0,2.1,10.6,
Kane Brown,Lose It,2509383.0,0.0,0,11,3.1583709848144745,0.5200650141043945,0.0,0.0,9.5,0.0
Kane Brown,What Ifs (feat. Lauren Alaina),49038070.0,0.0,0,225,1.1357405369254916,0.0676190092056422,0.0,0.0,3.4,
"Kane Brown, blackbear",Memory,3623412.0,0.0,1,6,1.0019077538695955,0.5616917995082376,0.0,0.0,9.7,0.0
Kanye West,All Mine,179274690.0,0.0,0,135,1.0876555387119102,0.0934441353681956,0.0,0.0,3.3,
Kanye West,Closed On Sunday,26372897.0,0.0,0,21,0.8929768840443526,0.3760354200952429,0.0,0.0,2.7,
Kanye West,Famous,7523971.0,0.0,0,44,1.8032392933771624,0.1985258216132395,0.0,0.0,5.4,
Kanye West,Father Stretch My Hands Pt. 1,11072018.0,0.0,0,63,1.1020168048085828,0.0517446015545518,0.0,0.0,3.3,
Kanye West,Follow God,110236566.0,5927210.0,1,57,1.0690207624339212,0.1707506820957877,0.0,5.4,3.9,
Kanye West,God Is,14873675.0,0.0,1,13,0.7934246611357314,0.505111642480815,0.0,0.0,5.5,0.0
Kanye West,I Love It (& Lil Pump),427153162.0,5855459.0,1,179,1.431036819420182,0.0908320856565373,0.0,1.4,4.5,
Kanye West,I Thought About Killing You,19959093.0,0.0,0,15,0.8502350074247406,0.3791381391333505,0.0,0.0,2.6,
Kanye West,Jesus Is Lord,8048676.0,0.0,1,9,0.758797314891322,0.5595373250572909,0.0,0.0,6.7,0.0
Kanye West,Lift Yourself,17905022.0,0.0,0,25,1.3292965675500852,0.2399076543123932,0.0,0.0,4.0,
Kanye West,No Mistakes,19469977.0,0.0,0,15,0.8876583623168166,0.3686103347539645,0.0,0.0,2.7,
Kanye West,On God,26431805.0,0.0,0,18,0.8089416129342778,0.4210054038335056,0.0,0.0,2.4,
Kanye West,Selah,23120845.0,0.0,0,17,0.7497321985956581,0.455299680665875,0.0,0.0,2.2,
Kanye West,Stronger,2421631.0,0.0,0,7,1.11676672842424,0.1008888097308707,0.0,0.0,3.4,0.0
Kanye West,Violent Crimes,28610360.0,0.0,0,25,0.9310513128198112,0.2852120425051804,0.0,0.0,2.8,
Kanye West,Ye vs. the People (starring TI as the People),5964194.0,0.0,2,8,1.3071981058174562,0.4959350438945402,0.0,0.0,13.9,0.0
Kanye West,Yikes,75006436.0,0.0,0,60,1.0362139597302007,0.1444737932264625,0.0,0.0,3.1,
"Kanye West, Ant Clemons",Water,13293171.0,0.0,2,12,0.7512064559211086,0.5504907424559617,0.0,0.0,8.9,0.0
"Kanye West, Clipse, Kenny G",Use This Gospel,21097283.0,0.0,0,17,0.8611115745125625,0.4155952941751529,0.0,0.0,2.6,
"Kanye West, Fred Hammond",Hands On,11877937.0,0.0,1,11,0.7806721304404863,0.5079822210995986,0.0,0.0,6.0,0.0
"Kanye West, PARTYNEXTDOOR",Ghost Town,51638714.0,0.0,0,39,1.06510347229687,0.2445099740770361,0.0,0.0,3.2,
"Kanye West, PARTYNEXTDOOR",Wouldn't Leave,25347145.0,0.0,0,19,0.9059585682150532,0.3717877255810629,0.0,0.0,2.7,
"Kanye West, Sunday Service Choir",Every Hour,12181325.0,0.0,2,11,0.6582235841198907,0.5778212335237675,0.0,0.0,9.2,0.0
"Kanye West, Travis Scott",Wash Us In The Blood,22216718.0,0.0,0,15,1.0192564121780885,0.1700469861532457,0.0,0.0,3.1,
"Kanye West, Ty Dolla $ign, Ant Clemons",Everything We Need,21804840.0,0.0,0,17,0.8383476896394153,0.4405889410520858,0.0,0.0,2.5,
Katy Perry,Cozy Little Christmas,1858771.0,0.0,0,1,1.1906243594561357,0.4318415498312204,0.0,0.0,3.6,0.0
Katy Perry,Daisies,49330421.0,0.0,0,47,1.3003193104863533,0.1329485886538641,0.0,0.0,3.9,
Katy Perry,Firework,633193.0,0.0,0,2,1.2851214339832402,0.2350588942005136,0.0,0.0,3.9,0.0
Katy Perry,Harleys In Hawaii,29111958.0,0.0,0,26,1.0739000168340544,0.205166821083714,0.0,0.0,3.2,
Katy Perry,Never Really Over,309549872.0,0.0,0,193,1.3241808809155446,0.0980795682619679,0.0,0.0,4.0,
Katy Perry,Small Talk,30515453.0,0.0,0,26,0.9779879349414616,0.149161753553827,0.0,0.0,2.9,
"Katy Perry, Migos",Bon Appétit,39107218.0,0.0,0,30,1.1641370710345968,0.1034430770389864,0.0,0.0,3.5,
"Katy Perry, Migos",Bon appétit,40661932.0,0.0,0,62,1.1808506260074083,0.1075533787542825,0.0,0.0,3.5,
"Katy Perry, Nicki Minaj",Swish Swish,108500962.0,0.0,0,100,1.4534602236129672,0.1103437084363562,0.0,0.0,4.4,
"Katy Perry, Skip Marley",Chained To The Rhythm,277387585.0,689183.0,1,176,1.545227380372817,0.0891290102094052,0.0,0.2,4.9,
Kay Starr,The Man With The Bag,934567.0,0.0,0,2,0.8643765093424537,0.7912856669275707,0.0,0.0,2.6,0.0
"Keala Settle, The Greatest Showman Ensemble",This Is Me,170289192.0,0.0,0,165,3.4245442708959843,0.0943687844236526,0.0,0.0,10.3,
Kehlani,All Me (feat. Keyshia Cole),2400411.0,0.0,0,9,0.9205646540259148,0.1993838919713634,0.0,0.0,2.8,0.0
Kehlani,CRZY,1087158.0,0.0,0,6,0.9916669976973082,0.0612550620752228,0.0,0.0,3.0,0.0
Kehlani,Can I,1491547.0,0.0,1,5,0.4021656944029497,0.885441732064313,0.0,0.0,9.2,0.0
Kehlani,Change Your Life (feat. Jhené Aiko),435980.0,0.0,0,2,0.3809169270150643,1.005760050790324,0.0,0.0,1.1,0.0
Kehlani,Distraction,840185.0,0.0,0,5,0.9953746277431884,0.0785210777107923,0.0,0.0,3.0,0.0
Kehlani,Do U Dirty,290847.0,0.0,0,2,0.979009674889708,0.094979320229167,0.0,0.0,2.9,0.0
Kehlani,Everybody Business,295275.0,0.0,0,1,0.4953644080260413,0.848607967509103,0.0,0.0,1.5,0.0
Kehlani,F&MU,1989756.0,0.0,2,4,2.0604817235870168,0.9219836660300516,1.0,0.0,33.7,0.0
Kehlani,Feels,224111.0,0.0,0,1,0.7475366856497346,0.3162845229724702,0.0,0.0,2.2,0.0
Kehlani,Nights Like This (feat. Ty Dolla $ign),157543205.0,0.0,0,154,1.6907975097178771,0.1567638645348568,0.0,0.0,5.1,
Kehlani,Toxic,1159181.0,0.0,0,5,0.5193085722952077,1.0263280167346376,0.0,0.0,1.6,0.0
Keith Urban,Blue Ain't Your Color,7325928.0,0.0,0,41,1.1504603630529031,0.0923421747067095,0.0,0.0,3.5,
"Keith Urban, Carrie Underwood",The Fighter,2398639.0,0.0,0,15,1.067786592573636,0.0445438511135659,0.0,0.0,3.2,
Kelly Clarkson,Underneath the Tree,137220923.0,9929834.0,7,75,2.2326115969867004,0.3576100877259869,1.0,7.2,10.8,
Kelsea Ballerini,Better Luck Next Time,1570854.0,0.0,0,7,1.094726180790831,0.0465536561517727,0.0,0.0,3.3,0.0
Kelsea Ballerini,the other girl (with Halsey),1252962.0,0.0,0,5,0.9273225796644746,0.1700000156740726,0.0,0.0,2.8,0.0
Kendrick Lamar,All The Stars (with SZA),616623532.0,19316313.0,5,347,3.485180269355891,0.2075020908836833,1.0,3.1,11.1,
Kendrick Lamar,BLOOD.,31494003.0,0.0,0,39,0.9619234895537652,0.2358903223412361,0.0,0.0,2.9,
Kendrick Lamar,Big Shot (with Travis Scott),46127799.0,0.0,0,62,1.0816683214949463,0.1229934399728534,0.0,0.0,3.2,
Kendrick Lamar,Black Panther,22160778.0,0.0,0,24,0.946683707404662,0.2857226122615988,0.0,0.0,2.8,
Kendrick Lamar,DNA.,419383154.0,6870583.0,1,283,2.721387109864324,0.0994828191212809,1.0,1.6,8.4,
Kendrick Lamar,DUCKWORTH.,33686023.0,0.0,0,41,1.05640598070435,0.2211279773103622,0.0,0.0,3.2,
Kendrick Lamar,ELEMENT.,163032291.0,0.0,0,135,1.559859943244371,0.1497217984158338,0.0,0.0,4.7,
Kendrick Lamar,FEAR.,39447532.0,0.0,0,45,0.9813408166368202,0.1859430797026826,0.0,0.0,2.9,
Kendrick Lamar,FEEL.,54433380.0,0.0,0,53,1.007414516438619,0.1771169318362654,0.0,0.0,3.0,
Kendrick Lamar,GOD.,40284083.0,0.0,0,52,1.006231892626973,0.1633315875461291,0.0,0.0,3.0,
Kendrick Lamar,HUMBLE.,1203172737.0,59539673.0,8,814,2.7446544271222204,0.131782319429842,7.0,4.9,8.9,
Kendrick Lamar,LOVE. FEAT. ZACARI.,385945524.0,0.0,0,390,1.7478806571214929,0.0748198898026445,0.0,0.0,5.2,
Kendrick Lamar,LOYALTY. FEAT. RIHANNA.,229437608.0,236506.0,1,173,1.2401464460173015,0.0948231058515806,0.0,0.1,4.0,
Kendrick Lamar,LUST.,55221021.0,0.0,0,58,1.0037299613125323,0.1610695647404893,0.0,0.0,3.0,
Kendrick Lamar,PRIDE.,56713707.0,0.0,0,58,1.0017540832541558,0.1630194655767527,0.0,0.0,3.0,
Kendrick Lamar,The Heart Part 4,30112155.0,232318.0,1,29,0.9843247205529672,0.2488817212715454,0.0,0.8,4.3,
Kendrick Lamar,XXX. FEAT. U2.,76565865.0,0.0,0,93,1.1111691267834145,0.1190270381317205,0.0,0.0,3.3,
Kendrick Lamar,YAH.,63186543.0,0.0,0,62,1.0084787982596402,0.1577965638266965,0.0,0.0,3.0,
"Kendrick Lamar, Jay Rock",Money Trees,35978974.0,0.0,0,61,2.5642697359616085,0.1665888131559542,0.0,0.0,7.7,
"Kendrick Lamar, MC Eiht",m.A.A.d city,10008724.0,0.0,0,47,2.7007091171090996,0.1792770209929808,0.0,0.0,8.1,
Kenny Chesney,American Kids,240601.0,0.0,0,1,0.8252666841978894,0.2323120570074075,0.0,0.0,2.5,0.0
Kenny Chesney,Get Along,5313047.0,0.0,0,24,3.7015702040901246,0.2725355655259187,0.0,0.0,11.1,
Kenny Man,Ni Gucci Ni Prada,639477.0,0.0,0,1,3.480961531133816,1.7078605000893925,0.0,0.0,10.4,0.0
Kesha,Hymn,1215745.0,0.0,3,7,0.9595270231137456,1.206653833072938,0.0,0.0,20.0,0.0
Kesha,Learn To Let Go,3543593.0,1089147.0,4,17,1.476889006511847,0.7977603688168837,0.0,30.7,13.8,
Kesha,Let 'Em Talk (feat. Eagles of Death Metal),0.0,0.0,1,1,0.0,1.3007503761782937,0.0,0.0,40.0,0.0
Kesha,Praying,99746283.0,2619338.0,3,89,1.2831618592120768,0.1366412588439784,0.0,2.6,5.2,
Kesha,Rainbow,301151.0,0.0,0,3,0.9285835265534016,0.3124067546439932,0.0,0.0,2.8,0.0
Kesha,Woman (feat. The Dap-Kings Horns),938541.0,0.0,0,6,0.6168359197698658,0.7751596741238024,0.0,0.0,1.9,0.0
"Kesha, The Dap-Kings Horns",Woman,871859.0,0.0,1,5,0.5193334869550619,1.137783679950535,0.0,0.0,9.6,0.0
Kevin Gates,By My Lonely,659773.0,0.0,0,3,0.909777527649296,0.223032094625516,0.0,0.0,2.7,0.0
Kevin Gates,Change Lanes,1673013.0,0.0,0,6,1.0708354593287597,0.1652005665539115,0.0,0.0,3.2,0.0
Kevin Gates,Money Long,225750.0,0.0,0,1,1.002759903225711,0.115198935490496,0.0,0.0,3.0,0.0
Kevin Gates,Really Really,2909546.0,0.0,0,20,1.1042178736810655,0.0589839052349678,0.0,0.0,3.3,
Kevin Roldan,PPP,75402676.0,707910.0,1,108,3.25840153857838,0.1005929372867601,0.0,0.9,10.1,
Khalid,8TEEN,11459932.0,0.0,0,62,1.1589415656593791,0.0547389469099647,0.0,0.0,3.5,
Khalid,9.13,508855.0,0.0,1,2,0.4157262445577962,1.1249122578255375,0.0,0.0,21.2,0.0
Khalid,Alive,1502793.0,0.0,0,5,0.5912892378537317,0.8647301927881521,0.0,0.0,1.8,0.0
Khalid,American Teen,1350254.0,0.0,0,8,1.081247529033586,0.1064400117372052,0.0,0.0,3.2,0.0
Khalid,Bad Luck,9273814.0,0.0,0,15,0.9432096470616408,0.3951243577589402,0.0,0.0,2.8,
Khalid,Better,846392362.0,16308709.0,4,516,3.236604581215548,0.1292103257547527,3.0,1.9,10.2,
Khalid,Bluffin',2473763.0,0.0,0,6,1.018327465249052,0.6532555641398486,0.0,0.0,3.1,0.0
Khalid,Don't Pretend (feat. SAFE),17704206.0,0.0,0,21,0.9615773629550944,0.3123309424020569,0.0,0.0,2.9,
Khalid,Eleven,49618706.0,949704.0,1,33,1.2016601662943351,0.1731665351820831,0.0,1.9,4.8,
Khalid,Free Spirit,6677118.0,0.0,0,11,0.8624046706388424,0.501490506212392,0.0,0.0,2.6,0.0
Khalid,Heaven,1420740.0,0.0,0,5,0.5893799802227768,0.8662095910125786,0.0,0.0,1.8,0.0
Khalid,Hundred,6422023.0,0.0,0,11,0.9245117487482089,0.4546643563784835,0.0,0.0,2.8,0.0
Khalid,Intro,4707840.0,0.0,0,8,0.8218855030547078,0.5456856076509875,0.0,0.0,2.5,0.0
Khalid,Location,706312143.0,1328769.0,1,841,2.4074353406022055,0.1037153884619701,1.0,0.2,7.3,
Khalid,Love Lies (with Normani),680587623.0,0.0,0,443,1.913988649413267,0.1077394535273102,0.0,0.0,5.7,
Khalid,Motion,3618837.0,0.0,0,5,0.8846819961424246,0.3964631778233393,0.0,0.0,2.7,0.0
Khalid,My Bad,122265067.0,3138841.0,1,75,1.6999236400755295,0.2245209225916006,0.0,2.6,5.6,
Khalid,Outta My Head (with John Mayer),89933962.0,0.0,0,63,1.048962264218458,0.1376926969240082,0.0,0.0,3.1,
Khalid,Paradise,4429472.0,0.0,0,7,0.8746931906786366,0.4550848626907359,0.0,0.0,2.6,0.0
Khalid,Right Back,9002397.0,0.0,0,15,0.9391703265618964,0.3691386226091478,0.0,0.0,2.8,
Khalid,Right Back (feat. A Boogie Wit Da Hoodie),62327066.0,0.0,0,67,3.174779767017036,0.3016555947603911,0.0,0.0,9.5,
Khalid,Salem's Interlude,737686.0,0.0,1,3,0.4765762787305124,1.072664362404492,0.0,0.0,14.8,0.0
Khalid,Saturday Nights,414810619.0,0.0,0,389,2.75566295482026,0.1378526210814982,1.0,0.0,8.3,
Khalid,Saved,44862825.0,0.0,0,230,1.2195335269598364,0.0687743941251638,0.0,0.0,3.7,
Khalid,Self,15498821.0,0.0,0,17,1.5735148938186887,0.4052611291538616,0.0,0.0,4.7,
Khalid,Shot Down,1020544.0,0.0,0,6,1.029431022644421,0.0613812099739395,0.0,0.0,3.1,0.0
Khalid,Suncity (feat. Empress Of),65659949.0,0.0,0,43,1.0218754768959029,0.1290627443061959,0.0,0.0,3.1,
Khalid,Talk (feat. Disclosure),591758717.0,0.0,0,339,1.483311048490946,0.1005902282774872,0.0,0.0,4.4,
Khalid,The Ways (with Swae Lee),62396050.0,0.0,0,62,1.186257622554843,0.1599297914208595,0.0,0.0,3.6,
Khalid,Twenty One,4623898.0,0.0,0,8,0.9176036887484768,0.4671768821841069,0.0,0.0,2.8,0.0
Khalid,Up All Night,78459879.0,0.0,0,58,1.174226452567635,0.1145524996156881,0.0,0.0,3.5,
Khalid,Vertigo,9550343.0,0.0,0,12,0.8594552654281351,0.5017450342128892,0.0,0.0,2.6,0.0
Khalid,Young Dumb & Broke,538934894.0,0.0,0,745,2.6527827776225092,0.1392245469217413,2.0,0.0,8.0,
"Khalid, 6LACK, Ty Dolla $ign",OTW,310160002.0,846691.0,1,292,1.2116356611333714,0.0844426347695159,0.0,0.3,3.8,
"Khalid, Disclosure",Know Your Worth,184327079.0,0.0,0,143,1.0848214731479644,0.0663790744330396,0.0,0.0,3.3,
"Khalid, Disclosure",Talk,165236466.0,0.0,0,55,1.2885886418989263,0.1199117324896861,0.0,0.0,3.9,
Kid Cudi,Leader Of The Delinquents,640817.0,0.0,2,2,0.62241545566636,0.8803479181714258,0.0,0.0,41.9,0.0
Kid Cudi,Show Out (with Skepta & Pop Smoke),1776142.0,0.0,0,7,1.0157047290862555,0.0395893121801666,0.0,0.0,3.0,0.0
Kid Cudi,Tequila Shots,3869839.0,0.0,0,7,1.0109880276643843,0.355920260013101,0.0,0.0,3.0,0.0
Kid Cudi,The Adventures of Moon Man & Slim Shady (with Eminem),10749783.0,0.0,0,10,0.8019438848201847,0.4657834066955898,0.0,0.0,2.4,0.0
"Kid Cudi, Travis Scott",Baptized In Fire,1241284.0,0.0,0,8,1.0697163719357494,0.0803735738933274,0.0,0.0,3.2,0.0
Kid Rock,All Summer Long,244415.0,0.0,0,1,0.8603788861053583,0.1966842338943929,0.0,0.0,2.6,0.0
Kiiara,Gold,9884211.0,0.0,0,35,1.0528752509168593,0.1355144214277036,0.0,0.0,3.2,
Kiiara,Whippin (feat. Felix Snow),40016102.0,0.0,0,42,1.1626455505056186,0.0921772160281751,0.0,0.0,3.5,
Kina,Get You The Moon (feat. Snøw),310215379.0,1822571.0,2,406,3.326399744623627,0.0676627412994238,0.0,0.6,10.2,
"Kina, Adriana Proenza",Can We Kiss Forever?,102404973.0,0.0,0,146,3.576532950633987,0.128485490439902,1.0,0.0,10.9,
King Princess,1950,126096503.0,1212259.0,4,136,4.612087128090136,0.1826445311789903,0.0,1.0,15.0,
King Von,The Code (feat. Polo G),2968721.0,0.0,1,6,3.023687136361856,0.5613102270727488,1.0,0.0,20.7,0.0
King Von,Took Her To The O,5774706.0,0.0,0,19,1.052075884729613,0.2838737862942009,0.0,0.0,3.2,
KitschKrieg,"Standard (feat. Trettmann, Gringo, Ufo361 & Gzuz)",4322604.0,0.0,0,7,1.115066129996887,0.044435743168595,0.0,0.0,3.3,0.0
"KitschKrieg, Jamule, SFR",Unterwegs,10855841.0,0.0,0,16,1.143756816490726,0.0689959466342309,0.0,0.0,3.4,
Kodak Black,Built My Legacy (feat. Offset),776080.0,0.0,0,4,0.9773528198020728,0.0775628842749767,0.0,0.0,2.9,0.0
Kodak Black,Calling My Spirit,85201845.0,0.0,0,159,2.8568351075186147,0.1651398452603135,0.0,0.0,8.6,
Kodak Black,Codeine Dreaming (feat. Lil Wayne),84987929.0,3235585.0,2,148,3.5198292086516116,0.1193068258150203,0.0,3.8,11.1,
Kodak Black,Conscience (feat. Future),3480711.0,0.0,0,15,0.9916296859442368,0.1409050352962071,0.0,0.0,3.0,
Kodak Black,Coolin and Booted,174952.0,0.0,0,1,0.8609955511227181,0.1607048548932924,0.0,0.0,2.6,0.0
Kodak Black,Day for Day,333536.0,0.0,0,2,0.8705240944364766,0.2848983087292073,0.0,0.0,2.6,0.0
Kodak Black,Gnarly (feat. Lil Pump),1122245.0,0.0,0,4,0.9989058603491272,0.1863822692539939,0.0,0.0,3.0,0.0
Kodak Black,Identity Theft,1012388.0,0.0,0,4,0.9310752621978284,0.2291591772238971,0.0,0.0,2.8,0.0
Kodak Black,"If I'm Lyin, I'm Flyin",13776612.0,0.0,0,26,0.99880064883559,0.2180818443736027,0.0,0.0,3.0,
Kodak Black,MoshPit (feat. Juice WRLD),21285129.0,0.0,0,48,1.0772902153622002,0.156153792843526,0.0,0.0,3.2,
Kodak Black,No Flockin',39263853.0,0.0,0,194,1.1128505815019247,0.0490228355940293,0.0,0.0,3.3,
Kodak Black,Patty Cake,21636254.0,0.0,0,115,1.1279376018678833,0.0589656177557996,0.0,0.0,3.4,
Kodak Black,Pimpin Ain't Eazy,466281.0,0.0,0,2,0.9617881620361508,0.1431246772067441,0.0,0.0,2.9,0.0
Kodak Black,Roll in Peace (feat. XXXTENTACION),167479399.0,1281983.0,1,363,4.885990200026754,0.1138196574845498,0.0,0.8,14.8,
Kodak Black,Take One,9187500.0,0.0,0,15,1.0074614970892928,0.271606208815825,0.0,0.0,3.0,
Kodak Black,Testimony,2604785.0,0.0,0,9,1.3494865103089069,0.2298123612133824,0.0,0.0,4.0,0.0
Kodak Black,There He Go,13567613.0,0.0,0,78,1.4315585248416964,0.0630546553309215,0.0,0.0,4.3,
Kodak Black,Transportin',11765041.0,0.0,0,54,1.2854370619727584,0.0777008296093337,0.0,0.0,3.9,
Kodak Black,Tunnel Vision,300843515.0,0.0,0,238,1.4824730094466936,0.0966889878723943,0.0,0.0,4.4,
Kodak Black,ZEZE (feat. Travis Scott & Offset),718954784.0,35658152.0,7,400,2.5025185097318188,0.0778685863286765,1.0,5.0,8.3,
"Kodak Black, PnB Rock",Too Many Years,37568026.0,0.0,0,168,2.025332315284587,0.0690055164239792,1.0,0.0,6.3,
"Kofs, Soso Maness, Elams, Jul, SCH, Naps, Solda, Houari, 13 Organisé",Bande organisée,25054465.0,0.0,0,28,1.2168314793366786,0.1043847076410184,0.0,0.0,3.7,
Kontra K,Letzte Träne,648433.0,0.0,0,1,0.8590670861390407,0.1754604648159315,0.0,0.0,2.6,0.0
Kontra K,Tiefschwarz (feat. Samra),3778414.0,0.0,0,5,1.033736531247687,0.2560422248019332,0.0,0.0,3.1,0.0
"Kris Kross Amsterdam, The Boy Next Door",Whenever (feat. Conor Maynard),107012937.0,707051.0,1,102,2.7394050124894354,0.1625592359778243,0.0,0.7,8.6,
"Kristen Bell, Idina Menzel, Josh Gad, Jonathan Groff, Cast of Frozen 2",Some Things Never Change,728246.0,0.0,0,3,1.0788536283261436,0.0692478025097981,0.0,0.0,3.2,0.0
Kungs,This Girl (Kungs Vs. Cookin' On 3 Burners),67826088.0,0.0,0,134,1.116729209258107,0.0653964994197361,0.0,0.0,3.4,
Kygo,It Ain't Me (with Selena Gomez),641005825.0,6976814.0,2,227,1.281802309369209,0.075567650819129,0.0,1.1,4.2,
"Kygo, Chelsea Cutler",Not Ok,30714672.0,0.0,0,33,1.1037800805349005,0.1512350260056186,0.0,0.0,3.3,
"Kygo, Ellie Goulding",First Time,204254977.0,0.0,0,121,1.2406807924964385,0.0898438648482576,0.0,0.0,3.7,
"Kygo, Imagine Dragons",Born To Be Yours,233807480.0,0.0,0,169,1.2848068645304704,0.0778523956305922,0.0,0.0,3.9,
"Kygo, Justin Jesso",Stargazing,53102658.0,0.0,0,76,3.5565816329064264,0.1223127660434124,0.0,0.0,10.7,
"Kygo, Kim Petras",Broken Glass,4065440.0,0.0,0,5,0.746708047117144,0.3923983319392342,0.0,0.0,2.2,0.0
"Kygo, Miguel",Remind Me to Forget,242811615.0,0.0,0,198,1.2163100470900516,0.0762943897671443,0.0,0.0,3.6,
"Kygo, OneRepublic",Lose Somebody,160155318.0,0.0,0,110,1.423631091277492,0.0863519410259413,0.0,0.0,4.3,
"Kygo, Rita Ora","Carry On (from the Original Motion Picture ""POKÉMON Detective Pikachu"")",125003835.0,0.0,0,97,1.2665661863570676,0.0921536751741949,0.0,0.0,3.8,
"Kygo, Sandro Cavazza",Forever Yours - Avicii Tribute,23961782.0,0.0,0,26,1.3059505687219994,0.1942507800521163,0.0,0.0,3.9,
"Kygo, Sandro Cavazza",Happy Now,156101229.0,0.0,0,143,1.2157035496333597,0.0988587962659299,0.0,0.0,3.6,
"Kygo, Sasha Sloan",I'll Wait,16804230.0,0.0,0,20,1.3724150256315013,0.1534879277666873,0.0,0.0,4.1,
"Kygo, Tina Turner",What's Love Got to Do with It,24720604.0,0.0,0,32,1.1480769748520243,0.1486339756202104,0.0,0.0,3.4,
"Kygo, Valerie Broussard",The Truth,1401028.0,0.0,0,2,1.0679335400553345,0.4837486589267947,0.0,0.0,3.2,0.0
"Kygo, Valerie Broussard",Think About You,27180464.0,0.0,0,24,1.0329426005260922,0.1463217822452154,0.0,0.0,3.1,
"Kygo, Whitney Houston",Higher Love,428904148.0,0.0,0,386,1.7957545897173484,0.0892107919911063,0.0,0.0,5.4,
"Kygo, Zak Abel",Freedom,7789171.0,0.0,0,10,1.4700756113177482,0.3246782506027769,0.0,0.0,4.4,0.0
"Kygo, Zara Larsson, Tyga",Like It Is,87929769.0,0.0,0,85,1.6535825403205702,0.0950170691512115,0.0,0.0,5.0,
Kylie Minogue,Santa Baby,37189294.0,0.0,0,31,2.3625208985935937,0.3558599682091707,0.0,0.0,7.1,
LANCO,Greatest Love Story,2217280.0,0.0,0,9,1.9539015274778373,0.508714582964907,0.0,0.0,5.9,0.0
LANY,Super Far,39769956.0,0.0,0,54,2.2243117688332057,0.1770434284590894,0.0,0.0,6.7,
LANY,Thru These Tears,5965081.0,0.0,0,14,2.52395209936707,0.9059966716026984,0.0,0.0,7.6,
LUDMILLA,Din Din Din (Participação especial de MC Pupio e MC Doguinha),0.0,0.0,0,1,0.0,2.6457513110645907,0.0,0.0,0.0,0.0
"LX, Maxwell, Bonez MC, Gzuz, Sa4",HaifischNikez Allstars,1163012.0,0.0,0,2,0.9241425107717016,0.0893762358988291,0.0,0.0,2.8,0.0
La La Land Cast,"Another Day Of Sun - From ""La La Land"" Soundtrack",9307912.0,0.0,0,21,1.8533707103661672,0.2778007155385456,0.0,0.0,5.6,
Labrinth,Still Don't Know My Name,64680996.0,903790.0,1,50,2.320191511619698,0.1687892942668301,0.0,1.4,7.8,
"Labrinth, Zendaya",All For Us - from the HBO Original Series Euphoria,16273348.0,1568823.0,1,22,2.0268009751446634,0.4042031628510362,0.0,9.6,7.9,
Lady Gaga,1000 Doves,1672699.0,0.0,0,2,0.619383222526722,0.4928343540187055,0.0,0.0,1.9,0.0
Lady Gaga,911,8066187.0,0.0,0,7,0.6646319560948577,0.4338963360585289,0.0,0.0,2.0,0.0
Lady Gaga,Alice,6826820.0,0.0,0,6,0.6299265490382302,0.5150377597606292,0.0,0.0,1.9,0.0
Lady Gaga,Always Remember Us This Way,275524642.0,0.0,0,274,1.7308830217889768,0.0830944157360084,0.0,0.0,5.2,
Lady Gaga,Babylon,2786403.0,0.0,0,3,0.637418248904264,0.4742986394759321,0.0,0.0,1.9,0.0
Lady Gaga,Chromatica I,1682580.0,0.0,0,2,0.5330249368880369,0.6322893078021501,0.0,0.0,1.6,0.0
Lady Gaga,Chromatica II,2755549.0,0.0,0,3,0.5986115068777038,0.533124073013081,0.0,0.0,1.8,0.0
Lady Gaga,Enigma,3733210.0,0.0,0,4,0.6296929406076196,0.5179499117995205,0.0,0.0,1.9,0.0
Lady Gaga,Free Woman,5647500.0,0.0,0,5,0.6168038202084684,0.5358257712975929,0.0,0.0,1.9,0.0
Lady Gaga,Fun Tonight,3733359.0,0.0,0,4,0.6042772980163532,0.5590766520660234,0.0,0.0,1.8,0.0
Lady Gaga,Look What I Found,6162348.0,0.0,0,8,2.004262187241906,0.4921051975292102,0.0,0.0,6.0,0.0
Lady Gaga,Million Reasons,61436071.0,1434039.0,1,102,2.47918643997472,0.1220080709639981,0.0,2.3,7.8,
Lady Gaga,Plastic Doll,2978506.0,0.0,0,3,0.6122428073486207,0.5085515035960478,0.0,0.0,1.8,0.0
Lady Gaga,Rain On Me (with Ariana Grande),400654005.0,21278434.0,3,138,1.3779192261417106,0.0863611583114949,0.0,5.3,5.0,
Lady Gaga,Replay,3669297.0,0.0,0,4,0.6450950600583203,0.4942001815874806,0.0,0.0,1.9,0.0
Lady Gaga,Sine From Above (with Elton John),3689899.0,0.0,0,4,0.632336981651766,0.5137895840055816,0.0,0.0,1.9,0.0
Lady Gaga,Sour Candy (with BLACKPINK),94904627.0,5463264.0,1,55,1.1770929432077657,0.1237486497324942,0.0,5.8,4.3,
Lady Gaga,Stupid Love,142262076.0,6369289.0,2,97,3.0965734150400546,0.1525512922760847,0.0,4.5,10.1,
Lady Gaga,The Cure,159976050.0,0.0,0,129,1.278298795797631,0.0830337980125256,0.0,0.0,3.8,
"Lady Gaga, Bradley Cooper",I'll Never Love Again - Film Version - Radio Edit,17533364.0,808165.0,1,28,2.1192489740261444,0.2466074379309341,0.0,4.6,7.8,
"Lady Gaga, Bradley Cooper",Shallow,1417282191.0,0.0,0,756,1.7288473743789667,0.0688387368935799,0.0,0.0,5.2,
Lana Del Rey,13 Beaches,3468499.0,0.0,0,5,0.8288209776962766,0.2922585109593005,0.0,0.0,2.5,0.0
Lana Del Rey,Beautiful People Beautiful Problems (feat. Stevie Nicks),331073.0,0.0,0,2,0.3003234396698032,0.8161919594743975,0.0,0.0,0.9,0.0
Lana Del Rey,California,691082.0,0.0,0,3,0.3772821735684169,0.7704826598146918,0.0,0.0,1.1,0.0
Lana Del Rey,Cherry,2727878.0,0.0,0,4,0.8337695323721765,0.2673323684793526,0.0,0.0,2.5,0.0
Lana Del Rey,Cinnamon Girl,5375778.0,0.0,0,6,0.9073653363057927,0.2423447745126644,0.0,0.0,2.7,0.0
Lana Del Rey,Doin' Time,23457413.0,3012582.0,2,22,3.2728520016070988,0.3636645461959433,0.0,12.8,13.5,
Lana Del Rey,Fuck it I love you,12070595.0,0.0,0,10,1.668364025297619,0.3515719755586696,0.0,0.0,5.0,0.0
Lana Del Rey,Groupie Love (feat. A$AP Rocky),3313645.0,0.0,0,6,0.9886536491771604,0.3010826989444657,0.0,0.0,3.0,0.0
Lana Del Rey,Happiness is a butterfly,452551.0,0.0,0,2,0.48610181781493,0.9383768640296972,0.0,0.0,1.5,0.0
Lana Del Rey,How to disappear,905766.0,0.0,0,4,0.4265470964598734,0.8177990370376608,0.0,0.0,1.3,0.0
Lana Del Rey,In My Feelings,951482.0,0.0,0,3,0.7593554540269627,0.4752718793985933,0.0,0.0,2.3,0.0
Lana Del Rey,Love,35554700.0,0.0,0,44,2.0106043876574664,0.212828848975781,0.0,0.0,6.0,
Lana Del Rey,Love song,3243132.0,0.0,0,5,0.87878489111107,0.3560338205372925,0.0,0.0,2.6,0.0
Lana Del Rey,Lust For Life (with The Weeknd),7063304.0,0.0,0,10,0.9100218098574552,0.194476006171924,0.0,0.0,2.7,0.0
Lana Del Rey,Lust for Life (with The Weeknd),25165598.0,0.0,0,31,1.121441321457393,0.1664869031451031,0.0,0.0,3.4,
Lana Del Rey,Mariners Apartment Complex,9059070.0,0.0,0,12,1.7445822044117838,0.4685904081473742,0.0,0.0,5.2,0.0
Lana Del Rey,Norman fucking Rockwell,8894683.0,0.0,1,8,0.8343824235913473,0.3491605893250056,0.0,0.0,7.5,0.0
Lana Del Rey,Summer Bummer (feat. A$AP Rocky & Playboi Carti),13889731.0,0.0,0,19,1.8533130697009077,0.3276374711839713,0.0,0.0,5.6,
Lana Del Rey,The greatest,2595530.0,0.0,0,5,0.919268125011017,0.4011778940237455,0.0,0.0,2.8,0.0
Lana Del Rey,Venice Bitch,4312150.0,0.0,1,7,0.9664039372909512,0.3507912457806202,0.0,0.0,8.6,0.0
Lana Del Rey,White Mustang,1234951.0,0.0,0,2,0.8193525852647234,0.2833969256061087,0.0,0.0,2.5,0.0
Lauren Daigle,You Say,12341733.0,2743273.0,6,53,3.783901061099514,0.6079958432882546,1.0,22.2,16.4,
Lauv,Chasing Fire,30157673.0,0.0,1,34,2.068895260351718,0.2588787385523491,0.0,0.0,7.4,
Lauv,Drugs & The Internet,14914868.0,0.0,0,17,1.02268401701344,0.1871584572947569,0.0,0.0,3.1,
Lauv,Enemies,38935758.0,0.0,0,43,1.547271122066256,0.186422444328044,0.0,0.0,4.6,
Lauv,Feelings,67202802.0,0.0,0,60,1.160072136666943,0.1099376074236153,0.0,0.0,3.5,
Lauv,Getting Over You,27955211.0,941907.0,2,34,3.5313045833683603,0.272139543521775,0.0,3.4,12.9,
Lauv,I Like Me Better,981155072.0,0.0,0,935,1.5130746250899143,0.0854031330303995,0.0,0.0,4.5,
Lauv,Invisible Things,497091.0,0.0,0,2,0.3138768108509245,0.7230118824028615,0.0,0.0,0.9,0.0
Lauv,Modern Loneliness,23385744.0,0.0,0,22,1.172715524448925,0.1118687996397714,0.0,0.0,3.5,
Lauv,The Other,78044365.0,977048.0,1,101,2.5708123875131883,0.1016678144194798,0.0,1.3,8.1,
Lauv,There's No Way (feat. Julia Michaels),66806549.0,878074.0,1,63,1.4151852725170952,0.1572716902135831,0.0,1.3,4.9,
Lauv,Who (feat. BTS),6860346.0,0.0,0,9,0.8694939262662978,0.1740446073300121,0.0,0.0,2.6,0.0
Lauv,"fuck, i'm lonely (with Anne-Marie) - from “13 Reasons Why: Season 3”",29600953.0,0.0,0,38,1.0721199325554596,0.0799761497894763,0.0,0.0,3.2,
"Lauv, Anne-Marie","fuck, i'm lonely",175762499.0,0.0,0,106,1.142754880043647,0.0846928316419638,0.0,0.0,3.4,
"Lauv, LANY",Mean It,109355149.0,0.0,0,84,1.2244142553721098,0.1463234203695819,0.0,0.0,3.7,
"Lauv, Troye Sivan",i'm so tired...,467425263.0,0.0,0,303,1.623754917238224,0.0796769514764876,0.0,0.0,4.9,
Lee Brice,One Of Them Girls,14089543.0,0.0,0,57,1.180073702633361,0.0728246724615259,0.0,0.0,3.5,
Lee Brice,Rumor,19587421.0,0.0,0,81,1.161088788799613,0.0566231947582703,0.0,0.0,3.5,
Lee Greenwood,God Bless The U.S.A.,833953.0,0.0,1,3,3.127048710836177,1.323908709586742,0.0,0.0,22.7,0.0
Lele Pons,Celoso,67157498.0,0.0,0,97,1.1639168324885765,0.0698861250520169,0.0,0.0,3.5,
Lele Pons,Se Te Nota (with Guaynaa),61386721.0,0.0,0,41,1.707644450784975,0.1257508201690105,0.0,0.0,5.1,
Lennon Stella,La Di Da,457732.0,0.0,0,3,3.705778890491055,1.4038194044713554,1.0,0.0,21.1,0.0
Leona Lewis,One More Sleep,26119219.0,0.0,0,23,2.1093941589057357,0.3382336280205268,0.0,0.0,6.3,
"Leslie Grace, Noriel",Duro y Suave,68282276.0,0.0,0,110,1.1271898255778263,0.0665386462302003,0.0,0.0,3.4,
"Leslie Odom Jr., Anthony Ramos, Daveed Diggs, Okieriete Onaodowan, Lin-Manuel Miranda, Phillipa Soo, Original Broadway Cast of Hamilton",Alexander Hamilton,4083237.0,0.0,0,16,1.1228523318823955,0.0704258116316908,0.0,0.0,3.4,
"Leslie Odom Jr., Original Broadway Cast of Hamilton",Wait for It,2171337.0,0.0,0,9,1.050946012260381,0.0662494463590639,0.0,0.0,3.2,0.0
Lewis Capaldi,Before You Go,704812283.0,2928649.0,1,338,1.465539187730097,0.0636188504774673,0.0,0.4,4.5,
Lewis Capaldi,Bruises,322205138.0,0.0,0,373,1.327936359824641,0.0825010574001779,0.0,0.0,4.0,
Lewis Capaldi,Hold Me While You Wait,22108970.0,0.0,0,30,1.4063309313528782,0.1209553650504668,0.0,0.0,4.2,
Lewis Capaldi,Someone You Loved,1763184990.0,0.0,0,654,3.633074291016644,0.0680354971867561,0.0,0.0,10.9,
Lewis Capaldi,when the party's over - Recorded at Spotify Studios NYC,5396667.0,0.0,0,6,1.076699363759,0.277858632679873,0.0,0.0,3.2,0.0
Liam Payne,All I Want (For Christmas),1863403.0,0.0,0,1,1.2004121618893908,0.4158876430591258,0.0,0.0,3.6,0.0
Liam Payne,For You (Fifty Shades Freed) (& Rita Ora),137000089.0,2383269.0,2,105,3.467996580880654,0.1254850232308385,0.0,1.7,11.2,
Liam Payne,Naughty List (with Dixie),491397.0,0.0,0,2,0.3434542112648374,0.6768483437209267,0.0,0.0,1.0,0.0
"Liam Payne, J Balvin",Familiar,123546380.0,0.0,0,123,1.1072153991760798,0.0836454305850351,0.0,0.0,3.3,
"Liam Payne, Quavo",Strip That Down,387705121.0,0.0,0,171,1.2694271300777795,0.0885046804560851,0.0,0.0,3.8,
Likybo,Kraazy,2405264.0,0.0,0,4,1.42045621895545,0.5677601039067283,0.0,0.0,4.3,0.0
Lil Adrei,Burberry faygo,2440498.0,0.0,0,7,1.0637006716171888,0.054601962062632,0.0,0.0,3.2,0.0
Lil Baby,All In,1620182.0,0.0,0,6,0.5675543287179003,0.7436769637488183,0.0,0.0,1.7,0.0
Lil Baby,Belly (Lil Baby & Gunna),1290652.0,0.0,0,5,0.4465645190494201,1.124396754476468,0.0,0.0,1.3,0.0
Lil Baby,Business Is Business (Lil Baby & Gunna),2135641.0,0.0,0,7,0.665616552594748,0.7777588510839147,0.0,0.0,2.0,0.0
Lil Baby,Close Friends (Lil Baby & Gunna),55096393.0,0.0,0,198,1.7689629434262817,0.0924888252086728,0.0,0.0,5.3,
Lil Baby,Commercial (feat. Lil Uzi Vert),26137809.0,0.0,0,89,1.2546053246589617,0.1201442836772825,0.0,0.0,3.8,
Lil Baby,Crush A Lot,1157998.0,0.0,0,4,0.4971104728709364,0.9764925786310013,0.0,0.0,1.5,0.0
Lil Baby,Deep End (Lil Baby & Gunna),970774.0,0.0,0,4,0.4488114696244554,1.0988338489920466,0.0,0.0,1.3,0.0
Lil Baby,Drip Too Hard (Lil Baby & Gunna),835380630.0,0.0,0,736,2.205373505514912,0.0831382831019397,0.0,0.0,6.6,
Lil Baby,Emotionally Scarred,49787351.0,0.0,0,118,2.4733342636603814,0.1549769747995688,0.0,0.0,7.4,
Lil Baby,Errbody,5695731.0,0.0,1,12,1.1774571503547209,0.4624086653390815,0.0,0.0,6.9,0.0
Lil Baby,Forever (feat. Lil Wayne),784585.0,0.0,0,3,0.4397266686949423,0.9830291575177904,0.0,0.0,1.3,0.0
Lil Baby,Freestyle,7883836.0,0.0,0,35,1.1732816970292863,0.0860539979582609,0.0,0.0,3.5,
Lil Baby,Get Ugly,1046898.0,0.0,0,4,0.4071168670050608,1.1486450507913712,0.0,0.0,1.2,0.0
Lil Baby,Global,763855.0,0.0,0,3,0.4428751261797288,1.0745406532303072,0.0,0.0,1.3,0.0
Lil Baby,Grace (feat. 42 Dugg),1577656.0,0.0,0,5,0.5477876635753224,0.9155284848631484,0.0,0.0,1.6,0.0
Lil Baby,Heatin Up (feat. Gunna),44489312.0,0.0,0,97,1.2796068648178622,0.1038402852744723,0.0,0.0,3.8,
Lil Baby,How,792560.0,0.0,0,3,0.4121522552992765,1.039059171837078,0.0,0.0,1.2,0.0
Lil Baby,I Am (Lil Baby & Gunna),1335088.0,0.0,0,5,0.5259730039537672,1.0022752393210002,0.0,0.0,1.6,0.0
Lil Baby,Live Off My Closet (feat. Future),9424496.0,0.0,0,12,0.9020402940639408,0.4478990518590269,0.0,0.0,2.7,0.0
Lil Baby,"Never Recover (Lil Baby & Gunna, Drake)",175566534.0,0.0,0,177,1.8460278657589824,0.1612764123816762,0.0,0.0,5.5,
Lil Baby,No Sucker (feat. Moneybagg Yo),1127941.0,0.0,0,4,0.5318664203912735,0.8782515326684138,0.0,0.0,1.6,0.0
Lil Baby,Off White VLONE (Lil Baby & Gunna feat. Lil Durk & NAV),5374395.0,0.0,0,12,0.9619251114633136,0.4886471973448265,0.0,0.0,2.9,0.0
Lil Baby,On Me,4447827.0,0.0,0,12,1.2233341931462816,0.1016215985082061,0.0,0.0,3.7,0.0
Lil Baby,Pure Cocaine,79207428.0,0.0,0,185,2.1437560865312975,0.2022862422394336,0.0,0.0,6.4,
Lil Baby,Ready (feat. Gunna),1630625.0,0.0,0,5,0.5129209303838935,0.970633166479186,0.0,0.0,1.5,0.0
Lil Baby,Realist In It (feat. Gucci Mane & Offset),771315.0,0.0,0,3,0.5195397823144389,0.9230959849016754,0.0,0.0,1.6,0.0
Lil Baby,Same Thing,510659.0,0.0,0,2,0.4423252258798689,0.964795094702754,0.0,0.0,1.3,0.0
Lil Baby,Social Distancing,431595.0,0.0,0,2,0.7074582233647725,0.346429073767267,0.0,0.0,2.1,0.0
Lil Baby,Sum 2 Prove,107589318.0,0.0,0,207,3.062107826785911,0.1039945700434938,0.0,0.0,9.2,
Lil Baby,The Bigger Picture,81310524.0,0.0,0,89,1.0675256601430303,0.091936003561599,0.0,0.0,3.2,
Lil Baby,This Week,254439.0,0.0,0,1,0.4190811933198858,0.9048354499774812,0.0,0.0,1.3,0.0
Lil Baby,Time (feat. Meek Mill),3741980.0,0.0,0,6,0.8737808603679784,0.4850038044285903,0.0,0.0,2.6,0.0
Lil Baby,Underdog (Lil Baby & Gunna),683732.0,0.0,0,3,0.4453562108106573,1.0824272439926297,0.0,0.0,1.3,0.0
Lil Baby,We Paid (feat. 42 Dugg),118817712.0,0.0,0,129,2.120110501791165,0.1645347322257271,0.0,0.0,6.4,
Lil Baby,We Should (feat. Young Thug),482108.0,0.0,0,2,0.4526688359090208,0.9577820341770134,0.0,0.0,1.4,0.0
Lil Baby,Woah,255281503.0,0.0,0,260,2.224602219417602,0.0980427460612247,0.0,0.0,6.7,
Lil Baby,Word On The Street,827863.0,0.0,0,3,0.526531747112643,0.930139347714372,0.0,0.0,1.6,0.0
"Lil Baby, Drake",Yes Indeed,604482217.0,0.0,0,656,1.7678162937827515,0.0733536402464406,0.0,0.0,5.3,
"Lil Baby, Future",Out The Mud,15138062.0,0.0,0,40,1.0202249706932205,0.1192004506689665,0.0,0.0,3.1,
"Lil Baby, Gunna",Drip Too Hard,41813528.0,1825110.0,1,21,1.5871243995741255,0.200407752226006,0.0,4.4,6.7,
"Lil Baby, Gunna, Lil Uzi Vert",Life Goes On,44984919.0,0.0,0,172,1.2073684204283073,0.0742490202827685,0.0,0.0,3.6,
"Lil Baby, Lil Durk",Hats Off (feat. Travis Scott),4324687.0,0.0,0,14,1.1137114872528833,0.0699140045785294,0.0,0.0,3.3,
Lil Dicky,Earth,71202603.0,0.0,0,48,1.2067664842684258,0.0885800808689001,0.0,0.0,3.6,
Lil Dicky,Freaky Friday (feat. Chris Brown),389368295.0,0.0,0,191,1.6798580139025303,0.1088201335134191,0.0,0.0,5.0,
Lil Durk,3 Headed Goat (feat. Lil Baby & Polo G),23987426.0,0.0,0,86,1.279038602767018,0.1090891302998626,0.0,0.0,3.8,
Lil Durk,Still Trappin' (with King Von),2286009.0,0.0,0,7,1.0925593173705266,0.0485109733827607,0.0,0.0,3.3,0.0
Lil Durk,The Voice,226779.0,0.0,0,1,0.7825200306411876,0.2294310258192259,0.0,0.0,2.3,0.0
Lil Eazzyy,Onna Come Up,2704171.0,0.0,0,12,1.1062530337876064,0.0834332167598018,0.0,0.0,3.3,0.0
Lil Mosey,Back At It (feat. Lil Baby),3017005.0,0.0,0,11,1.1713435400239316,0.1452624549643011,0.0,0.0,3.5,0.0
Lil Mosey,Blueberry Faygo,785881650.0,0.0,0,259,1.4127455765104289,0.0710346805976732,0.0,0.0,4.2,
Lil Mosey,G Walk (with Chris Brown),963963.0,0.0,0,4,0.9584457764437994,0.132360509019018,0.0,0.0,2.9,0.0
Lil Mosey,Kamikaze,42759075.0,0.0,0,160,2.626818618002417,0.1042674499635149,0.0,0.0,7.9,
Lil Mosey,Noticed,340113904.0,0.0,0,530,3.6056986319482034,0.1014247882021496,0.0,0.0,10.8,
Lil Mosey,Stuck In A Dream (feat. Gunna),194111382.0,0.0,0,239,2.3746493713128696,0.0950179310533222,0.0,0.0,7.1,
Lil Nas X,Bring U Down,209988.0,0.0,0,1,0.3638358810038516,0.960531081756962,0.0,0.0,1.1,0.0
Lil Nas X,C7osure (You Like),14334815.0,4106835.0,5,16,2.23970265755054,0.5329587247128906,0.0,28.6,19.2,
Lil Nas X,HOLIDAY,42808519.0,0.0,0,17,1.057543542042784,0.0625223560034866,0.0,0.0,3.2,
Lil Nas X,Kick It,683277.0,0.0,1,3,0.44747473177337,0.9742432914428156,0.0,0.0,14.7,0.0
Lil Nas X,MONTERO (Call Me By Your Name),77146158.0,0.0,0,14,1.0490417196028308,0.0543548313204978,0.0,0.0,3.1,
Lil Nas X,Old Town Road,598501563.0,8254351.0,4,261,3.730114218729165,0.1174932303642045,0.0,1.4,11.8,
Lil Nas X,Old Town Road (feat. Billy Ray Cyrus) - Remix,651088544.0,24767431.0,3,110,1.2479972108113937,0.065188805486391,0.0,3.8,4.8,
Lil Nas X,Old Town Road (feat. RM of BTS) - Seoul Town Road Remix,13124964.0,0.0,0,6,1.2226059415995876,0.3541452666975572,0.0,0.0,3.7,0.0
Lil Nas X,Panini,536605008.0,2087199.0,2,247,2.153463704205643,0.1378297731361383,0.0,0.4,6.8,
Lil Nas X,Panini - DaBaby Remix,74501010.0,0.0,0,122,1.1115231625037063,0.0782190609757344,0.0,0.0,3.3,
Lil Nas X,Rodeo - feat. Nas,2582932.0,0.0,0,6,2.6767408608107575,0.66847901326729,1.0,0.0,13.0,0.0
"Lil Nas X, Billy Ray Cyrus",Old Town Road - Remix,548764548.0,0.0,0,360,1.5044638753401878,0.0747831578442632,0.0,0.0,4.5,
"Lil Nas X, Billy Ray Cyrus, Mason Ramsey, Young Thug",Old Town Road - Remix,18860357.0,0.0,0,14,0.9454521157426912,0.1557984095020294,0.0,0.0,2.8,
"Lil Nas X, Cardi B",Rodeo,123256688.0,0.0,0,102,1.1061056088719297,0.1002292320899393,0.0,0.0,3.3,
"Lil Nas X, Travis Barker",F9mily (You & Me),948071.0,0.0,0,4,0.4628911926637767,1.0578071915527727,0.0,0.0,1.4,0.0
Lil Peep,16 Lines,415355.0,0.0,0,2,0.4548711610369698,1.0443198990785325,0.0,0.0,1.4,0.0
Lil Peep,Broken Smile (My All),2148489.0,0.0,0,4,0.7963599154934895,0.4890455071412287,0.0,0.0,2.4,0.0
Lil Peep,Cry Alone,4147433.0,0.0,3,10,2.400015764676021,1.067499554479717,0.0,0.0,19.2,0.0
Lil Peep,I've Been Waiting (w/ ILoveMakonnen & Fall Out Boy),14130568.0,1294540.0,4,41,3.4973120956800985,0.5649039389581317,0.0,9.2,14.4,
Lil Peep,Life is Beautiful,5629974.0,0.0,1,7,1.1270987779829196,0.5299138651708649,0.0,0.0,9.1,0.0
Lil Peep,Runaway,4258454.0,0.0,0,6,0.8745651180212553,0.3684442301612861,0.0,0.0,2.6,0.0
Lil Peep,Sex with My Ex,4068225.0,0.0,0,5,0.7584129907881378,0.4442369148998269,0.0,0.0,2.3,0.0
Lil Peep,Star Shopping,43253088.0,0.0,0,55,1.52914895110725,0.4068518260627948,0.0,0.0,4.6,
"Lil Peep, XXXTENTACION",Falling Down - Bonus Track,380869810.0,5904928.0,1,230,1.3186036462807091,0.0930547886495395,0.0,1.6,4.1,
Lil Pump,Be Like Me (feat. Lil Wayne),7853186.0,0.0,0,12,0.8991951471390662,0.4373507307079042,0.0,0.0,2.7,0.0
Lil Pump,Boss,1695807.0,0.0,0,10,1.1119114981506375,0.0508533945636365,0.0,0.0,3.3,0.0
Lil Pump,Butterfly Doors,43331266.0,0.0,0,43,3.115029506891337,0.2952516724546521,1.0,0.0,10.0,
Lil Pump,D Rose,967039.0,0.0,0,6,1.1204617379749064,0.0445994156214348,0.0,0.0,3.4,0.0
Lil Pump,Designer,3922161.0,0.0,0,18,3.5384357414880916,0.3273691818972482,0.0,0.0,10.6,
Lil Pump,Drug Addicts,19538766.0,0.0,0,21,1.1706496356249445,0.1188596649848491,0.0,0.0,3.5,
Lil Pump,Esskeetit,126733268.0,0.0,0,118,1.215967860082481,0.0984895824209897,0.0,0.0,3.6,
Lil Pump,Flex Like Ouu,13259748.0,0.0,0,73,1.091083218054714,0.0533223027634739,0.0,0.0,3.3,
Lil Pump,Gucci Gang,88629018.0,1788178.0,1,90,3.595551106406631,0.172594819926976,0.0,2.0,11.2,
Lil Pump,Multi Millionaire (feat. Lil Uzi Vert),5772452.0,0.0,1,9,0.8912856588914845,0.3649977154854614,0.0,0.0,7.1,0.0
Lil Pump,Racks on Racks,7998693.0,0.0,0,8,1.0635220748277858,0.2961893175180568,0.0,0.0,3.2,0.0
"Lil Pump, Anuel AA",Illuminati,257151.0,0.0,0,1,0.998689908280634,0.0589999903645643,0.0,0.0,3.0,0.0
Lil Skies,Bad Girls (feat. Gucci Mane),7817986.0,0.0,0,18,0.9683539850225912,0.2812749574651255,0.0,0.0,2.9,
Lil Skies,Blue Strips,700231.0,0.0,0,3,0.869235913872024,0.2851588295803148,0.0,0.0,2.6,0.0
Lil Skies,Breathe,990980.0,0.0,0,4,0.8807932754406533,0.2696777300781799,0.0,0.0,2.6,0.0
Lil Skies,Creeping (feat. Rich the Kid),41405965.0,0.0,0,162,2.637031983459909,0.1007880621351759,1.0,0.0,8.1,
Lil Skies,Flooded,746647.0,0.0,0,3,0.8779779536178731,0.2818534689794286,0.0,0.0,2.6,0.0
Lil Skies,Havin My Way (feat. Lil Durk),11957928.0,0.0,0,54,1.086571023951727,0.0635937431395401,0.0,0.0,3.3,
Lil Skies,I,145356647.0,0.0,0,280,1.3272676738638132,0.0742886075659898,0.0,0.0,4.0,
Lil Skies,I Know You (feat. Yung Pinch),14648786.0,0.0,0,57,2.5250367780278298,0.1475117228613333,1.0,0.0,8.1,
Lil Skies,Lust,120758557.0,218096.0,1,406,3.0316936649738664,0.1078567739664949,2.0,0.2,9.3,
Lil Skies,Name in the Sand,1188884.0,0.0,0,5,0.9151595761003654,0.1999236244549683,0.0,0.0,2.7,0.0
Lil Skies,No Rest,13158547.0,0.0,0,51,1.2770760804832144,0.0988113440074434,0.0,0.0,3.8,
Lil Skies,Nowadays (feat. Landon Cube),199298140.0,1332281.0,1,407,3.486550041666028,0.099353941939098,0.0,0.7,10.6,
Lil Skies,Nowadays Pt. 2 (feat. Landon Cube),1364378.0,0.0,0,5,0.5848037394564982,0.8646002662800081,0.0,0.0,1.8,0.0
Lil Skies,Ok 4 Now,221645.0,0.0,0,1,0.8069903115287105,0.249397315747576,0.0,0.0,2.4,0.0
Lil Skies,Real Ties,237754.0,0.0,0,1,0.9194565726020086,0.1775528830223031,0.0,0.0,2.8,0.0
Lil Skies,Red Roses (feat. Landon Cube),159495261.0,0.0,0,334,3.5295549523932617,0.1232699680305863,0.0,0.0,10.6,
Lil Skies,Stop the Madness (feat. Gunna),1267112.0,0.0,0,5,0.8744963510859366,0.2699741437309813,0.0,0.0,2.6,0.0
Lil Tecca,Amigo,1917429.0,0.0,0,8,0.9454571169632108,0.0749401886804163,0.0,0.0,2.8,0.0
Lil Tecca,Bossanova,962527.0,0.0,0,4,0.8934358617774778,0.1247622629637748,0.0,0.0,2.7,0.0
Lil Tecca,Did It Again,140600228.0,0.0,0,162,2.4869083976639397,0.1109545168103193,0.0,0.0,7.5,
Lil Tecca,"Left, Right",910091.0,0.0,0,4,0.923670805421137,0.0896803825594332,0.0,0.0,2.8,0.0
Lil Tecca,Love Me,125220877.0,1996218.0,2,135,3.995595257494729,0.149374800102341,0.0,1.6,12.6,
Lil Tecca,NEVER LEFT,4390092.0,0.0,0,14,1.0543135759513425,0.069707179168033,0.0,0.0,3.2,
Lil Tecca,Out Of Love (feat. Internet Money),9756924.0,0.0,0,43,1.1466501451428794,0.1575666897343989,0.0,0.0,3.4,
Lil Tecca,Out Of Luck,2752774.0,0.0,0,11,1.0074602877881529,0.0733144810015814,0.0,0.0,3.0,0.0
Lil Tecca,Ransom,929596045.0,0.0,0,444,2.2511528963219214,0.0704303798814875,0.0,0.0,6.8,
Lil Tecca,Ransom (with Juice WRLD) - Remix,132142774.0,0.0,0,186,4.048556465698476,0.1272697023122908,0.0,0.0,12.1,
Lil Tecca,Shots,28730574.0,0.0,0,66,1.0815400597081972,0.1094510702012905,0.0,0.0,3.2,
Lil Tjay,20/20,3186456.0,0.0,0,12,1.016116101700681,0.0982168303972636,0.0,0.0,3.0,0.0
Lil Tjay,Brothers,3968271.0,0.0,0,19,3.5657636464436084,0.2909407663792436,0.0,0.0,10.7,
Lil Tjay,Brothers (feat. Lil Durk) - Remix,7121099.0,0.0,0,29,1.0328508337550402,0.0754050613507668,0.0,0.0,3.1,
Lil Tjay,F.N,191551078.0,2085509.0,2,369,2.385371451379534,0.0677301174907927,0.0,1.1,7.4,
Lil Tjay,Go In,911185.0,0.0,0,3,0.9499619437491044,0.1332343317780217,0.0,0.0,2.8,0.0
Lil Tjay,Headshot (feat. Polo G & Fivio Foreign),3546694.0,0.0,0,14,1.064645290217095,0.0842025763201742,0.0,0.0,3.2,
Lil Tjay,Hold On,5855993.0,0.0,0,26,1.0642119584503371,0.0982177341833438,0.0,0.0,3.2,
Lil Tjay,Ice Cold,214202.0,0.0,0,1,0.810194792914329,0.1754558796343311,0.0,0.0,2.4,0.0
Lil Tjay,Losses - Bonus,393306.0,0.0,0,2,0.9164025480905011,0.0929580249935183,0.0,0.0,2.7,0.0
Lil Tjay,Run It Up (feat. Offset & Moneybagg Yo),3588160.0,0.0,0,14,1.138756313356197,0.0729533669203097,0.0,0.0,3.4,
Lil Tjay,Zoo York (feat. Fivio Foreign & Pop Smoke),3698673.0,0.0,0,8,0.8084126423013959,0.5652492758781124,0.0,0.0,2.4,0.0
"Lil Tjay, 6LACK",Calling My Phone,16388532.0,0.0,0,14,1.039842300483927,0.0468907737493435,0.0,0.0,3.1,
Lil Uzi Vert,20 Min,47932429.0,0.0,0,205,1.432295887945901,0.051510235599713,0.0,0.0,4.3,
Lil Uzi Vert,444+222,6381600.0,0.0,0,5,0.8291310993213329,0.2726128976812368,0.0,0.0,2.5,0.0
Lil Uzi Vert,Baby Pluto,57886310.0,7793208.0,2,66,1.0522349404751796,0.1517787009121535,0.0,13.5,4.4,
Lil Uzi Vert,Bean (Kobe) [feat. Chief Keef],15839915.0,0.0,0,33,1.1359066785009146,0.2207651031397309,0.0,0.0,3.4,
Lil Uzi Vert,Bigger Than Life,14346538.0,0.0,0,18,0.8788420442319116,0.3723034857096014,0.0,0.0,2.6,
Lil Uzi Vert,Bust Me,8086538.0,0.0,0,12,0.7333966422471682,0.4834955936592667,0.0,0.0,2.2,0.0
Lil Uzi Vert,Celebration Station,16032044.0,0.0,0,19,0.9071478651514197,0.3541375784477674,0.0,0.0,2.7,
Lil Uzi Vert,Chrome Heart Tags,8336979.0,0.0,0,12,0.7170016397227894,0.4957149894723577,0.0,0.0,2.2,0.0
Lil Uzi Vert,Come This Way,1653264.0,0.0,0,5,0.3178916085902801,0.8912626493052194,0.0,0.0,1.0,0.0
Lil Uzi Vert,Dark Queen,2671468.0,0.0,0,5,0.8666786256493829,0.3793937740913343,0.0,0.0,2.6,0.0
Lil Uzi Vert,Do What I Want,12123820.0,0.0,0,74,1.3478698276224717,0.0620893965067448,0.0,0.0,4.0,
Lil Uzi Vert,Early 20 Rager,1090097.0,0.0,0,5,0.5131256594944258,0.917012168477419,0.0,0.0,1.5,0.0
Lil Uzi Vert,Erase Your Social,32413939.0,0.0,0,158,1.1481810563920771,0.0581981570115719,0.0,0.0,3.4,
Lil Uzi Vert,Feelings Mutual,1518484.0,0.0,0,5,0.4680655446021506,0.7665648683774423,0.0,0.0,1.4,0.0
Lil Uzi Vert,For Real,2818768.0,0.0,0,5,0.75387121779836,0.5016796797977716,0.0,0.0,2.3,0.0
Lil Uzi Vert,Futsal Shuffle 2020,179121640.0,8439897.0,2,84,1.2061096720011903,0.0831191252304165,0.0,4.7,4.6,
Lil Uzi Vert,Futsal Shuffle 2020 - Bonus Track,47484179.0,0.0,0,84,1.1194396362833725,0.0885102476343453,0.0,0.0,3.4,
Lil Uzi Vert,"Go Off (with Lil Uzi Vert, Quavo & Travis Scott)",2250344.0,0.0,0,12,1.1005478782613418,0.1315131714500957,0.0,0.0,3.3,0.0
Lil Uzi Vert,Got The Guap (feat. Young Thug),4153960.0,0.0,0,12,0.9321481526867226,0.4609850148352082,0.0,0.0,2.8,0.0
Lil Uzi Vert,Homecoming,23123354.0,0.0,0,28,0.9392812348799084,0.2549216222023841,0.0,0.0,2.8,
Lil Uzi Vert,How to Talk,1345680.0,0.0,0,5,0.4776179940889818,0.7353535883684638,0.0,0.0,1.4,0.0
Lil Uzi Vert,I Can Show You,1672395.0,0.0,0,5,0.3028040430708245,0.927503529549816,0.0,0.0,0.9,0.0
Lil Uzi Vert,I'm Sorry,19114618.0,0.0,0,19,0.9069333403493308,0.3615535418148211,0.0,0.0,2.7,
Lil Uzi Vert,Leaders (feat. NAV),4336437.0,0.0,0,9,0.7737327697822048,0.5715727792224735,0.0,0.0,2.3,0.0
Lil Uzi Vert,Lo Mein,57667470.0,7127617.0,2,82,1.1745473849193089,0.139932065242276,0.0,12.4,4.5,
Lil Uzi Vert,Lotus,3406250.0,0.0,0,8,0.6793108945334904,0.7551937768628034,0.0,0.0,2.0,0.0
Lil Uzi Vert,Malfunction,1111269.0,0.0,0,5,0.527289699374078,0.8970037119816903,0.0,0.0,1.6,0.0
Lil Uzi Vert,Money Longer,61041649.0,0.0,0,255,1.407454968837751,0.0535054780683508,0.0,0.0,4.2,
Lil Uzi Vert,Money Spread (feat. Young Nudy),1485056.0,0.0,0,5,0.3188546197489325,0.8881476516535234,0.0,0.0,1.0,0.0
Lil Uzi Vert,Moon Relate,3092768.0,0.0,0,7,0.6414813039267437,0.7438685004766927,0.0,0.0,1.9,0.0
Lil Uzi Vert,Myron,163457227.0,0.0,0,166,1.1075765422683774,0.0835462540272457,0.0,0.0,3.3,
Lil Uzi Vert,Neon Guts (feat. Pharrell Williams),3864013.0,0.0,0,6,0.8342136803809888,0.3279629002620843,0.0,0.0,2.5,0.0
Lil Uzi Vert,New Patek,130334896.0,23264314.0,7,159,1.5069551549746107,0.0987407302127085,0.0,17.8,6.3,
Lil Uzi Vert,No Auto (feat. Lil Durk),1537821.0,0.0,0,5,0.3169584530378316,0.8905549440381971,0.0,0.0,1.0,0.0
Lil Uzi Vert,No Sleep Leak,2519773.0,0.0,0,5,0.7251449977037189,0.5415967716730627,0.0,0.0,2.2,0.0
Lil Uzi Vert,P2,175795458.0,3727939.0,1,140,1.0825949608304215,0.0807128041033984,0.0,2.1,3.5,
Lil Uzi Vert,POP,13262742.0,0.0,0,15,0.7654720503607864,0.4804541404251527,0.0,0.0,2.3,
Lil Uzi Vert,Pretty Mami,1388979.0,0.0,0,5,0.4483483867724711,0.7565912303936622,0.0,0.0,1.3,0.0
Lil Uzi Vert,Prices,23288092.0,0.0,0,33,0.9545595754806192,0.2161211437271951,0.0,0.0,2.9,
Lil Uzi Vert,Sanguine Paradise,282624693.0,0.0,0,380,1.4464610468837047,0.067257386643335,0.0,0.0,4.3,
Lil Uzi Vert,Sasuke,2402424.0,0.0,1,6,0.606355079705966,0.8590770297800375,0.0,0.0,8.5,0.0
Lil Uzi Vert,Sauce It Up,26711719.0,245495.0,1,83,1.1679774714431816,0.1188751166545276,0.0,0.9,4.0,
Lil Uzi Vert,Secure The Bag,7183934.0,0.0,0,11,0.7509276231797292,0.4898409685288382,0.0,0.0,2.3,0.0
Lil Uzi Vert,Silly Watch,33028223.0,3234694.0,1,40,1.0570791407072797,0.1991653024560425,0.0,9.8,4.2,
Lil Uzi Vert,Strawberry Peels (feat. Young Thug & Gunna),3329644.0,0.0,0,8,0.6973818272216897,0.7126291086236869,0.0,0.0,2.1,0.0
Lil Uzi Vert,That Way,18657876.0,0.0,2,5,1.173293608995057,0.2831113851917154,0.0,0.0,19.5,0.0
Lil Uzi Vert,That Way - Bonus Track,125061453.0,4104774.0,1,155,1.4659303319172805,0.0769800018530407,0.0,3.3,4.7,
Lil Uzi Vert,That's a Rack,54961864.0,0.0,0,104,1.7181714129623504,0.1505553971980345,0.0,0.0,5.2,
Lil Uzi Vert,The Way Life Goes (feat. Oh Wonder),98350990.0,1795606.0,2,349,3.537852333864482,0.0844709632303087,0.0,1.8,10.8,
Lil Uzi Vert,Trap This Way (This Way),3220914.0,0.0,0,8,0.6944225510852221,0.6619379254755834,0.0,0.0,2.1,0.0
Lil Uzi Vert,Two®,2813686.0,0.0,0,5,0.6822728829888547,0.6025559815831323,0.0,0.0,2.0,0.0
Lil Uzi Vert,UnFazed (feat. The Weeknd),3995856.0,0.0,0,6,0.7948142549898334,0.3735704122358186,0.0,0.0,2.4,0.0
Lil Uzi Vert,Urgency (feat. Syd),4614930.0,0.0,0,8,0.6622965038110218,0.6616587230886289,0.0,0.0,2.0,0.0
Lil Uzi Vert,Venetia,16273082.0,0.0,0,19,0.916613798662082,0.3240290816352922,0.0,0.0,2.7,
Lil Uzi Vert,Wassup (feat. Future),3017964.0,0.0,0,7,0.6058460675732511,0.7837364354551719,0.0,0.0,1.8,0.0
Lil Uzi Vert,X,6082336.0,0.0,0,5,0.8901549652758567,0.1830239419916555,0.0,0.0,2.7,0.0
Lil Uzi Vert,XO TOUR Llif3,530592792.0,22609114.0,6,149,1.6488404148746263,0.0686636623264973,0.0,4.3,6.6,
Lil Uzi Vert,XO Tour Llif3,757582811.0,6352462.0,3,986,3.149250469141795,0.1292724683322565,5.0,0.8,9.7,
Lil Uzi Vert,You Better Move,11826233.0,1425436.0,1,15,0.7960340510606352,0.4946223867878583,0.0,12.1,5.1,
Lil Uzi Vert,You Was Right,85802118.0,0.0,0,238,1.302566519916805,0.064636156092157,0.0,0.0,3.9,
"Lil Uzi Vert, 21 Savage",Yessirskiii,15188556.0,0.0,0,33,1.138034983028321,0.2126150936343785,0.0,0.0,3.4,
Lil Wayne,Bing James (ft. Jay Rock),225218.0,0.0,0,1,0.6070451500915077,0.3552266802178886,0.0,0.0,1.8,0.0
Lil Wayne,Can't Be Broken,23275283.0,0.0,0,24,0.9285229320086954,0.345183276906466,0.0,0.0,2.8,
Lil Wayne,Clap For Em,215219.0,0.0,0,1,0.6384104035097607,0.32724221449285,0.0,0.0,1.9,0.0
Lil Wayne,Dark Side Of The Moon (feat. Nicki Minaj),12657557.0,0.0,0,15,0.8050519207610453,0.4969534261486493,0.0,0.0,2.4,
Lil Wayne,Dedicate,27157358.0,5802831.0,2,28,0.9894524867008831,0.3150067901038763,0.0,21.4,5.8,
Lil Wayne,Demon,3669552.0,0.0,0,6,0.7028397057246106,0.6188842168932362,0.0,0.0,2.1,0.0
Lil Wayne,Don't Cry (feat. XXXTENTACION),55014472.0,12843149.0,3,45,1.0025690509841936,0.2167660994966906,0.0,23.3,5.7,
Lil Wayne,Dope New Gospel (feat. Nivea),2934645.0,0.0,0,5,0.6882831263462165,0.6067107559084384,0.0,0.0,2.1,0.0
Lil Wayne,Dope Niggaz (feat. Snoop Dogg),10642940.0,0.0,0,14,0.8376513108398923,0.4778631784181817,0.0,0.0,2.5,
Lil Wayne,Dreams,477748.0,0.0,0,2,0.6193101852115953,0.3798716882049516,0.0,0.0,1.9,0.0
Lil Wayne,Famous (feat. Reginae Carter),13539331.0,0.0,0,19,0.9129996427780572,0.3825945480012689,0.0,0.0,2.7,
Lil Wayne,Funeral,241164.0,0.0,1,1,0.3053858245381806,0.945862472087397,0.0,0.0,40.9,0.0
Lil Wayne,Hittas,6871188.0,0.0,0,10,0.6685850900553431,0.6227401499638278,0.0,0.0,2.0,0.0
Lil Wayne,"I Do It (ft. Big Sean, Lil Baby)",22929582.0,0.0,0,29,0.990584556121884,0.2177314712975055,0.0,0.0,3.0,
Lil Wayne,I Don't Sleep (ft. Takeoff),2393934.0,0.0,0,8,0.8748213927684058,0.1748596862428693,0.0,0.0,2.6,0.0
Lil Wayne,I Love You Dwayne,962362.0,0.0,1,3,0.1871461206055475,1.1587768436107193,0.0,0.0,13.9,0.0
Lil Wayne,Know You Know (ft. 2 Chainz),510126.0,0.0,0,2,0.7306962273710049,0.262343783927435,0.0,0.0,2.2,0.0
Lil Wayne,Let It All Work Out,7315426.0,0.0,0,12,0.8609238164149128,0.4580647925004891,0.0,0.0,2.6,0.0
Lil Wayne,Let It Fly (feat. Travis Scott),40143165.0,3771708.0,1,40,1.0052248302326596,0.2439427021499031,0.0,9.4,4.0,
Lil Wayne,Mahogany,1443598.0,0.0,0,5,0.372248841285317,0.7824618675429725,0.0,0.0,1.1,0.0
Lil Wayne,Mama Mia,818330.0,0.0,0,3,0.4331356099724349,0.8390222986405119,0.0,0.0,1.3,0.0
Lil Wayne,Mess,5097766.0,0.0,0,8,0.7499568295631152,0.5589311576564935,0.0,0.0,2.2,0.0
Lil Wayne,Mona Lisa (feat. Kendrick Lamar),103902399.0,33997986.0,7,83,1.0780171691035043,0.1447174230559456,0.0,32.7,6.6,
Lil Wayne,Open Letter,9444905.0,0.0,0,12,0.8206324509940418,0.5647761350709634,0.0,0.0,2.5,0.0
Lil Wayne,Open Safe,6768001.0,0.0,0,10,0.6986201738163859,0.5951598720176658,0.0,0.0,2.1,0.0
Lil Wayne,Perfect Strangers,3423067.0,0.0,0,6,0.7258058313252537,0.5904102497952604,0.0,0.0,2.2,0.0
Lil Wayne,Problems,7467186.0,0.0,0,11,0.7738784327142952,0.5944184339591344,0.0,0.0,2.3,0.0
Lil Wayne,Start This Shit Off Right (feat. Ashanti & Mack Maine),3229049.0,0.0,0,5,0.6696301350263159,0.6238448169912351,0.0,0.0,2.0,0.0
Lil Wayne,"Sucker for Pain (with Wiz Khalifa, Imagine Dragons, Logic & Ty Dolla $ign feat. X Ambassadors)",110615648.0,0.0,0,154,1.621280810312386,0.0875253039923845,0.0,0.0,4.9,
Lil Wayne,Took His Time,6122504.0,0.0,0,8,0.6982013349698565,0.5461953736884461,0.0,0.0,2.1,0.0
Lil Wayne,Trust Nobody (ft. Adam Levine),222158.0,0.0,0,1,0.670424139027148,0.2925139604118026,0.0,0.0,2.0,0.0
Lil Wayne,Used 2,4709874.0,0.0,0,7,0.7399371489604025,0.5275325141993069,0.0,0.0,2.2,0.0
Lil Wayne,What About Me (feat. Sosamann),24942118.0,0.0,0,19,0.8468837186792977,0.3813209808343222,0.0,0.0,2.5,
"Lil Wayne, Swizz Beatz",Uproar,81440203.0,0.0,0,132,1.1117708144333478,0.1087195201988989,0.0,0.0,3.3,
"Lil Wayne, Ty Dolla $ign",Scared of the Dark (feat. XXXTENTACION),3635546.0,0.0,0,16,1.0702689012933408,0.3414182609428809,0.0,0.0,3.2,
Lil Xan,Betrayed,180645392.0,0.0,0,265,3.5234663615094353,0.1499875815088857,0.0,0.0,10.6,
Lil Yachty,COUNT ME IN,383570.0,0.0,0,2,0.7810162277201383,0.3958404576402992,0.0,0.0,2.3,0.0
Lil Yachty,Get Dripped (feat. Playboi Carti),9461685.0,0.0,0,19,0.9702104005219316,0.267461036834724,0.0,0.0,2.9,
Lil Yachty,Harley,333280.0,0.0,0,2,0.8275508106596736,0.1658780332287713,0.0,0.0,2.5,0.0
Lil Yachty,One Night,21466870.0,0.0,0,115,1.1024173724688475,0.0463543330248149,0.0,0.0,3.3,
Lil Yachty,Oprah's Bank Account (Lil Yachty & DaBaby feat. Drake),14821521.0,983185.0,1,52,1.157451699513169,0.1360280054659847,0.0,6.6,4.2,
Lil Yachty,Oprah’s Bank Account (Lil Yachty & DaBaby feat. Drake),75899874.0,2525796.0,1,78,1.9115664240971009,0.2374120244478186,0.0,3.3,6.2,
Lil Yachty,SELF MADE,379111.0,0.0,0,2,0.4046301425176917,1.0687587482002463,0.0,0.0,1.2,0.0
Lil Yachty,SaintLaurentYSL (feat. Lil Baby),1315861.0,0.0,0,5,0.600993162714567,0.8690080690245349,0.0,0.0,1.8,0.0
Lil Yachty,Split/Whole Time,2555834.0,0.0,1,6,2.1364291943570537,0.945125582368616,1.0,0.0,18.1,0.0
Lil Yachty,"T.D (Lil Yachty & Tierra Whack feat. A$AP Rocky & Tyler, The Creator)",5022476.0,346959.0,1,17,1.0323666237751163,0.3132153065219555,0.0,6.9,5.5,
Lil Yachty,Who Want The Smoke? (feat. Cardi B & Offset),662809.0,0.0,0,3,0.9115615353725464,0.1883545067697559,0.0,0.0,2.7,0.0
Lil Yachty,Yacht Club (feat. Juice WRLD),7219845.0,0.0,0,21,1.4397982755333634,0.3452519568325994,0.0,0.0,4.3,
"Lil Yachty, 2 Chainz, K$upreme",OOPS,615483.0,0.0,0,3,0.4639466008107284,0.9952379478086067,0.0,0.0,1.4,0.0
"Lil Yachty, Cardi B, Offset",Who Want The Smoke?,4587515.0,0.0,0,15,1.1498708305039136,0.3591193881668119,0.0,0.0,3.4,
"Lil Yachty, Evander Griiim",X Men,1169883.0,0.0,0,6,1.3382647591423056,0.1070641716816889,0.0,0.0,4.0,0.0
"Lil Yachty, Lil Pump, Offset",BABY DADDY,2195818.0,0.0,0,8,0.7170213136715773,0.5634583245709212,0.0,0.0,2.2,0.0
"Lil Yachty, Migos",Peek A Boo,19651225.0,0.0,0,70,2.816323949164042,0.2068321099875072,1.0,0.0,8.9,
"Lil Yachty, Offset, Lil Baby",MICKEY,390146.0,0.0,0,2,0.7956376212038141,0.3840186552893067,0.0,0.0,2.4,0.0
"Lil Yachty, PnB Rock",she ready,4427174.0,0.0,0,19,1.0438465245736712,0.3007357164441213,0.0,0.0,3.1,
"Lil Yachty, Quavo",TALK TO ME NICE,1235874.0,0.0,0,5,0.4941118079081563,0.9595706096213136,0.0,0.0,1.5,0.0
"Lil Yachty, Trippie Redd",66,42045992.0,0.0,0,41,1.6365740272041265,0.1826768060106697,0.0,0.0,4.9,
"Lil Yachty, Ugly God",BOOM!,1257640.0,0.0,0,5,0.482790803179555,0.959467894348983,0.0,0.0,1.4,0.0
"Lil Yachty, YoungBoy Never Broke Again",NBAYOUNGBOAT,4834919.0,0.0,0,19,0.9815262259749612,0.2690412422245543,0.0,0.0,2.9,
"Lin-Manuel Miranda, Anthony Ramos, Daveed Diggs, Okieriete Onaodowan, Leslie Odom Jr., Original Broadway Cast of Hamilton",My Shot,2436114.0,0.0,0,10,1.079245591784969,0.0844570789182962,0.0,0.0,3.2,0.0
"Lin-Manuel Miranda, Leslie Odom Jr., Anthony Ramos, Daveed Diggs, Okieriete Onaodowan","Aaron Burr, Sir",451514.0,0.0,0,2,1.0204033329162414,0.0178922469484814,0.0,0.0,3.1,0.0
Linkin Park,BURN IT DOWN,425901.0,0.0,0,1,0.5271271616515374,0.6502953730222774,0.0,0.0,1.6,0.0
Linkin Park,Battle Symphony,2890831.0,0.0,0,5,0.7921578142596849,0.5062377839134194,0.0,0.0,2.4,0.0
Linkin Park,Bleed It Out,2329129.0,0.0,0,4,0.9785694226370384,0.7851503094935441,0.0,0.0,2.9,0.0
Linkin Park,Crawling,2653462.0,0.0,0,4,0.831300156764978,0.5499680245700846,0.0,0.0,2.5,0.0
Linkin Park,Faint,1762747.0,0.0,1,3,0.9435483414110384,0.8290165232026857,0.0,0.0,16.2,0.0
Linkin Park,Good Goodbye (feat. Pusha T and Stormzy),5353987.0,0.0,0,7,1.9764014583898717,0.6577888346730655,0.0,0.0,5.9,0.0
Linkin Park,Heavy (feat. Kiiara),39450332.0,6272575.0,3,48,2.918068873224308,0.2923785208740718,0.0,15.9,11.3,
Linkin Park,In the End,40237098.0,2819755.0,1,46,1.4797752715813914,0.1761878612860115,0.0,7.0,5.3,
Linkin Park,Leave Out All The Rest,859544.0,0.0,0,2,0.6429771049722176,0.6733591354717239,0.0,0.0,1.9,0.0
Linkin Park,Nobody Can Save Me,498249.0,0.0,0,1,0.6715504208570793,0.5666552186694345,0.0,0.0,2.0,0.0
Linkin Park,Numb,25362868.0,0.0,0,30,1.030802543868698,0.1946878185438685,0.0,0.0,3.1,
Linkin Park,One More Light,5568645.0,0.0,0,9,0.8613375084379228,0.3350444986593534,0.0,0.0,2.6,0.0
Linkin Park,One Step Closer,3629283.0,0.0,0,5,0.8509817152133796,0.5271741807925666,0.0,0.0,2.6,0.0
Linkin Park,Papercut,1720227.0,0.0,0,3,0.7780424200767233,0.5918343049656852,0.0,0.0,2.3,0.0
Linkin Park,Somewhere I Belong,2223513.0,0.0,0,4,0.9249633871214084,0.8058352326412503,0.0,0.0,2.8,0.0
Linkin Park,Talking to Myself,1487562.0,0.0,0,3,0.7490114045243627,0.525029102255327,0.0,0.0,2.2,0.0
Linkin Park,What I've Done,9841361.0,0.0,0,13,0.935869545382391,0.3614228503516239,0.0,0.0,2.8,0.0
Little Big Town,Better Man,725807.0,0.0,0,4,1.0924853376903665,0.0805893887507676,0.0,0.0,3.3,0.0
Little Big Town,"Wine, Beer, Whiskey",457934.0,0.0,0,2,0.9621420234617644,0.1092944232070701,0.0,0.0,2.9,0.0
Little Mix,Bounce Back,1894294.0,0.0,0,3,0.8798531744333563,0.2541693559068999,0.0,0.0,2.6,0.0
Little Mix,Power (feat. Stormzy),5124096.0,0.0,0,12,1.054452982494122,0.0590204606641553,0.0,0.0,3.2,0.0
Little Mix,Shout Out to My Ex,35260992.0,0.0,0,61,1.080821730327852,0.0454534275484641,0.0,0.0,3.2,
Little Mix,Sweet Melody,1628289.0,0.0,0,2,0.9767735837109802,0.1294128923006389,0.0,0.0,2.9,0.0
Little Mix,Touch,154425017.0,0.0,0,181,1.4508764162375956,0.0700873293901525,0.0,0.0,4.4,
Little Mix,Woman Like Me (feat. Nicki Minaj),160431514.0,0.0,0,115,1.30644028653618,0.0970492475887867,0.0,0.0,3.9,
"Little Mix, Machine Gun Kelly",No More Sad Songs,12893977.0,0.0,0,27,1.1212072016341372,0.0578055231811371,0.0,0.0,3.4,
Lizzo,Boys,2054531.0,0.0,0,9,3.5259344400297876,0.5935191928559639,0.0,0.0,10.6,0.0
Lizzo,Good As Hell,74803524.0,0.0,0,66,3.472346729468966,0.2247624556883244,0.0,0.0,10.4,
Lizzo,Good as Hell,156944065.0,0.0,0,135,1.4337416942482235,0.1049276112758839,0.0,0.0,4.3,
Lizzo,Good as Hell (feat. Ariana Grande),40595386.0,0.0,0,55,1.0611337235792488,0.0721745955484871,0.0,0.0,3.2,
Lizzo,Good as Hell (feat. Ariana Grande) - Remix,158006055.0,0.0,0,109,1.5609428182935592,0.1161790542475007,0.0,0.0,4.7,
Lizzo,Juice,104318972.0,288864.0,1,194,3.4095780565800378,0.2085636479781963,0.0,0.3,10.4,
Lizzo,Soulmate,1185018.0,0.0,0,6,0.9640185245572668,0.2183602675302765,0.0,0.0,2.9,0.0
Lizzo,Tempo (feat. Missy Elliott),6684540.0,217880.0,1,31,3.5083723703262075,0.4182667547760083,1.0,3.3,12.8,
Lizzo,Truth Hurts,805659521.0,8630573.0,6,498,4.558335759461571,0.0924990555917543,0.0,1.1,14.2,
Logic,100 Miles and Running (ft. Wale & John Lindahl),1578701.0,0.0,0,5,0.4106808241493322,0.81691424455777,0.0,0.0,1.2,0.0
Logic,44 More,95266398.0,0.0,0,88,1.737237053394726,0.1667025251007583,0.0,0.0,5.2,
Logic,Bohemian Trapsody,214795.0,0.0,0,1,0.8520331459715903,0.1420872025805554,0.0,0.0,2.6,0.0
Logic,BoomTrap Protocol,9003158.0,0.0,0,15,0.8806512399024913,0.3954220092191807,0.0,0.0,2.6,
Logic,COMMANDO (feat. G-Eazy),2806679.0,0.0,0,5,0.7718446090081806,0.5214031303725362,0.0,0.0,2.3,0.0
Logic,Confessions of a Dangerous Mind,11886371.0,1020943.0,1,20,3.3894518459975163,0.5767249985026868,0.0,8.6,12.2,
Logic,Contra,25643517.0,0.0,0,27,0.9855011946476812,0.2925836438784532,0.0,0.0,3.0,
Logic,Everybody,70302649.0,3571695.0,2,147,2.9556917761675137,0.1403558679241554,1.0,5.1,9.6,
Logic,Everybody Dies,4877540.0,0.0,1,9,2.2283970153775297,0.9378119244019504,0.0,0.0,11.1,0.0
Logic,Grandpa's Space Ship,1823388.0,0.0,0,7,0.4892738256886846,0.841043551587887,0.0,0.0,1.5,0.0
Logic,Hallelujah,1625997.0,0.0,0,6,0.5530621143565486,0.8223937658528971,0.0,0.0,1.7,0.0
Logic,Homicide (feat. Eminem),128558541.0,3639904.0,1,111,1.1148144931529926,0.1185876423926459,0.0,2.8,3.7,
Logic,ICONIC (ft. Jaden Smith),3865544.0,0.0,0,6,0.8674949293569777,0.382440166150924,0.0,0.0,2.6,0.0
Logic,Icy (feat. Gucci Mane),3301594.0,0.0,0,5,0.8048967411125414,0.4997276856624467,0.0,0.0,2.4,0.0
Logic,Keanu Reeves,93626591.0,1436048.0,2,120,3.3064442922336745,0.233117464054331,1.0,1.5,10.8,
Logic,Limitless,417792.0,0.0,0,2,0.7840232955392252,0.3864022875784396,0.0,0.0,2.4,0.0
Logic,Mama/Show Love (feat. YBN Cordae),1337482.0,0.0,0,5,0.4787724690278118,1.0063573878342724,0.0,0.0,1.4,0.0
Logic,Midnight,19537341.0,0.0,0,33,1.0426417328732756,0.2112825285181608,0.0,0.0,3.1,
Logic,Mos Definitely,1118431.0,0.0,0,5,0.5146389800039551,0.9605600112251562,0.0,0.0,1.5,0.0
Logic,One Day (feat. Ryan Tedder),13854351.0,0.0,0,12,0.9454505443614112,0.1969379032311476,0.0,0.0,2.8,0.0
Logic,One Day (ft. Ryan Tedder),1055824.0,0.0,0,4,0.5247320368363412,0.9122979662846932,0.0,0.0,1.6,0.0
Logic,Ordinary Day (ft. Hailee Steinfeld),1099831.0,0.0,0,4,0.5315496976989345,0.9214408634851023,0.0,0.0,1.6,0.0
Logic,Out Of Sight,424772.0,0.0,0,2,0.4420721234395913,1.0153897535848162,0.0,0.0,1.3,0.0
Logic,Overnight,16141747.0,0.0,0,26,1.0137810097915427,0.2933002114726734,0.0,0.0,3.0,
Logic,Pardon My Ego,398930.0,0.0,0,2,0.4374664446563148,1.033002731718618,0.0,0.0,1.3,0.0
Logic,Perfect,2852160.0,0.0,0,11,0.9747977635087044,0.0780243793267981,0.0,0.0,2.9,0.0
Logic,Still Ballin (feat. Wiz Khalifa),754108.0,0.0,0,3,0.4826686844620242,0.9677116170880145,0.0,0.0,1.4,0.0
Logic,Street Dreams II,456292.0,0.0,0,2,0.7768982386075477,0.3990947954237887,0.0,0.0,2.3,0.0
Logic,Take It Back,3726630.0,0.0,0,11,0.846590418535203,0.4757589164948279,0.0,0.0,2.5,0.0
Logic,Thank You (ft. Lucy Rose & The RattPack),206352.0,0.0,1,1,0.2734416341054673,1.103972957794069,0.0,0.0,40.8,0.0
Logic,"The Adventures Of Stoney Bob (ft. Kajo, Slaydro, Big Lenbo)",433344.0,0.0,0,2,0.800970548229059,0.3731112050050281,0.0,0.0,2.4,0.0
Logic,The Glorious Five,841377.0,0.0,0,3,0.4753736293633398,1.0004518090098904,0.0,0.0,1.4,0.0
Logic,The Return,9530722.0,890500.0,1,20,3.700710005799438,0.6900421333750926,0.0,9.3,13.1,
Logic,Waiting Room,173635.0,0.0,0,1,0.3679739305440861,0.9760089412306856,0.0,0.0,1.1,0.0
Logic,Wannabe,424680.0,0.0,0,2,0.4177147995893883,1.0576120864377754,0.0,0.0,1.3,0.0
Logic,Wizard Of Oz,10272257.0,0.0,0,17,0.870218420864608,0.3520942448255004,0.0,0.0,2.6,
Logic,"Wu Tang Forever (ft. Ghostface Killah, Raekwon, RZA, Method Man, Inspectah Deck, Cappadonna, Jackpot Scotty Wotty, U-God, Masta Killa, GZA)",2197877.0,0.0,2,5,0.8999449100159204,0.696130362691649,0.0,0.0,18.7,0.0
Logic,YSIV,1453455.0,0.0,0,5,0.4298611744361613,0.7838124503497725,0.0,0.0,1.3,0.0
Logic,Yuck,10582155.0,0.0,0,17,0.903760812593474,0.3595112497495515,0.0,0.0,2.7,
Logic,clickbait,694579.0,0.0,0,3,0.4420394085338854,1.0346112561741636,0.0,0.0,1.3,0.0
"Logic, 2 Chainz",State Of Emergency,7720781.0,0.0,0,13,0.8927634203178468,0.4221925669288333,0.0,0.0,2.7,0.0
"Logic, Alessia Cara, Khalid",1-800-273-8255,465144610.0,0.0,0,434,3.49442816109157,0.1651025655243568,1.0,0.0,10.6,
"Logic, Ansel Elgort",Killing Spree,4525594.0,0.0,0,12,0.8490691137796207,0.4413274031402067,0.0,0.0,2.5,0.0
"Logic, Big Sean",Wassup,11215017.0,0.0,0,19,0.925908455256698,0.3433330106702692,0.0,0.0,2.8,
"Logic, Black Thought, Chuck D, Big Lenbo, No I.D",America,749865.0,0.0,0,3,0.8688146283871092,0.1556264893184096,0.0,0.0,2.6,0.0
"Logic, Black Thought, Chuck D, Big Lenbo, No I.D.",America,314783.0,0.0,0,1,0.3070026322898776,0.7076813869097639,0.0,0.0,0.9,0.0
"Logic, Damian Lemar Hudson",Black SpiderMan,23164666.0,1133509.0,1,49,3.3554830063069954,0.3048655555799497,0.0,4.9,10.9,
"Logic, Eminem",Homicide,25246247.0,0.0,0,5,0.882323402230058,0.2065411539010565,0.0,0.0,2.6,0.0
"Logic, Juicy J",Ink Blot,2600876.0,0.0,0,6,0.8442320434229548,0.4808595760640013,0.0,0.0,2.5,0.0
"Logic, Killer Mike",Confess,3648206.0,0.0,0,8,0.824692395519064,0.4995682901400083,0.0,0.0,2.5,0.0
"Logic, Lucy Rose",Anziety,1656884.0,0.0,0,6,0.5947648682609255,0.6851567094164458,0.0,0.0,1.8,0.0
"Logic, Marshmello",Everyday,205460768.0,4048126.0,1,183,3.271443716309879,0.1466617590772032,0.0,2.0,10.0,
"Logic, Neil deGrasse Tyson",AfricAryaN,1158666.0,0.0,0,5,0.433448207650729,0.7822157105749126,0.0,0.0,1.3,0.0
"Logic, Wiz Khalifa",Indica Badu,12950398.0,0.0,0,19,0.8982327890322729,0.3795829634220994,0.0,0.0,2.7,
"Logic, Young Sinatra",Warm It Up,8829095.0,0.0,0,14,0.8891992115545445,0.3981048746134372,0.0,0.0,2.7,
London On Da Track,"No Flag (feat. Nicki Minaj, 21 Savage & Offset)",928193.0,0.0,0,5,0.8831799757717717,0.1731842127824482,0.0,0.0,2.6,0.0
"London On Da Track, A Boogie Wit da Hoodie","Numbers (feat. Roddy Ricch, Gunna and London On Da Track)",62979952.0,0.0,0,103,1.1862881166679682,0.0989378037840342,0.0,0.0,3.6,
Loote,High Without Your Love,6613195.0,0.0,0,37,1.2047636658576963,0.0756783193481807,0.0,0.0,3.6,
Lord Huron,The Night We Met,143819380.0,808037.0,1,158,1.3402642497317174,0.1514958334784005,0.0,0.6,4.3,
Lorde,Green Light,185270496.0,0.0,0,136,2.370616093132469,0.1147047660500476,0.0,0.0,7.1,
Lorde,Hard Feelings/Loveless,3149447.0,0.0,0,5,0.9204941795535844,0.2283797747126129,0.0,0.0,2.8,0.0
Lorde,Homemade Dynamite,27974633.0,0.0,0,32,1.0564249562212047,0.102060197048439,0.0,0.0,3.2,
Lorde,Liability,15091406.0,173842.0,1,21,1.9528906031753075,0.3284894759489762,0.0,1.2,7.8,
Lorde,Liability (Reprise),331236.0,0.0,0,2,0.5424635463798975,0.9402747903018692,0.0,0.0,1.6,0.0
Lorde,Perfect Places,15475528.0,0.0,0,18,1.5062034311612498,0.1668293719412471,0.0,0.0,4.5,
Lorde,Sober,5994453.0,0.0,0,7,0.9719241248278084,0.2344029021963503,0.0,0.0,2.9,0.0
Lorde,Sober II (Melodrama),2379967.0,0.0,0,5,0.9224625726576112,0.2966552634300623,0.0,0.0,2.8,0.0
Lorde,Solar Power,5053175.0,0.0,0,6,0.9079530097863696,0.1649214575883296,0.0,0.0,2.7,0.0
Lorde,Supercut,4439792.0,0.0,0,6,0.8653639014412441,0.2959577687987484,0.0,0.0,2.6,0.0
Lorde,The Louvre,4787941.0,0.0,0,7,0.962833199504738,0.2450482266081278,0.0,0.0,2.9,0.0
Lorde,Writer In The Dark,2470868.0,0.0,0,5,0.9357354370577996,0.2792487823804358,0.0,0.0,2.8,0.0
Loredana,Genick,4240053.0,0.0,0,6,0.9946085809355264,0.0911785737187063,0.0,0.0,3.0,0.0
Loredana,Jetzt rufst du an,7125808.0,0.0,0,10,1.0182424092493478,0.0934054042607997,0.0,0.0,3.1,0.0
"Loredana, MERO",Kein Plan,11290034.0,0.0,0,14,1.114848803752519,0.1356128520138768,0.0,0.0,3.3,
"Loredana, Mozzik",BONNIE & CLYDE,5129884.0,0.0,0,8,1.0784166519999734,0.0698358383096264,0.0,0.0,3.2,0.0
"Loredana, Mozzik",Eiskalt,7922709.0,0.0,0,12,1.0688856842267327,0.070117990177623,0.0,0.0,3.2,0.0
"Loredana, Mozzik",ROMEO & JULIET,610357.0,0.0,0,1,0.9082139333760888,0.1021873147285275,0.0,0.0,2.7,0.0
"Loredana, Rymez",Angst,3011386.0,0.0,0,4,0.9133892176154024,0.2106405520957195,0.0,0.0,2.7,0.0
Loren Allred,Never Enough,32838785.0,0.0,0,45,3.461082519459452,0.1778522612835842,0.0,0.0,10.4,
"Los Legendarios, Wisin, Jhay Cortez",Fiel,17981411.0,0.0,0,14,1.0897821457828605,0.0732957434022712,0.0,0.0,3.3,
Lou Monte,Dominick the Donkey (The Italian Christmas Donkey),427309.0,0.0,0,1,1.119284839287913,0.2052817887466547,0.0,0.0,3.4,0.0
Loud Luxury,Body (feat. brando),444805128.0,0.0,0,382,1.8132815203314585,0.0823676136361922,0.0,0.0,5.4,
"Loud Luxury, Brando",Body,113355128.0,0.0,0,70,1.431696013216473,0.0911937508432897,0.0,0.0,4.3,
"Loud Luxury, anders",Love No More,7686988.0,0.0,0,13,3.5847258886459747,0.675675949326619,0.0,0.0,10.8,0.0
"Louis Armstrong, The Commanders",Cool Yule,514554.0,0.0,0,2,0.8973805683397753,0.0973954200780563,0.0,0.0,2.7,0.0
Louis The Child,Better Not (feat. Wafia),48471864.0,0.0,0,59,3.59677534784827,0.2413365686995125,0.0,0.0,10.8,
Louis The Child,Little Things (with Quinn XCII & Chelsea Cutler),413061.0,0.0,0,2,0.7539716961291398,0.4263205699597183,0.0,0.0,2.3,0.0
Louis Tomlinson,Back to You (feat. Bebe Rexha & Digital Farm Animals),115177971.0,0.0,0,61,1.5912134352065483,0.1452065348956547,0.0,0.0,4.8,
Luan Santana,MORENA,3285200.0,0.0,0,4,1.0909736860803867,0.0835609446890715,0.0,0.0,3.3,0.0
Luan Santana,quando a bad bater - ao vivo,7837236.0,0.0,0,12,1.0455281234972051,0.0582612887352937,0.0,0.0,3.1,0.0
Luca Hänni,She Got Me,718737.0,0.0,2,2,1.91691698165794,1.2639828191761842,0.0,0.0,45.8,0.0
Luciano,La Haine,4548374.0,0.0,0,6,1.062168245383768,0.0711098129502131,0.0,0.0,3.2,0.0
Luciano,Mios mit Bars,4756233.0,0.0,0,6,0.9774907494469002,0.1390735498241512,0.0,0.0,2.9,0.0
"Luciano, Samra",Ya Salame,1906220.0,0.0,0,3,0.8910447697350129,0.2335179897096555,0.0,0.0,2.7,0.0
Luis Fonsi,Despacito (Featuring Daddy Yankee),742825518.0,48272981.0,9,279,2.9099612624821134,0.1089980606306515,0.0,6.5,10.0,
"Luis Fonsi, Daddy Yankee, Justin Bieber",Despacito - Remix,1026505451.0,40005658.0,5,287,2.1603165826653665,0.1087658139848701,0.0,3.9,7.2,
"Luis Fonsi, Demi Lovato",Échame La Culpa,264339023.0,0.0,0,204,3.597659891678183,0.0932188486222655,0.0,0.0,10.8,
"Luis Fonsi, Ozuna",Imposible,167117045.0,0.0,0,164,1.2703981885765796,0.0719946874869378,0.0,0.0,3.8,
"Luis Fonsi, Sebastian Yatra, Nicky Jam",Date La Vuelta,15331936.0,0.0,0,24,1.1181074411273022,0.0505728258285684,0.0,0.0,3.4,
"Luis Fonsi, Stefflon Don",Calypso,43698372.0,0.0,0,57,3.803446809776061,0.1553908568268493,0.0,0.0,11.4,
Luis Miguel,Culpable O No - Miénteme Como Siempre,1207634.0,0.0,1,3,1.5037394058270075,0.8155881179985051,0.0,0.0,17.8,0.0
Lukas Graham,7 Years,78956281.0,0.0,0,143,1.2340273092226657,0.0589665706580688,0.0,0.0,3.7,
Lukas Graham,Love Someone,253281052.0,0.0,0,251,1.272162890769146,0.0589329915476187,0.0,0.0,3.8,
Luke Bryan,Knockin' Boots,13234476.0,0.0,0,58,3.591830781722441,0.136789132109308,0.0,0.0,10.8,
Luke Bryan,Most People Are Good,4337684.0,210075.0,1,19,2.5753764223874778,0.3137497703634099,0.0,4.8,9.8,
Luke Bryan,One Margarita,10684633.0,0.0,0,44,1.3852239040967853,0.1044214247493201,0.0,0.0,4.2,
Luke Christopher,Lot to Learn,69061812.0,0.0,0,82,1.1435038335357344,0.0689803553858848,0.0,0.0,3.4,
Luke Combs,All Over Again,651184.0,0.0,0,3,0.8236121335018541,0.3337968290397315,0.0,0.0,2.5,0.0
Luke Combs,Beautiful Crazy,223470693.0,258997.0,1,811,3.3489396654719235,0.062079922094609,0.0,0.1,10.1,
Luke Combs,Beer Never Broke My Heart,68033658.0,3477338.0,4,246,2.4527735751777064,0.1126903970876549,1.0,5.1,8.1,
Luke Combs,Better Together,10561843.0,0.0,0,40,1.349894201610197,0.1259177556093176,0.0,0.0,4.0,
Luke Combs,Blue Collar Boys,425640.0,0.0,0,2,0.733342785638212,0.4104849560973539,0.0,0.0,2.2,0.0
Luke Combs,Dear Today,215892.0,0.0,0,1,0.7093497003469666,0.3304544667226272,0.0,0.0,2.1,0.0
Luke Combs,Does To Me (feat. Eric Church),8783587.0,0.0,0,37,1.1309247772880868,0.1177868226590147,0.0,0.0,3.4,
Luke Combs,Even Though I'm Leaving,10208968.0,1233472.0,3,39,4.9775453736310515,0.2698479420278045,0.0,12.1,18.0,
Luke Combs,Every Little Bit Helps,207397.0,0.0,0,1,0.6813618234741414,0.3606595958435226,0.0,0.0,2.0,0.0
Luke Combs,Forever After All,23046690.0,409396.0,1,40,1.1700799874633825,0.1551021627131509,0.0,1.8,4.5,
Luke Combs,Hurricane,74714464.0,0.0,0,343,1.1972136994972342,0.0555508697583209,0.0,0.0,3.6,
Luke Combs,Lovin' On You,1078222.0,0.0,0,4,1.30316570883475,0.3044731994107974,0.0,0.0,3.9,0.0
Luke Combs,Moon Over Mexico,624013.0,0.0,0,2,1.0865752880492898,0.1475377473096603,0.0,0.0,3.3,0.0
Luke Combs,New Every Day,207153.0,0.0,0,1,0.6540868124662541,0.3964577191378439,0.0,0.0,2.0,0.0
Luke Combs,Nothing Like You,646351.0,0.0,0,3,0.8237082251766933,0.3448678931989837,0.0,0.0,2.5,0.0
Luke Combs,One Number Away,21973699.0,0.0,0,96,1.2703433296820568,0.0724086926508159,0.0,0.0,3.8,
Luke Combs,Reasons,683303.0,0.0,0,3,0.7485633448791935,0.4067228414520212,0.0,0.0,2.2,0.0
Luke Combs,Refrigerator Door,1523231.0,0.0,0,6,1.3322580473657486,0.3067357983225107,0.0,0.0,4.0,0.0
Luke Combs,She Got the Best of Me,22247529.0,203427.0,1,98,2.601354980281431,0.1077441426548268,0.0,0.9,8.2,
Luke Combs,Six Feet Apart,5978687.0,0.0,0,23,1.0339393588830523,0.2138304754346071,0.0,0.0,3.1,
Luke Combs,What You See Is What You Get,1916734.0,0.0,0,8,0.8546142813664312,0.260031055329428,0.0,0.0,2.6,0.0
Luke Combs,When It Rains It Pours,67668424.0,0.0,0,307,1.3142340262136574,0.0695601364090469,0.0,0.0,3.9,
"Luke Combs, Amanda Shires",Without You,631780.0,0.0,0,3,1.044821584803073,0.0415510516661971,0.0,0.0,3.1,0.0
"Luke Combs, Brooks & Dunn","1, 2 Many",975491.0,0.0,0,5,0.9223122454648238,0.2989016657604837,0.0,0.0,2.8,0.0
"Lunay, Chris Jedi, Gaby Music",Soltera,53079832.0,0.0,0,64,1.1836435787363753,0.0746848239955829,0.0,0.0,3.6,
"Lunay, Daddy Yankee, Bad Bunny",Soltera (Remix),61567236.0,0.0,0,30,1.0741860256650568,0.0624243584332846,0.0,0.0,3.2,
"Lunay, Daddy Yankee, Bad Bunny",Soltera - Remix,442077985.0,0.0,0,261,1.2308660973152266,0.0707667236552728,0.0,0.0,3.7,
"Lunay, Myke Towers, Ozuna, Chencho Corleone, Rauw Alejandro",La Cama - Remix,6786746.0,0.0,0,11,1.0371749017726797,0.0360557643969509,0.0,0.0,3.1,0.0
"Lunay, Ozuna, Anuel AA",Aventura,140912654.0,0.0,0,137,1.206066518475621,0.0701013985445798,0.0,0.0,3.6,
Luísa Sonza,BRABA,3267020.0,0.0,0,5,1.0496850414357797,0.0638295947691048,0.0,0.0,3.1,0.0
"Luísa Sonza, Pabllo Vittar, Anitta",MODO TURBO,6307189.0,0.0,0,8,1.1080564354266276,0.1053823798416417,0.0,0.0,3.3,0.0
Lynyrd Skynyrd,Sweet Home Alabama,6081653.0,0.0,1,10,1.9788618029056035,0.7233636886052747,0.0,0.0,9.9,0.0
M.I.A.,Paper Planes,252589.0,0.0,0,1,0.7337378201286082,0.5674588415982028,0.0,0.0,2.2,0.0
M83,Midnight City,228720.0,0.0,0,1,0.948180084570102,0.0617542837069936,0.0,0.0,2.8,0.0
"MACHETE, Dani Faiv, tha Supreme",YOSHI (feat. Fabri Fibra) - prod. Strage,9998108.0,0.0,0,15,0.9867877782017168,0.110379194393231,0.0,0.0,3.0,
"MACHETE, Fabri Fibra, Massimo Pericolo",STAR WARS - prod. Young Miles - Crookers x Nic Sarno,551946.0,0.0,0,1,0.7351768126700762,0.3220921192721668,0.0,0.0,2.2,0.0
"MACHETE, Salmo, Lazza",HO PAURA DI USCIRE 2 - prod. Mace,2832018.0,0.0,0,4,0.8458304097519274,0.2483185852052277,0.0,0.0,2.5,0.0
"MACHETE, Salmo, Nitro",MARYLEAN (feat. Marracash) - prod. Low Kidd,1927815.0,0.0,0,3,0.8801481932347887,0.2334223927973183,0.0,0.0,2.6,0.0
MAX,Blueberry Eyes (feat. SUGA of BTS),6696395.0,0.0,0,7,1.1335355025922436,0.153023076861454,0.0,0.0,3.4,0.0
MAX,Lights Down Low,49569147.0,0.0,0,86,2.232296066684415,0.2296781086851007,0.0,0.0,6.7,
MAX,Love Me Less (feat. Quinn XCII),48559511.0,0.0,0,104,3.717280300994356,0.2580498276198874,0.0,0.0,11.2,
MC Bruninho,Jogo do Amor,503810.0,0.0,0,4,3.1846166905061186,1.9486493477110096,1.0,0.0,17.1,0.0
"MC Du Black, DJ 2F",Gaiola É o Troco,5297270.0,0.0,2,12,3.553905543803072,1.49078231860806,1.0,0.0,19.8,0.0
"MC Fioti, Future, J Balvin, Stefflon Don, Juan Magán",Bum Bum Tam Tam,89942513.0,0.0,0,100,3.630328516549603,0.1182775077501174,0.0,0.0,10.9,
MC G15,Deu Onda,10386524.0,0.0,0,21,1.0470232934890824,0.0766164498966735,0.0,0.0,3.1,
"MC Kekel, MC Rita",Amor de Verdade,2365282.0,0.0,0,4,2.6047617170496373,1.0222943474770665,0.0,0.0,7.8,0.0
MC Kevin o Chris,Ela É do Tipo,12730832.0,588008.0,2,24,2.1367222334710476,0.6184366893430034,1.0,4.6,11.0,
"MC Kevin o Chris, FP do Trem Bala",Vamos pra Gaiola,2038961.0,0.0,2,5,3.177918240408255,1.4413351338650022,2.0,0.0,37.5,0.0
"MC Kevin o Chris, Sodré",Evoluiu,587846.0,0.0,1,1,3.239840957404929,1.7144175616852104,1.0,0.0,79.7,0.0
MC Kevinho,Olha a Explosão,1514386.0,0.0,0,3,1.092356487847096,0.0880985667877098,0.0,0.0,3.3,0.0
"MC Kevinho, MC Kekel",O Bebê,2874511.0,0.0,1,9,2.241210485254941,1.107414368742168,0.0,0.0,11.2,0.0
"MC Kevinho, Simone & Simaria",Ta Tum Tum,6756022.0,0.0,0,12,1.1019414896867323,0.0839908771087002,0.0,0.0,3.3,0.0
"MC L da Vinte, MC Gury",Parado no Bailão,10932492.0,2788465.0,5,19,3.597125119040114,0.8184951810962592,1.0,25.5,22.9,
MC Loma e As Gêmeas Lacração,Envolvimento,1620450.0,0.0,2,5,2.839813135203638,1.4051609861583023,2.0,0.0,36.5,0.0
"MC MM, DJ RD",Só Quer Vrau,3719558.0,0.0,2,9,3.224561243745605,1.126484676512894,1.0,0.0,21.9,0.0
"MC Zaquin, MC Rick",Não Nasceu pra Namorar,8139949.0,0.0,0,10,1.1860170365152845,0.132130088939315,0.0,0.0,3.6,0.0
MEDUZA,Paradise (feat. Dermot Kennedy),45939816.0,0.0,0,41,1.357954478598352,0.1422227900348216,0.0,0.0,4.1,
"MEDUZA, Becky Hill, Goodboys",Lose Control,423546985.0,0.0,0,329,1.4011072393929644,0.0693106526327441,0.0,0.0,4.2,
"MEDUZA, Goodboys",Piece Of Your Heart,535163934.0,0.0,0,426,3.4980149300940653,0.0838624155688473,0.0,0.0,10.5,
MERO,Baller los,9014530.0,0.0,0,12,1.1773908082965217,0.1589962547767907,0.0,0.0,3.5,0.0
MERO,Hobby Hobby,11652884.0,0.0,0,15,1.087633048523076,0.1934758693784261,0.0,0.0,3.3,
MERO,Jay Jay,1254246.0,0.0,0,2,0.8576750739265886,0.2370881323397255,0.0,0.0,2.6,0.0
MERO,Olabilir,14095237.0,0.0,0,17,1.087848981297768,0.1163786635697548,0.0,0.0,3.3,
MERO,Wolke 10,21302679.0,0.0,0,22,1.1680734039300855,0.1422329245082077,0.0,0.0,3.5,
"MYA, TINI, Duki",2:50 Remix,14391157.0,0.0,0,14,1.0789911689118397,0.0869497220277428,0.0,0.0,3.2,
Mabel,Don't Call Me Up,465388888.0,0.0,0,308,1.5356441393424063,0.0783325096130944,0.0,0.0,4.6,
Mabel,Mad Love,110692867.0,0.0,0,107,1.3756110355955675,0.0926219289265453,0.0,0.0,4.1,
Mac Miller,2009,4025484.0,0.0,2,12,1.691362412220513,0.6664436685727967,0.0,0.0,11.7,0.0
Mac Miller,Best Day Ever,0.0,0.0,1,1,0.0,1.309120717814845,0.0,0.0,40.0,0.0
Mac Miller,Blue World,28445637.0,0.0,0,27,1.0204629251052162,0.2727777432725722,0.0,0.0,3.1,
Mac Miller,Circles,14371401.0,0.0,1,13,0.8303390823590643,0.5211300170451973,0.0,0.0,5.6,0.0
Mac Miller,Come Back to Earth,10202767.0,2263578.0,1,18,4.660272009684632,0.8221162754079354,0.0,22.2,16.2,
Mac Miller,Complicated,9826011.0,0.0,0,11,0.6854590073621476,0.5895484080822904,0.0,0.0,2.1,0.0
Mac Miller,Conversation Pt. 1,267202.0,0.0,0,1,1.0681244003837544,0.1289291131845923,0.0,0.0,3.2,0.0
Mac Miller,Donald Trump,2767319.0,0.0,1,6,0.9379452936076752,0.8174499822449697,0.0,0.0,9.5,0.0
Mac Miller,Dunno,738001.0,0.0,0,4,1.1389140724817473,0.2589842438300582,0.0,0.0,3.4,0.0
Mac Miller,Everybody,7782410.0,0.0,0,10,0.7207920124555843,0.5884584907022578,0.0,0.0,2.2,0.0
Mac Miller,Good News,110654266.0,0.0,0,62,1.6232151318167525,0.1963145619809431,0.0,0.0,4.9,
Mac Miller,Hand Me Downs,11720089.0,0.0,0,12,0.7594962644879409,0.5150641914567146,0.0,0.0,2.3,0.0
Mac Miller,Hands,3723359.0,0.0,0,6,0.6925809055313122,0.5967579846041889,0.0,0.0,2.1,0.0
Mac Miller,Hurt Feelings,11850491.0,2299954.0,1,19,4.025045282665083,0.7245754052196949,0.0,19.4,14.2,
Mac Miller,I Can See,11029314.0,0.0,0,11,0.7449276249022853,0.5620149463175733,0.0,0.0,2.2,0.0
Mac Miller,Jet Fuel,1055622.0,0.0,0,4,1.251474864101808,0.2143630370862057,0.0,0.0,3.8,0.0
Mac Miller,Ladders,15338978.0,2652865.0,1,27,4.007764075691915,0.5608269409380884,0.0,17.3,13.5,
Mac Miller,Once A Day,4690195.0,0.0,0,6,0.7499185769041141,0.4754103015478536,0.0,0.0,2.2,0.0
Mac Miller,Perfecto,2148933.0,0.0,0,6,2.455403508453295,0.6657629680064837,1.0,0.0,12.4,0.0
Mac Miller,Programs,0.0,0.0,1,1,0.0,0.9576557628937326,0.0,0.0,40.0,0.0
Mac Miller,Self Care,76577086.0,12164691.0,5,107,3.8610088092539,0.2545790273692733,0.0,15.9,13.5,
Mac Miller,Small Worlds,1076523.0,0.0,0,4,1.1855554525872298,0.1757279904606913,0.0,0.0,3.6,0.0
Mac Miller,So It Goes,477124.0,0.0,0,2,0.5212899604493886,0.8909232378499528,0.0,0.0,1.6,0.0
Mac Miller,Surf,7068372.0,0.0,0,10,0.7642798140853614,0.5399295530761645,0.0,0.0,2.3,0.0
Mac Miller,That's On Me,4858207.0,0.0,0,6,0.728186983724895,0.4963397428602361,0.0,0.0,2.2,0.0
Mac Miller,The Spins,3859846.0,0.0,0,14,1.071002002959827,0.0543592906061466,0.0,0.0,3.2,
Mac Miller,Weekend (feat. Miguel),3203975.0,0.0,0,7,0.9475243333358434,0.7242624256819782,0.0,0.0,2.8,0.0
Mac Miller,What's the Use?,7445845.0,1851078.0,1,15,4.127737533209733,1.0339152830470792,0.0,24.9,15.0,
Mac Miller,Wings,3209353.0,0.0,1,9,2.823781679831715,0.8287144347645873,1.0,0.0,16.2,0.0
Mac Miller,Woods,9242737.0,0.0,0,11,0.7452149573678234,0.5381818177733999,0.0,0.0,2.2,0.0
"Mac Miller, 88-Keys",That's Life (feat. Mac Miller & Sia),941549.0,0.0,0,4,0.3192044455441233,0.9685072244268648,0.0,0.0,1.0,0.0
Machine Gun Kelly,At My Best (feat. Hailee Steinfeld),53719066.0,0.0,0,64,1.3717617921741885,0.1044010453928542,0.0,0.0,4.1,
Machine Gun Kelly,Bad Things (with Camila Cabello),231834235.0,2441335.0,1,157,1.4667486395464826,0.114043185648473,0.0,1.1,4.7,
Machine Gun Kelly,Bad Things - With Camila Cabello,6007598.0,0.0,0,9,1.0194915400519653,0.0352612222759661,0.0,0.0,3.1,0.0
Machine Gun Kelly,Candy (feat. Trippie Redd),1067733.0,0.0,0,5,0.9442408494494516,0.0761925528355389,0.0,0.0,2.8,0.0
Machine Gun Kelly,"Home (with Machine Gun Kelly, X Ambassadors & Bebe Rexha)",12722938.0,0.0,0,21,3.493417938272269,0.2840266027601955,0.0,0.0,10.5,
Machine Gun Kelly,I Think I'm OKAY (with YUNGBLUD & Travis Barker),62155497.0,1233862.0,2,62,3.013211780844374,0.2299133679921592,0.0,2.0,10.3,
Machine Gun Kelly,RAP DEVIL,32910284.0,0.0,0,33,1.2796121177683155,0.2127792243185452,0.0,0.0,3.8,
Machine Gun Kelly,Trap Paris (feat. Quavo & Ty Dolla $ign),10084680.0,0.0,0,52,1.2163024412534933,0.0752204269220765,0.0,0.0,3.6,
Machine Gun Kelly,bloody valentine,7495437.0,1197080.0,1,22,3.307187599213841,0.5689290327942575,1.0,16.0,13.1,
Machine Gun Kelly,drunk face,1674845.0,0.0,0,7,0.9566353901405802,0.1358752766540027,0.0,0.0,2.9,0.0
Machine Gun Kelly,forget me too (feat. Halsey),13530479.0,219384.0,1,19,1.0110641067360886,0.3200633163854664,0.0,1.6,5.1,
Machine Gun Kelly,my ex's best friend (with blackbear),117732198.0,0.0,0,87,1.331336022290168,0.1187900503076222,0.0,0.0,4.0,
Macklemore,Glorious (feat. Skylar Grey),124847483.0,0.0,0,94,1.5128159432579986,0.1184519106327369,0.0,0.0,4.5,
Macklemore,Marmalade (feat. Lil Yachty),22512641.0,788865.0,2,31,2.009964130497967,0.334253128772965,0.0,3.5,8.6,
Macklemore & Ryan Lewis,Can't Hold Us - feat. Ray Dalton,12920033.0,0.0,0,16,1.4923802448556929,0.2497702556884204,0.0,0.0,4.5,
Maddie & Tae,Die From A Broken Heart,13561106.0,0.0,0,55,3.5551696691585772,0.145093080972525,0.0,0.0,10.7,
MadeinTYO,Ned Flanders (feat. A$AP Ferg),28368882.0,0.0,0,111,1.2730953222877035,0.0729510900013876,0.0,0.0,3.8,
MadeinTYO,Skateboard P,6522352.0,0.0,0,40,1.1350648856603187,0.0655110708645899,0.0,0.0,3.4,
MadeinTYO,Skateboard P (feat. Big Sean),23714265.0,0.0,0,130,1.1994941670689794,0.0549443572375249,0.0,0.0,3.6,
MadeinTYO,Uber Everywhere,1458873.0,0.0,0,10,0.979514790107038,0.077963611614181,0.0,0.0,2.9,0.0
Madison Beer,Home With You,18130504.0,998250.0,2,27,2.0288459313509977,0.384910930582967,0.0,5.5,9.0,
Madison Beer,Hurts Like Hell (feat. Offset),13324576.0,2592966.0,6,32,2.422272674151795,0.5568185502502145,0.0,19.5,14.8,
Madison Beer,Reckless,17900388.0,0.0,0,14,1.1392652427611267,0.0968492223136261,0.0,0.0,3.4,
Madison Beer,Selfish,88241425.0,1100586.0,1,77,2.4772364709397627,0.0920585005671834,0.0,1.2,8.0,
"Maes, Booba",Blanche,793146.0,0.0,0,1,0.8831823155531735,0.1728297841033651,0.0,0.0,2.6,0.0
Maggie Lindemann,Pretty Girl - Cheat Codes X CADE Remix,287138381.0,0.0,0,161,1.991567257910734,0.0945115389023779,0.0,0.0,6.0,
Maggie Rogers,Love You For A Long Time,443788.0,0.0,0,2,0.4564930710291907,1.0326291039801614,0.0,0.0,1.4,0.0
Mahmood,Soldi,42686288.0,0.0,0,46,3.566747813872793,0.2124793249969334,0.0,0.0,10.7,
Maite Perroni,Loca (feat. Cali y El Dandee),9313669.0,0.0,0,21,1.0989156330223184,0.0561421465504662,0.0,0.0,3.3,
"Majestic, Boney M.",Rasputin,21083385.0,0.0,0,14,1.0743887256297877,0.0797645997065932,0.0,0.0,3.2,
Major Lazer,Cold Water (feat. Justin Bieber & MØ),228412100.0,1561840.0,1,237,1.214288653144,0.0767928845361276,0.0,0.7,3.8,
Major Lazer,"Know No Better (feat. Travis Scott, Camila Cabello & Quavo)",173318050.0,0.0,0,88,1.1279275103983282,0.0675041631850475,0.0,0.0,3.4,
Major Lazer,Lean On (feat. MØ & DJ Snake),88667488.0,0.0,0,188,1.114346600744038,0.0595421929400312,0.0,0.0,3.3,
Major Lazer,Light It Up (feat. Nyla & Fuse ODG) - Remix,51846542.0,0.0,0,101,1.4921220147404348,0.0806792505480074,0.0,0.0,4.5,
Major Lazer,Run Up (feat. PARTYNEXTDOOR & Nicki Minaj),216104084.0,0.0,0,143,1.2289335590630204,0.0903977695339797,0.0,0.0,3.7,
Major Lazer,Sua Cara (feat. Anitta & Pabllo Vittar),5660970.0,0.0,0,11,1.4251994808603,0.0811415139725408,0.0,0.0,4.3,0.0
Major Lazer,Sua cara (feat. Anitta & Pabllo Vittar),18229382.0,0.0,0,28,1.1289307053788196,0.0772944854517473,0.0,0.0,3.4,
"Major Lazer, Diplo",Que Calor (with J Balvin & El Alfa),132188111.0,0.0,0,157,1.3243170188103697,0.0877990038459844,0.0,0.0,4.0,
"Major Lazer, Khalid, Death Stranding: Timefall, Diplo",Trigger,48165718.0,0.0,0,39,1.0588725242148913,0.1269007116685142,0.0,0.0,3.2,
"Major Lazer, MC Lan, Anitta",Rave de Favela (feat. BEAM),634167.0,0.0,0,1,0.8676019585676389,0.1147457685838392,0.0,0.0,2.6,0.0
Maluma,11 PM,297572211.0,0.0,0,248,1.194177274605487,0.0657789093097583,0.0,0.0,3.6,
Maluma,ADMV,8506486.0,0.0,0,12,1.0876420495234669,0.0754591117497807,0.0,0.0,3.3,0.0
Maluma,Borro Cassette,25581779.0,0.0,0,58,1.129851590386908,0.062774378382455,0.0,0.0,3.4,
Maluma,Corazón (feat. Nego do Borel),31575463.0,0.0,0,47,1.1082565590757536,0.0691355669677151,0.0,0.0,3.3,
Maluma,"Cuatro Babys (feat. Trap Capos, Noriel, Bryant Myers & Juhn)",15770240.0,0.0,0,37,1.0990257361590008,0.0518684366733048,0.0,0.0,3.3,
Maluma,El Préstamo,149974867.0,0.0,0,165,1.242520890442279,0.0743462444927906,0.0,0.0,3.7,
Maluma,Felices los 4,312331578.0,0.0,0,173,1.368130449423098,0.0874328633367441,0.0,0.0,4.1,
Maluma,HP,303428893.0,0.0,0,215,1.3015694687691413,0.0704612478170844,0.0,0.0,3.9,
Maluma,Hawái,267141231.0,18716950.0,3,93,1.994428282372148,0.1296419046480995,0.0,7.0,7.3,
Maluma,Madrid (feat. Myke Towers),27385340.0,0.0,0,35,1.106168548806632,0.0597974819277955,0.0,0.0,3.3,
Maluma,Mala Mía,151962853.0,0.0,0,157,1.174929106563476,0.0720138417388239,0.0,0.0,3.5,
Maluma,Marinero,0.0,0.0,0,1,0.0,0.8662470583883568,0.0,0.0,0.0,0.0
Maluma,Sobrio,5124808.0,0.0,0,6,1.0327370627757937,0.2488828838743544,0.0,0.0,3.1,0.0
"Maluma, Beéle, Rauw Alejandro, Mambo Kingz, DJ Luian, Darell",Aloha,8123456.0,0.0,0,11,1.0744431636772274,0.0577140715926355,0.0,0.0,3.2,0.0
"Maluma, J Balvin",Qué Pena,58725868.0,0.0,0,66,1.156606194025467,0.0827398881028781,0.0,0.0,3.5,
"Maluma, Lenny Tavárez",Parce (feat. Justin Quiles),63666095.0,0.0,0,57,1.237638421617318,0.085725675816446,0.0,0.0,3.7,
"Maluma, Nego do Borel",Corazón,131583807.0,2135487.0,1,105,3.637824110824845,0.116971690620158,0.0,1.6,11.3,
"Maluma, The Weeknd",Hawái - Remix,33840504.0,0.0,0,22,1.1775950877679373,0.1960874217430828,0.0,0.0,3.5,
"Mambo Kingz, DJ Luian, Anuel AA, KAROL G, Arcangel",Tú No Amas,1910050.0,0.0,0,3,0.9736958441338648,0.0735336580688656,0.0,0.0,2.9,0.0
Manuel Turizo,Culpables,23650781.0,0.0,0,41,1.2149280664507307,0.1201391272973432,0.0,0.0,3.6,
Manuel Turizo,Esperándote,77317127.0,0.0,0,107,1.1455213856057167,0.0654642595643934,0.0,0.0,3.4,
Manuel Turizo,Quiéreme Mientras Se Pueda,28305249.0,0.0,0,37,1.1217951717567698,0.0639743661082737,0.0,0.0,3.4,
Manuel Turizo,Sola,65247804.0,0.0,0,93,1.1138600458691592,0.0636852206565447,0.0,0.0,3.3,
Manuel Turizo,Una Lady Como Tú,111464514.0,631115.0,1,115,2.393627174072232,0.1045950850990676,0.0,0.6,7.5,
"Manuel Turizo, Anuel AA",Te Quemaste,56016527.0,0.0,0,75,1.1819028297478518,0.0743468063628174,0.0,0.0,3.5,
"Manuel Turizo, Ozuna",Esclavo de Tus Besos,103844790.0,0.0,0,110,1.2516316935208716,0.0719067507493032,0.0,0.0,3.8,
"Manuel Turizo, Rauw Alejandro, Myke Towers",La Nota,50207083.0,0.0,0,30,1.767598089281281,0.1260659260520641,0.0,0.0,5.3,
"Marc Anthony, Will Smith, Bad Bunny",Está Rico,33879187.0,0.0,0,53,1.1172303452543926,0.0656452207445826,0.0,0.0,3.4,
"Marc E. Bassy, G-Eazy",You & Me,11147803.0,0.0,0,29,1.721551446204325,0.3986654993308969,0.0,0.0,5.2,
"Marc Seguí, Rauw Alejandro, Pol Granch",Tiroteo - Remix,16990716.0,0.0,0,14,1.1792443755382598,0.0898988053946796,0.0,0.0,3.5,
Maren Morris,GIRL,417879.0,0.0,0,3,2.139993428022852,1.6150574677380742,0.0,0.0,6.4,0.0
Maren Morris,The Bones,84472342.0,834540.0,1,183,2.510199951272271,0.15093107661081,0.0,1.0,7.7,
Mari Fernandez,"Não, Não Vou",13142455.0,0.0,0,14,1.322894339310311,0.1948682736772567,0.0,0.0,4.0,
Mariah Carey,All I Want for Christmas Is You,446539786.0,93351430.0,21,137,3.6684186456861023,0.2937987992682414,0.0,20.9,17.1,
Mariah Carey,Christmas (Baby Please Come Home),65459769.0,4960074.0,7,60,2.447140205896568,0.5462840738165388,1.0,7.6,12.5,
Mariah Carey,O Holy Night,3452191.0,0.0,0,2,1.2446930778708372,0.2439023343084305,0.0,0.0,3.7,0.0
Mariah Carey,Silent Night,1297202.0,0.0,1,1,1.5309686678279917,0.6116170706597058,0.0,0.0,44.6,0.0
Marian Hill,Down,62597620.0,744097.0,1,100,1.9993051578702077,0.1251115463486354,0.0,1.2,6.4,
Mark Ronson,Find U Again (feat. Camila Cabello),86423903.0,0.0,0,69,1.2337063717920755,0.1056708060803693,0.0,0.0,3.7,
Mark Ronson,Nothing Breaks Like a Heart (feat. Miley Cyrus),251505739.0,0.0,0,170,1.1863764308500655,0.0763986460424128,0.0,0.0,3.6,
Mark Ronson,Uptown Funk (feat. Bruno Mars),5064569.0,0.0,1,8,2.236846151081146,0.4758311921602322,0.0,0.0,11.7,0.0
Maroon 5,Beautiful Mistakes (feat. Megan Thee Stallion),26753402.0,0.0,0,14,1.0431262684577736,0.0637750094555583,0.0,0.0,3.1,
Maroon 5,Girls Like You (feat. Cardi B),1262445533.0,0.0,0,708,1.6566350691676657,0.0612340251954084,0.0,0.0,5.0,
Maroon 5,Memories,1064351900.0,6035829.0,1,399,1.203758419233987,0.0550906132336383,0.0,0.6,3.7,
Maroon 5,Nobody's Love,40563082.0,0.0,0,37,1.0284462672132904,0.0822977314724393,0.0,0.0,3.1,
Maroon 5,She Will Be Loved - Radio Mix,1149455.0,0.0,0,2,1.3161082326830762,0.5308167262524689,0.0,0.0,3.9,0.0
Maroon 5,Wait,56873598.0,2510173.0,4,73,3.1219633530859237,0.2896057263233392,1.0,4.4,12.0,
Maroon 5,Wait (feat. A Boogie Wit da Hoodie),11687478.0,0.0,0,33,2.5867198937611904,0.2717801065080533,1.0,0.0,8.7,
Maroon 5,What Lovers Do (feat. SZA),233283738.0,0.0,1,277,3.523155562873266,0.0841293005557643,0.0,0.0,10.7,
"Maroon 5, Future",Cold,269552562.0,2639712.0,1,176,1.5587562815476093,0.0837975215786778,0.0,1.0,4.9,
"Maroon 5, Kendrick Lamar",Don't Wanna Know,268343040.0,2349933.0,2,198,1.4114558823945795,0.073913251937799,0.0,0.9,4.6,
"Maroon 5, SZA",What Lovers Do,31038675.0,0.0,0,48,1.5544333010648597,0.1009879757306174,0.0,0.0,4.7,
Marracash,SUPREME - L'ego (feat. tha Supreme & Sfera Ebbasta),8628108.0,0.0,0,12,0.9969891350370272,0.1362871070237185,0.0,0.0,3.0,0.0
Marshmello,Alone,15629114.0,0.0,0,17,1.2779847346000368,0.2035646755836087,0.0,0.0,3.8,
Marshmello,Be Kind (with Halsey),250568916.0,0.0,0,147,1.1093228822167418,0.0733723833836609,0.0,0.0,3.3,
Marshmello,Leave Before You Love Me (with Jonas Brothers),24463739.0,0.0,0,14,1.10109588635545,0.0610691871097887,0.0,0.0,3.3,
Marshmello,Light It Up (with Tyga & Chris Brown),28218473.0,0.0,0,26,1.2437781478840373,0.1641650053363168,0.0,0.0,3.7,
Marshmello,Proud,432296.0,0.0,0,2,0.4864468450870413,0.991377594270312,0.0,0.0,1.5,0.0
Marshmello,Tongue Tied (with YUNGBLUD & blackbear),13462038.0,0.0,0,13,0.9317679102802982,0.1735469358695373,0.0,0.0,2.8,0.0
"Marshmello, A Day To Remember",Rescue Me,5071359.0,0.0,0,20,1.1874825184825042,0.1354608765748104,0.0,0.0,3.6,
"Marshmello, Anne-Marie",FRIENDS,803283104.0,0.0,0,466,1.7042672218369703,0.063087631873767,0.0,0.0,5.1,
"Marshmello, Bastille",Happier,1571935909.0,0.0,0,760,1.3079460263753289,0.0593793714306732,0.0,0.0,3.9,
"Marshmello, CHVRCHES",Here With Me,330313013.0,0.0,0,205,1.3283573901087768,0.0780196538033838,0.0,0.0,4.0,
"Marshmello, Demi Lovato",OK Not To Be OK,17215602.0,0.0,0,17,1.002202999342006,0.1911121990821681,0.0,0.0,3.0,
"Marshmello, Juicy J, James Arthur",You Can Cry,5415671.0,0.0,0,9,1.690404360074501,0.6896263632209292,0.0,0.0,5.1,0.0
"Marshmello, Kane Brown",One Thing Right,272385036.0,0.0,0,236,2.944054849886703,0.1353797624509861,2.0,0.0,9.1,
"Marshmello, Khalid",Silence,368835048.0,0.0,0,344,3.5472413942648244,0.1424677753848521,0.0,0.0,10.6,
"Marshmello, Leah Culver",Fly,0.0,0.0,0,1,0.0,0.8833141849387544,0.0,0.0,0.0,0.0
"Marshmello, Lil Peep",Spotlight,5596759.0,0.0,0,8,3.4530334098359488,0.687060636957357,0.0,0.0,10.4,0.0
"Marshmello, Roddy Ricch",Project Dreams,50463800.0,0.0,0,126,1.6966581183421954,0.1468679116604312,0.0,0.0,5.1,
Martin Garrix,High On Life (feat. Bonn),72944070.0,0.0,0,89,1.292763273019984,0.1034596551606615,0.0,0.0,3.9,
Martin Garrix,No Sleep (feat. Bonn),33648446.0,0.0,0,40,1.3347287191054005,0.1598895475053166,0.0,0.0,4.0,
Martin Garrix,Ocean (feat. Khalid),271750338.0,0.0,0,170,1.208997593884892,0.0772242012367897,0.0,0.0,3.6,
Martin Garrix,Summer Days (feat. Macklemore & Patrick Stump of Fall Out Boy),287672364.0,0.0,0,164,1.6464719234767344,0.0944469262414318,0.0,0.0,4.9,
Martin Garrix,Used To Love (with Dean Lewis),26957929.0,0.0,0,32,1.193841088145382,0.1293342584669747,0.0,0.0,3.6,
"Martin Garrix, Bebe Rexha",In the Name of Love,241587573.0,0.0,0,237,1.2009537334298488,0.074155183333744,0.0,0.0,3.6,
"Martin Garrix, David Guetta",So Far Away (feat. Jamie Scott & Romy Dya),68223094.0,0.0,0,77,3.5109561558273996,0.1322431226964556,0.0,0.0,10.5,
"Martin Garrix, Dua Lipa",Scared to Be Lonely,456434522.0,611696.0,1,248,1.2951808319499791,0.0779394711346413,0.0,0.1,4.0,
"Martin Garrix, Justin Mylo",Burn Out (feat. Dewain Whitmore),3075890.0,0.0,0,5,0.953218851124204,0.3239768201158053,0.0,0.0,2.9,0.0
"Martin Garrix, Troye Sivan",There for You,222184297.0,0.0,0,93,1.192598778183097,0.0658786155256207,0.0,0.0,3.6,
Martin Jensen,Solo Dance,319044621.0,0.0,0,238,1.2259435261530487,0.0813672382715869,0.0,0.0,3.7,
"Martin Jensen, James Arthur",Nobody,657041.0,0.0,0,2,3.488568615612399,1.7078378803376917,1.0,0.0,25.5,0.0
"Martin Solveig, Ina Wroldsen",Places,855747.0,0.0,0,2,0.9987327280898092,0.1152836100244696,0.0,0.0,3.0,0.0
"Marvin Gaye, Tammi Terrell",Ain't No Mountain High Enough,2660420.0,0.0,1,7,1.717698526074256,0.8620107684952117,0.0,0.0,10.9,0.0
Marília Mendonça,Bebi Liguei - Ao Vivo,1329406.0,0.0,0,2,1.0584717251910667,0.087001653638099,0.0,0.0,3.2,0.0
Marília Mendonça,Ciumeira - Ao Vivo,11745665.0,1761677.0,5,25,3.326192161608781,0.774806131068356,1.0,15.0,19.2,
Marília Mendonça,Supera - Ao Vivo,12225059.0,0.0,0,20,3.2469925531310633,0.5665632523405596,1.0,0.0,11.2,
Marília Mendonça,Todo Mundo Vai Sofrer - Ao Vivo,12868311.0,1239192.0,3,24,3.172801820960705,0.5824499037005766,2.0,9.6,17.0,
Masked Wolf,Astronaut In The Ocean,40071474.0,0.0,0,14,1.0440991529183965,0.0512066084171244,0.0,0.0,3.1,
Mason Ramsey,Famous,18589885.0,0.0,0,17,1.1880109722723398,0.2921490488161082,0.0,0.0,3.6,
Master KG,Jerusalema (feat. Nomcebo Zikode),25521791.0,0.0,0,29,1.378314033367777,0.1192692315574504,0.0,0.0,4.1,
"Matheus & Kauan, Anitta",Ao Vivo E A Cores,31646319.0,0.0,0,56,2.4056726166510085,0.3050911802334883,0.0,0.0,7.2,
"Matheus Fernandes, Dilsinho",Baby Me Atende,8708693.0,0.0,0,10,1.2812632414102467,0.1851515862147182,0.0,0.0,3.8,0.0
Matt Maltese,As the World Caves In,1438370.0,0.0,0,7,1.0032016507149224,0.0320764864130717,0.0,0.0,3.0,0.0
Matt Terry,Sucker for You,202177.0,0.0,0,1,3.498304288715857,1.7078254082738042,0.0,0.0,10.5,0.0
Matthew Wilder,Break My Stride,21107664.0,0.0,0,21,2.0017000073364306,0.2454529183057051,0.0,0.0,6.0,
Matuê,777-666,644849.0,0.0,0,1,0.912635818800077,0.1054118097227501,0.0,0.0,2.7,0.0
Matuê,Máquina do Tempo,1997435.0,0.0,0,3,0.913836780616902,0.1653045146733992,0.0,0.0,2.7,0.0
"Mau y Ricky, Camilo",La Boca,41294918.0,0.0,0,53,1.1399458666862543,0.069051243345407,0.0,0.0,3.4,
"Mau y Ricky, Camilo, Lunay",La Boca - Remix,46984638.0,0.0,0,66,1.1396708707722747,0.064936714242264,0.0,0.0,3.4,
"Mau y Ricky, KAROL G, Becky G, Leslie Grace, Lali",Mi Mala - Remix,0.0,0.0,0,1,0.0,2.6457513110645907,0.0,0.0,0.0,0.0
"Mau y Ricky, Manuel Turizo, Camilo",Desconocidos,320017990.0,0.0,0,299,3.2733415986010166,0.0788439446836583,0.0,0.0,9.8,
"Mc Davi, Mc Pedrinho, Mc Don Juan",Bipolar,10265309.0,0.0,0,12,1.271168486174914,0.1699711997614411,0.0,0.0,3.8,0.0
Mc Livinho,Fazer Falta,1366954.0,0.0,0,3,1.037327733675682,0.0253080250859053,0.0,0.0,3.1,0.0
"Mc Zaac, Anitta, Tyga",Desce Pro Play (PA PA PA),35821150.0,0.0,0,46,1.282979002702229,0.1109739433670493,0.0,0.0,3.8,
Meek Mill,1 AM,0.0,0.0,0,1,0.0,0.8660853068696582,0.0,0.0,0.0,0.0
Meek Mill,1942 Flows,1484317.0,0.0,0,8,1.0195032746448924,0.1555436741613423,0.0,0.0,3.1,0.0
Meek Mill,24/7 (feat. Ella Mai),1517748.0,0.0,0,6,0.9491774272484282,0.2174425284510434,0.0,0.0,2.8,0.0
Meek Mill,Almost Slipped,1155148.0,0.0,0,4,0.8497592240778538,0.249295221200094,0.0,0.0,2.5,0.0
Meek Mill,Championships,1198216.0,0.0,0,4,0.8587414678903733,0.2391478440440776,0.0,0.0,2.6,0.0
Meek Mill,Dangerous (feat. Jeremih and PnB Rock),2891450.0,0.0,3,12,2.1922120770289086,0.5756608192975835,0.0,0.0,16.6,0.0
Meek Mill,Dreams and Nightmares,1371477.0,0.0,0,6,1.0194436045110722,0.2035608453720994,0.0,0.0,3.1,0.0
Meek Mill,Fuck That Check Up (feat. Lil Uzi Vert),781218.0,0.0,0,4,0.9146761173387352,0.1335681522963513,0.0,0.0,2.7,0.0
Meek Mill,Going Bad (feat. Drake),851846651.0,4061745.0,1,594,3.0346756569549034,0.1296119407193192,1.0,0.5,9.2,
Meek Mill,Intro,1633809.0,0.0,0,5,0.4479768225712085,0.729055692481354,0.0,0.0,1.3,0.0
Meek Mill,Issues,334450.0,0.0,0,2,1.0175478406600842,0.1724852689258718,0.0,0.0,3.1,0.0
Meek Mill,Letter To Nipsey (feat. Roddy Ricch),1778147.0,0.0,0,6,1.2685273939874837,0.1629772712275288,0.0,0.0,3.8,0.0
Meek Mill,Millidelphia (feat. Swizz Beatz),4245180.0,0.0,0,14,1.3920057919407804,0.4173596508132592,0.0,0.0,4.2,
Meek Mill,On Me (feat. Cardi B),11002385.0,0.0,0,17,0.9870549491518402,0.2962515359447335,0.0,0.0,3.0,
Meek Mill,Oodles O' Noodles Babies,820907.0,0.0,0,3,0.852574121581598,0.2553013766818178,0.0,0.0,2.6,0.0
Meek Mill,Otherside Of America,1457723.0,0.0,0,6,1.0192768983461842,0.2264053316053434,0.0,0.0,3.1,0.0
Meek Mill,Pay You Back (feat. 21 Savage),1226616.0,0.0,0,4,0.896233471781721,0.2187231412048546,0.0,0.0,2.7,0.0
Meek Mill,Respect the Game,1598435.0,0.0,0,5,0.4679754065550262,0.6939292992944,0.0,0.0,1.4,0.0
Meek Mill,"Splash Warning (feat. Future, Roddy Ricch and Young Thug)",1150462.0,0.0,0,4,0.5718040944560903,0.775665909609348,0.0,0.0,1.7,0.0
Meek Mill,Stay Woke (feat. Miguel),2490178.0,0.0,0,10,1.3923084456846142,0.1859657655573177,0.0,0.0,4.2,0.0
Meek Mill,Tic Tac Toe (feat. Kodak Black),1627522.0,0.0,0,5,0.4943432133396901,0.6801791185915983,0.0,0.0,1.5,0.0
Meek Mill,Trauma,1208313.0,0.0,0,4,0.556352269592102,0.8148909605602508,0.0,0.0,1.7,0.0
Meek Mill,Uptown Vibes (feat. Fabolous & Anuel AA),16322598.0,2858314.0,2,28,4.260176489560375,0.3734100152124074,0.0,17.5,15.6,
Meek Mill,Whatever You Need (feat. Chris Brown & Ty Dolla $ign),4826673.0,0.0,0,26,1.065669267708936,0.0752886247582439,0.0,0.0,3.2,
Meek Mill,Wins & Losses,327891.0,0.0,0,2,0.8590912125211175,0.2261281212166739,0.0,0.0,2.6,0.0
"Meek Mill, JAY-Z",What's Free (feat. Rick Ross & Jay Z),5235527.0,0.0,0,7,0.8360374621558204,0.4313165797132561,0.0,0.0,2.5,0.0
"Meek Mill, Sound M.O.B.",Litty (feat. Tory Lanez),15903664.0,0.0,0,74,1.1268144403396203,0.0657680657564029,0.0,0.0,3.4,
Megan Thee Stallion,B.I.T.C.H.,6036664.0,0.0,0,17,1.2446800357093124,0.3102357920672326,0.0,0.0,3.7,
Megan Thee Stallion,Body,31073999.0,0.0,0,17,1.0515222877852275,0.0930377196495756,0.0,0.0,3.2,
Megan Thee Stallion,Captain Hook,21873264.0,0.0,0,94,1.169733869717165,0.068183556766439,0.0,0.0,3.5,
Megan Thee Stallion,Cash Shit (feat. DaBaby),66024602.0,0.0,0,226,3.31927689406071,0.0812965814419899,0.0,0.0,10.0,
Megan Thee Stallion,Cry Baby (feat. DaBaby),7039601.0,0.0,0,8,2.147815948963821,0.3984171549110268,0.0,0.0,6.4,0.0
Megan Thee Stallion,Diamonds (with Normani),2765437.0,0.0,0,5,0.92363114330582,0.3599211994453185,0.0,0.0,2.8,0.0
Megan Thee Stallion,Don’t Stop (feat. Young Thug),2686450.0,0.0,0,9,0.7785977337611569,0.5314063975007923,0.0,0.0,2.3,0.0
Megan Thee Stallion,Girls in the Hood,31505207.0,0.0,0,97,1.2772729363763191,0.1015875102705803,0.0,0.0,3.8,
Megan Thee Stallion,Hot Girl Summer (feat. Nicki Minaj & Ty Dolla $ign),103677743.0,0.0,0,105,1.0754564375752331,0.0945092989716399,0.0,0.0,3.2,
Megan Thee Stallion,Savage,248476764.0,14436761.0,7,138,2.2418667231825458,0.1088651808064986,0.0,5.8,8.8,
Megan Thee Stallion,Savage Remix (feat. Beyoncé),751080.0,0.0,0,3,1.2405982012131354,0.2342906135045679,0.0,0.0,3.7,0.0
Megan Thee Stallion,Thot Shit,31706822.0,0.0,0,14,1.0536405551282948,0.0528009659932292,0.0,0.0,3.2,
Meghan Trainor,I'll Be Home,31507222.0,0.0,0,28,2.221306039958822,0.2926984376278881,0.0,0.0,6.7,
Mel & Kim,Rockin' Around The Christmas Tree,886213.0,0.0,0,1,0.9648565256964676,0.1333440055823394,0.0,0.0,2.9,0.0
Melanie Martinez,Class Fight,234966.0,0.0,0,1,0.9873668787828276,0.0699300874922426,0.0,0.0,3.0,0.0
Melanie Martinez,Drama Club,220159.0,0.0,0,1,0.9837134278207718,0.0685368782397239,0.0,0.0,3.0,0.0
Melanie Martinez,High School Sweethearts,230650.0,0.0,1,2,1.0035911433933695,0.3748482805988991,0.0,0.0,23.0,0.0
Melanie Martinez,Lunchbox Friends,708276.0,0.0,0,3,1.0087135928252482,0.0692421228685533,0.0,0.0,3.0,0.0
Melanie Martinez,Nurse's Office,987996.0,0.0,0,4,1.103676141055938,0.0808076833910317,0.0,0.0,3.3,0.0
Melanie Martinez,Play Date,214956196.0,0.0,0,138,1.9898714943095777,0.0763542860515241,0.0,0.0,6.0,
Melanie Martinez,Show & Tell,4140561.0,0.0,0,12,1.4247655244967952,0.4837878791229659,0.0,0.0,4.3,0.0
Melanie Martinez,Strawberry Shortcake,1313765.0,0.0,0,5,1.0729516862440966,0.0883178424771927,0.0,0.0,3.2,0.0
Melanie Martinez,The Principal,480743.0,0.0,0,2,1.007368088108871,0.0744619683068756,0.0,0.0,3.0,0.0
Melanie Martinez,Wheels on the Bus,1966226.0,0.0,0,5,2.247490535143269,0.6319922766109188,1.0,0.0,12.7,0.0
Metro Boomin,10 Freaky Girls (with 21 Savage),119790394.0,0.0,0,155,2.222921300295248,0.1875471681313532,1.0,0.0,6.9,
Metro Boomin,10AM/Save The World (feat. Gucci Mane),1378066.0,0.0,0,5,0.3886957834098181,0.8995266199103197,0.0,0.0,1.2,0.0
Metro Boomin,Borrowed Love (feat. Swae Lee & WizKid),2732267.0,0.0,1,5,1.0694818899092071,0.5423485537261307,0.0,0.0,11.2,0.0
Metro Boomin,Don't Come Out The House (with 21 Savage),61122176.0,0.0,0,100,1.5816836880651977,0.1725944070717959,0.0,0.0,4.7,
Metro Boomin,Dreamcatcher (feat. Swae Lee & Travis Scott),9528510.0,0.0,0,17,0.9478544951560676,0.3403052031467276,0.0,0.0,2.8,
Metro Boomin,Lesbian (feat. Gunna & Young Thug),1582947.0,0.0,0,5,0.469248785433137,0.7719142210349885,0.0,0.0,1.4,0.0
Metro Boomin,No Complaints (feat. Offset & Drake) (Bonus),1309312.0,0.0,0,5,0.6004501005568762,0.8392760712372203,0.0,0.0,1.8,0.0
Metro Boomin,"No More (feat. Travis Scott, Kodak Black & 21 Savage)",8920954.0,0.0,0,12,0.967643648680419,0.4455015701365576,0.0,0.0,2.9,0.0
Metro Boomin,Only 1 (Interlude) (with Travis Scott),1060503.0,0.0,0,4,0.5339748204596935,0.9607501234724432,0.0,0.0,1.6,0.0
Metro Boomin,"Only You (feat. WizKid, Offset & J Balvin)",1324180.0,0.0,0,5,0.4478922361166274,0.8150835893932357,0.0,0.0,1.3,0.0
Metro Boomin,Overdue (with Travis Scott),10606375.0,0.0,0,18,0.940132010978464,0.3389776537706965,0.0,0.0,2.8,
Metro Boomin,Space Cadet (feat. Gunna),183135969.0,0.0,0,239,2.2108607411966497,0.1715016224201368,0.0,0.0,6.6,
Metro Boomin,Up To Something (feat. Travis Scott & Young Thug),2201119.0,0.0,1,5,0.9347823811467728,0.701395175217099,0.0,0.0,10.8,0.0
"Metro Boomin, Offset, Drake",No Complaints,63542661.0,0.0,0,67,1.616775083353264,0.0991732132701509,0.0,0.0,4.9,
MiC LOWRY,Oh Lord,14623147.0,0.0,0,23,1.243053727750732,0.0992727289932968,0.0,0.0,3.7,
Michael Bublé,All I Want for Christmas Is You,3380497.0,0.0,0,2,1.3370873801847074,0.2826910756910036,0.0,0.0,4.0,0.0
Michael Bublé,Christmas (Baby Please Come Home),2783665.0,0.0,0,2,1.1834718741843129,0.1618203585546923,0.0,0.0,3.6,0.0
Michael Bublé,Cold December Night,4218375.0,0.0,0,3,1.3035628046718577,0.2810764783942405,0.0,0.0,3.9,0.0
Michael Bublé,Have Yourself a Merry Little Christmas,2306752.0,0.0,0,2,1.1756582334028831,0.1435316973174082,0.0,0.0,3.5,0.0
Michael Bublé,Holly Jolly Christmas,144618135.0,243348.0,1,77,2.3552412853710307,0.3379646863169855,0.0,0.2,7.6,
Michael Bublé,I'll Be Home for Christmas,12893408.0,0.0,0,7,1.5539271706268043,0.4227650564967992,0.0,0.0,4.7,0.0
Michael Bublé,It's Beginning to Look a Lot like Christmas,229241245.0,8571647.0,5,95,3.966651112730585,0.4031936891848257,0.0,3.7,14.0,
Michael Bublé,Jingle Bells (feat. The Puppini Sisters),8980591.0,0.0,0,6,1.5294504081319742,0.4474649382806911,0.0,0.0,4.6,0.0
Michael Bublé,Santa Baby,1979435.0,0.0,0,2,1.1184036640086572,0.1159544845598892,0.0,0.0,3.4,0.0
Michael Bublé,Santa Claus Is Coming to Town,74887449.0,2605803.0,3,58,2.4694901204580484,0.3723881422592491,0.0,3.5,9.5,
Michael Bublé,White Christmas (with Shania Twain),16025138.0,0.0,3,12,2.402009142200255,0.4300239555038037,0.0,0.0,17.2,0.0
Michael Jackson,Billie Jean,5372390.0,0.0,0,7,1.6310205921420415,0.2416367171701764,0.0,0.0,4.9,0.0
Michael Jackson,Thriller,10518468.0,0.0,2,6,2.1751634032568923,0.5524159546503528,1.0,0.0,24.9,0.0
Michael Schulte,You Let Me Walk Alone,0.0,0.0,0,1,0.0,0.8715541177535999,0.0,0.0,0.0,0.0
Michelle Williams,Tightrope,497637.0,0.0,0,1,3.6237676600286495,1.7093194000019392,0.0,0.0,10.9,0.0
Migos,All Ass,1424026.0,0.0,0,7,0.848677174137121,0.542951097811921,0.0,0.0,2.5,0.0
Migos,Bad and Boujee (feat. Lil Uzi Vert),476795077.0,12945818.0,3,275,1.2384369184953548,0.070618780411877,0.0,2.7,4.2,
Migos,Big On Big,1000084.0,0.0,0,5,0.6093025145316526,0.8103499874718401,0.0,0.0,1.8,0.0
Migos,Brown Paper Bag,4338050.0,0.0,0,14,1.0697122029751869,0.3414780787387451,0.0,0.0,3.2,
Migos,Call Casting,18563067.0,2114819.0,2,49,3.981942515496371,0.2259505320714155,0.0,11.4,13.6,
Migos,Culture (feat. DJ Khaled),2720208.0,0.0,0,13,0.9817816531931788,0.4235844082484409,0.0,0.0,2.9,0.0
Migos,Deadz (feat. 2 Chainz),1212975.0,0.0,0,6,0.8017529968561395,0.6838072056644098,0.0,0.0,2.4,0.0
Migos,Emoji A Chain,195012.0,0.0,0,1,0.7609848228640406,0.2184174466207616,0.0,0.0,2.3,0.0
Migos,Gang Gang,11957504.0,2258306.0,2,31,2.4915521644822043,0.2977707963975646,0.0,18.9,10.1,
Migos,Get Right Witcha,69790698.0,0.0,0,190,2.3239264215099023,0.1128844094867528,0.0,0.0,7.0,
Migos,Having Our Way (feat. Drake),3753718.0,0.0,0,14,1.0069246035684818,0.3259610419904287,0.0,0.0,3.0,
Migos,Kelly Price (feat. Travis Scott),35564752.0,0.0,0,81,1.7052249935850097,0.1531040855920577,0.0,0.0,5.1,
Migos,Modern Day,1942038.0,0.0,0,9,1.0804278760234698,0.0930186300010802,0.0,0.0,3.2,0.0
Migos,Narcos,153192811.0,2738778.0,1,221,2.743192950171379,0.112732367568517,0.0,1.8,8.4,
Migos,Out Yo Way,1397144.0,0.0,0,6,0.9618256289707844,0.1501417023403833,0.0,0.0,2.9,0.0
Migos,Racks 2 Skinny,7652266.0,0.0,0,13,1.3343345903213917,0.3759644629980249,0.0,0.0,4.0,0.0
Migos,Slippery (feat. Gucci Mane),249785919.0,0.0,0,319,2.819872344122101,0.1053670120915125,1.0,0.0,8.6,
Migos,Stir Fry,324349197.0,10424758.0,3,287,3.564919847092582,0.0809165763298891,0.0,3.2,11.1,
Migos,Straightenin,3494666.0,0.0,0,14,1.0773295381295842,0.0704644834199171,0.0,0.0,3.2,
Migos,Supastars,1779053.0,0.0,1,8,0.9933633908380582,0.9048124269935452,0.0,0.0,8.0,0.0
Migos,T-Shirt,294750982.0,0.0,0,237,1.7484884405746512,0.1195023151574152,0.0,0.0,5.2,
Migos,What The Price,1732471.0,0.0,0,8,0.7064695041729018,0.5593360555331208,0.0,0.0,2.1,0.0
"Migos, 21 Savage",BBO (Bad Bitches Only),16011731.0,0.0,0,37,2.418150497866956,0.2645252146213416,0.0,0.0,7.3,
"Migos, DJ Durel",Dab of Ranch - Recorded at Spotify Studios NYC,322630.0,0.0,0,2,0.972814381561084,0.1191588140071625,0.0,0.0,2.9,0.0
"Migos, Drake",Walk It Talk It,406829762.0,4531026.0,3,349,2.68997343798085,0.103070679230107,0.0,1.1,8.4,
"Migos, Nicki Minaj, Cardi B",MotorSport,129447191.0,0.0,0,213,3.4807174132338963,0.0825728115175975,0.0,0.0,10.4,
"Migos, Post Malone",Notice Me,39714388.0,2841931.0,2,59,2.4832091653249204,0.1833643600615154,0.0,7.2,8.8,
"Migos, Travis Scott, Ty Dolla $ign, Big Sean",White Sand,1277577.0,0.0,0,6,0.8850732177023022,0.6973053512924339,0.0,0.0,2.7,0.0
"Migos, Travis Scott, Young Thug",Give No Fxk,9938827.0,0.0,0,11,0.751789117303518,0.5344916545383197,0.0,0.0,2.3,0.0
"Migos, YoungBoy Never Broke Again",Need It,17473627.0,0.0,0,58,2.5292939933994396,0.2010245143029867,1.0,0.0,8.1,
"Migrantes, Alico",Si Me Tomo Una Cerveza,12604056.0,0.0,0,15,1.2934289806990693,0.1179405475682215,0.0,0.0,3.9,
Miguel,Sky Walker (feat. Travis Scott),113051520.0,0.0,0,146,3.533269678656649,0.1601457113866542,0.0,0.0,10.6,
Mike Perry,The Ocean (feat. Shy Martin),29424507.0,0.0,0,51,1.0661765140368604,0.0546443586432112,0.0,0.0,3.2,
Mike Posner,I Took A Pill In Ibiza - Seeb Remix,166016737.0,0.0,0,234,1.2184492271019434,0.0690522450571141,0.0,0.0,3.7,
Mike WiLL Made-It,"Gucci On My (feat. 21 Savage, YG & Migos)",8594886.0,0.0,0,40,1.2196214330317263,0.1004777356029613,0.0,0.0,3.7,
Mike WiLL Made-It,"Perfect Pint (feat. Kendrick Lamar, Gucci Mane & Rae Sremmurd)",17692980.0,0.0,0,90,1.2759558518627383,0.0731884100817184,0.0,0.0,3.8,
"Mike WiLL Made-It, Nicki Minaj, YoungBoy Never Broke Again",What That Speed Bout!?,643250.0,0.0,0,2,0.5641345335247675,0.8097949746523225,0.0,0.0,1.7,0.0
"Mike WiLL Made-It, Pharrell Williams",Aries (YuGo) (feat. Pharrell & Station Wagon P),5500365.0,0.0,0,24,1.1459413649221517,0.0908395927006758,0.0,0.0,3.4,
Mikolas Josef,Lie to Me,1859480.0,0.0,1,4,1.467177559705749,0.7212081404583268,0.0,0.0,14.4,0.0
"Miksu / Macloud, Summer Cem, Luciano, Jamule",XXL,4251717.0,0.0,0,6,0.954552193706782,0.1754652623746865,0.0,0.0,2.9,0.0
Miley Cyrus,Angels Like You,7113238.0,0.0,0,8,1.0187302659383544,0.3084160750565278,0.0,0.0,3.1,0.0
Miley Cyrus,D.R.E.A.M. (feat. Ghostface Killah),1995485.0,0.0,2,5,0.8729016467393914,0.7442267789226257,0.0,0.0,18.6,0.0
Miley Cyrus,Heart Of Glass (Live from the iHeart Festival),14480763.0,1103983.0,1,21,3.278204103587415,0.3938535777785911,1.0,7.6,13.2,
Miley Cyrus,Malibu,224708145.0,0.0,0,108,1.2031650898142774,0.0835597484736715,0.0,0.0,3.6,
Miley Cyrus,Midnight Sky,124685802.0,0.0,0,64,1.0873273793259608,0.0987373352709709,0.0,0.0,3.3,
Miley Cyrus,Mother's Daughter,108630139.0,0.0,0,80,1.1663144979349065,0.1047670790317281,0.0,0.0,3.5,
Miley Cyrus,Party In The U.S.A.,11638489.0,0.0,3,13,1.9756764374586373,0.6100519662774225,0.0,0.0,15.2,0.0
Miley Cyrus,Plastic Hearts,3455856.0,0.0,0,5,1.639614234188841,0.6529017099617519,0.0,0.0,4.9,0.0
Miley Cyrus,Prisoner (feat. Dua Lipa),43382282.0,0.0,0,23,1.0670879023703648,0.1917370238308557,0.0,0.0,3.2,
Miley Cyrus,Slide Away,101575932.0,0.0,0,64,1.1914882180132635,0.1134300679159758,0.0,0.0,3.6,
Miley Cyrus,Unholy,3219768.0,0.0,0,5,0.8394657584957027,0.4047539269987867,0.0,0.0,2.5,0.0
Miley Cyrus,When I Look At You,14072937.0,0.0,0,19,1.118412814501145,0.0906754595429486,0.0,0.0,3.4,
Miley Cyrus,Younger Now,3803842.0,0.0,0,7,1.4969879324981843,0.4371426091584539,0.0,0.0,4.5,0.0
"Miley Cyrus, Mark Ronson",Happy Xmas (War Is Over) (feat. Sean Ono Lennon),1220557.0,0.0,0,1,1.0054022574434458,0.3324925079313018,0.0,0.0,3.0,0.0
Milky Chance,Cocoon,14367824.0,0.0,0,34,1.0858620282864295,0.0548213607757771,0.0,0.0,3.3,
Mitchell Tenpenny,Drunk Me,3200679.0,0.0,0,15,3.4934953468411787,0.3559154689321075,0.0,0.0,10.5,
Mitski,Washing Machine Heart,1927686.0,0.0,0,9,1.0089574192826336,0.0184518902384179,0.0,0.0,3.0,0.0
Money Man,24,4881869.0,0.0,0,19,1.21189189876608,0.0821502178048638,0.0,0.0,3.6,
Money Man,24 (feat. Lil Baby),36888529.0,0.0,0,47,2.297683417693092,0.2249398021937802,0.0,0.0,6.9,
Moneybagg Yo,Said Sum,11768834.0,0.0,0,53,1.0948267913761929,0.0466680718342134,0.0,0.0,3.3,
Moneybagg Yo,Said Sum (feat. City Girls & DaBaby) - Remix,1678593.0,0.0,0,7,1.1208100277956596,0.0531030881038258,0.0,0.0,3.4,0.0
Moneybagg Yo,U Played (feat. Lil Baby),8674891.0,0.0,0,31,1.069417266578652,0.0910945551801905,0.0,0.0,3.2,
Moneybagg Yo,Wockesha,4263031.0,0.0,0,14,1.082777820591862,0.0595099021024801,0.0,0.0,3.2,
Moon Taxi,Two High,50036612.0,690192.0,1,66,1.6632401669203676,0.1279997692363723,0.0,1.4,5.6,
"Mora, Bad Bunny, Sech",Volando - Remix,18558151.0,0.0,0,7,1.187565755616881,0.3296875137157084,0.0,0.0,3.6,0.0
"Mora, Jhay Cortez",512,16241726.0,0.0,0,14,1.1015460583837595,0.0644703635310019,0.0,0.0,3.3,
Morat,Cuando Nadie Ve,1725184.0,0.0,1,3,2.4107713688347143,1.1353216012602163,0.0,0.0,20.6,0.0
Morgan Wallen,7 Summers,47945192.0,10989837.0,6,66,3.192481416132789,0.2772900317979368,0.0,22.9,13.2,
Morgan Wallen,865,667716.0,0.0,0,1,0.4711847032237896,0.4688736910588992,0.0,0.0,1.4,0.0
Morgan Wallen,Chasin' You,66713335.0,0.0,0,225,1.2772515922784615,0.0618306355018348,0.0,0.0,3.8,
Morgan Wallen,Cover Me Up,11026274.0,0.0,0,40,3.718331941618327,0.2258499844446781,0.0,0.0,11.2,
Morgan Wallen,Livin’ The Dream,2361369.0,0.0,0,4,2.761789679831985,0.4170307053021126,0.0,0.0,8.3,0.0
Morgan Wallen,More Than My Hometown,51749335.0,224213.0,1,179,3.118548718121011,0.1244495275785027,1.0,0.4,9.7,
Morgan Wallen,Sand In My Boots,678140.0,0.0,0,1,0.4458499478962922,0.5050377738581523,0.0,0.0,1.3,0.0
Morgan Wallen,Somebody’s Problem,10240735.0,945961.0,1,16,3.620870846410106,0.2502451312011912,0.0,9.2,13.4,
Morgan Wallen,Still Goin Down,3923640.0,0.0,0,7,3.5741571307666744,0.414220462188711,0.0,0.0,10.7,0.0
Morgan Wallen,This Bar,1158446.0,0.0,0,3,1.741913196352049,0.3573469377117293,0.0,0.0,5.2,0.0
Morgan Wallen,Up Down (feat. Florida Georgia Line),4435091.0,0.0,0,21,1.0617783041601607,0.0491083172221964,0.0,0.0,3.2,
Morgan Wallen,Wasted On You,4632606.0,946715.0,4,17,1.0663027444696802,0.3905220734277795,0.0,20.4,12.6,
Morgan Wallen,Whiskey Glasses,159816900.0,0.0,0,558,1.2582788241539564,0.0579380719337544,0.0,0.0,3.8,
Mother Mother,Hayloft,8956411.0,0.0,0,8,1.084078820130001,0.0650156776915927,0.0,0.0,3.3,0.0
Mozzy,Seasons (with Sjava & Reason),4143734.0,0.0,0,12,1.011869341229632,0.3646543599592742,0.0,0.0,3.0,0.0
Mumford & Sons,Beloved,219961.0,0.0,0,1,0.4059454484831558,1.0263509299365592,0.0,0.0,1.2,0.0
Mumford & Sons,Guiding Light,205615.0,0.0,0,1,0.3773266011629473,1.0981250766719286,0.0,0.0,1.1,0.0
Mura Masa,Love$ick (feat. A$AP Rocky),396923.0,0.0,0,1,1.0609897898903966,0.0665696283826327,0.0,0.0,3.2,0.0
"Mura Masa, A$AP Rocky",Love$ick,21985643.0,0.0,0,49,1.0990213780958114,0.0592326820117934,0.0,0.0,3.3,
Murda Beatz,Banana Split (with YNW Melly feat. Lil Durk),196011.0,0.0,0,1,0.8787694928678708,0.1283390481986061,0.0,0.0,2.6,0.0
"Murda, Ezhel",AYA,4664541.0,0.0,0,8,1.0796961653306982,0.1065760217406047,0.0,0.0,3.2,0.0
Mustard,"100 Bands (feat. Quavo, 21 Savage, YG & Meek Mill)",2148571.0,0.0,0,8,0.925638992045149,0.5515109872905911,0.0,0.0,2.8,0.0
Mustard,"Baguettes in the Face (feat. NAV, Playboi Carti & A Boogie Wit da Hoodie)",141524802.0,0.0,0,180,1.2813483807611443,0.0878131977998668,0.0,0.0,3.8,
Mustard,Ballin' (with Roddy Ricch),517627205.0,0.0,0,429,2.2011097431953277,0.0647055439039469,0.0,0.0,6.6,
Mustard,On GOD (with YG & Tyga feat. A$AP Ferg & A$AP Rocky),643307.0,0.0,0,3,0.9183837848223508,0.1716075926239186,0.0,0.0,2.8,0.0
Mustard,Pure Water (with Migos),422403472.0,0.0,0,394,2.28417846554655,0.0983081907825311,0.0,0.0,6.9,
"Mustard, Quavo, YG",Want Her,5266892.0,0.0,0,29,1.0606307784302602,0.0429926779867717,0.0,0.0,3.2,
Myke Towers,Diosa,162443607.0,0.0,0,156,1.366882126412886,0.0500638381371676,0.0,0.0,4.1,
Myke Towers,Girl,40120064.0,0.0,0,47,1.1538903924221922,0.0643084526717408,0.0,0.0,3.5,
Myke Towers,La Playa,0.0,0.0,0,3,0.0,2.333183778145052,0.0,0.0,0.0,0.0
"Myke Towers, Farruko",Si Se Da,126534261.0,0.0,0,150,1.1932914868883229,0.0635340247778557,0.0,0.0,3.6,
"Myke Towers, Farruko, Arcangel, Sech, Zion",Si Se Da - Remix,93278682.0,0.0,0,109,1.260340123862437,0.0685800147327604,0.0,0.0,3.8,
"Myke Towers, Juhn",Bandido,30429837.0,0.0,0,24,1.2564534301381014,0.1483571732123733,0.0,0.0,3.8,
"Mykola Dmytrovych Leontovych, John Williams",Carol of the Bells,34775835.0,5045440.0,7,63,3.7381066156331366,0.6447452214553464,4.0,14.5,17.6,
MØ,Final Song,27060223.0,0.0,0,54,1.2296934991011552,0.079837863694703,0.0,0.0,3.7,
MØ,Nights With You,54631531.0,0.0,0,68,1.6737829354056617,0.1161658714519574,0.0,0.0,5.0,
"Márcia Fellipe, Jerry Smith",Quem Me Dera,5168388.0,0.0,1,9,3.4344812037674095,0.6454226998682808,0.0,0.0,14.7,0.0
Måneskin,Beggin',117815249.0,0.0,0,14,1.077102937272296,0.0490052813112543,0.0,0.0,3.2,
Måneskin,I WANNA BE YOUR SLAVE,59805787.0,0.0,0,14,1.1009388818956305,0.0540136878190719,0.0,0.0,3.3,
Måneskin,ZITTI E BUONI,22242469.0,0.0,0,14,1.015287527314726,0.0619673689547572,0.0,0.0,3.0,
"N.E.R.D, Rihanna",Lemon (feat. Drake) - Drake Remix,56604184.0,0.0,0,54,1.5791815013851895,0.187197216536685,0.0,0.0,4.7,
"N.E.R.D, Rihanna",Lemon - Edit,551460.0,0.0,0,3,3.2855374657485155,1.3003043048973308,0.0,0.0,9.9,0.0
"N.E.R.D, Rihanna, Pharrell Williams",Lemon,737722.0,0.0,0,4,3.2980154326563267,1.1465661610617093,0.0,0.0,9.9,0.0
NAV,Champion (feat. Travis Scott),76297791.0,0.0,0,149,2.324168632727799,0.1849970858034744,0.0,0.0,7.0,
NAV,Codeine (feat. Gunna),815467.0,0.0,0,3,0.3447644949311246,0.7456344527303903,0.0,0.0,1.0,0.0
NAV,Don't Need Friends (feat. Lil Baby),515860.0,0.0,0,2,0.8668933862874266,0.1849116437488462,0.0,0.0,2.6,0.0
NAV,Faith (feat. Quavo),904637.0,0.0,0,4,0.531154878307666,0.9704784003777108,0.0,0.0,1.6,0.0
NAV,Freshman List,605349.0,0.0,0,4,1.080575096577302,0.3324607959854752,0.0,0.0,3.2,0.0
NAV,Glow Up,207334.0,0.0,0,1,0.8312667555843037,0.2576874305902698,0.0,0.0,2.5,0.0
NAV,My Business (feat. Future),205424.0,0.0,0,1,0.3240703784743968,1.0370045083121917,0.0,0.0,1.0,0.0
NAV,Myself,25866191.0,0.0,0,122,1.176075413986322,0.0564734227087279,0.0,0.0,3.5,
NAV,Price On My Head (feat. The Weeknd),27104203.0,0.0,0,46,1.076887307557183,0.1947524645964728,0.0,0.0,3.2,
NAV,Recap (feat. Don Toliver),197091.0,0.0,0,1,0.3645436307071593,0.9803986745868756,0.0,0.0,1.1,0.0
NAV,Run It Up (feat. Pop Smoke),210418.0,0.0,0,1,0.3442886890769685,1.010686601120484,0.0,0.0,1.0,0.0
NAV,Saint Laurenttt,204492.0,0.0,0,1,0.3270827079775581,1.0265198962568782,0.0,0.0,1.0,0.0
NAV,Status (feat. Lil Uzi Vert),208164.0,0.0,0,1,0.3195860936048698,1.0427739359983337,0.0,0.0,1.0,0.0
NAV,Tap (feat. Meek Mill),76002838.0,0.0,0,189,2.225659025086173,0.2231439288806059,0.0,0.0,6.7,
NAV,Turks (with Gunna & ft. Travis Scott),58328880.0,0.0,0,86,1.178257283136645,0.1077715835408715,0.0,0.0,3.5,
NAV,Up,37704503.0,767991.0,1,123,2.6842977228639837,0.1884199553710497,0.0,2.0,8.4,
NAV,Wanted You (feat. Lil Uzi Vert),63278396.0,1127565.0,1,152,3.593616291666342,0.1438785263740805,1.0,1.8,11.2,
NAV,Young Wheezy (with Gunna),711545.0,0.0,1,2,0.3760300533536439,0.6535060579020231,0.0,0.0,21.1,0.0
"NAV, Gunna",Turks (feat. Travis Scott),73635722.0,0.0,0,40,1.0358620729355346,0.0856107842696811,0.0,0.0,3.1,
"NAV, Metro Boomin",Call Me,719196.0,0.0,0,4,0.9494519640847776,0.1535058923005206,0.0,0.0,2.8,0.0
"NAV, Metro Boomin, Lil Uzi Vert",A$AP Ferg,3283173.0,0.0,0,18,1.2456119503986756,0.1313208098910595,0.0,0.0,3.7,
"NAV, Metro Boomin, Playboi Carti, Offset",Minute,1161927.0,0.0,0,6,0.8337812832476615,0.2494634818694975,0.0,0.0,2.5,0.0
"NAV, The Weeknd",Some Way,33979792.0,656924.0,1,151,1.524575769344273,0.1246133631212233,0.0,1.9,4.8,
"NEIKED, Dyo",Sexual,53149188.0,0.0,0,74,1.0907856555405553,0.0678096775351575,0.0,0.0,3.3,
NF,Change,939550.0,0.0,0,4,0.8619281080050816,0.2648170584913709,0.0,0.0,2.6,0.0
NF,Leave Me Alone,3898317.0,0.0,0,7,0.8736109902954551,0.4147359447583222,0.0,0.0,2.6,0.0
NF,Let You Down,302512203.0,6305550.0,10,356,3.516483163013483,0.2135524059042155,4.0,2.1,12.0,
NF,Lie,25664675.0,0.0,0,43,2.3043840053410674,0.2760664316591793,0.0,0.0,6.9,
NF,My Stress,686719.0,0.0,0,3,0.8630685617539516,0.2632989195270632,0.0,0.0,2.6,0.0
NF,Nate,421873.0,0.0,0,2,0.8470273675503854,0.2823068557774352,0.0,0.0,2.5,0.0
NF,PAID MY DUES,1266332.0,0.0,0,4,1.2129971497977552,0.1865888496902206,0.0,0.0,3.6,0.0
NF,Returns,424944.0,0.0,0,2,0.8926098689936306,0.239609559398268,0.0,0.0,2.7,0.0
NF,The Search,11745119.0,1244967.0,1,31,3.381745772123665,0.3923923652750095,1.0,10.6,12.4,
NF,Time - Edit,57174961.0,853547.0,1,54,1.864242924541822,0.2519200754344047,0.0,1.5,6.3,
NF,WHY,228275.0,0.0,0,1,1.5501809761165852,0.9233447016596572,0.0,0.0,4.7,0.0
NF,When I Grow Up,11582304.0,0.0,0,25,3.133378763978747,0.4593648400192501,1.0,0.0,10.6,
"NF, Sasha Sloan",Only,444152.0,0.0,0,2,0.9163771437200732,0.1999755656660968,0.0,0.0,2.7,0.0
NLE Choppa,100 Shots,268670.0,0.0,0,1,1.0001240833343672,0.0568017296209182,0.0,0.0,3.0,0.0
NLE Choppa,Camelot,216616292.0,0.0,0,295,2.1289459208881856,0.0776370367808383,0.0,0.0,6.4,
NLE Choppa,Famous Hoes,10306662.0,0.0,0,39,1.1487701617716333,0.0713496333563947,0.0,0.0,3.4,
NLE Choppa,Forever,1363444.0,0.0,0,5,0.8347597913941894,0.2353580382811658,0.0,0.0,2.5,0.0
NLE Choppa,Matrix,839943.0,0.0,0,3,0.8936940619003069,0.1632531807025583,0.0,0.0,2.7,0.0
NLE Choppa,Narrow Road (feat. Lil Baby),15206092.0,0.0,0,48,2.4406512503775875,0.2166051160618149,1.0,0.0,7.9,
NLE Choppa,Shotta Flow,63652582.0,645471.0,3,171,3.5100925610914935,0.1654929327881832,0.0,1.0,11.2,
NLE Choppa,Shotta Flow (Feat. Blueface) [Remix],129787771.0,1092713.0,1,152,2.544917395723642,0.0905250456125209,0.0,0.8,7.9,
NLE Choppa,Shotta Flow (feat. Blueface) [Remix],8035593.0,0.0,0,32,1.0788251559740287,0.0539071178670148,0.0,0.0,3.2,
NLE Choppa,Shotta Flow 3,5265861.0,0.0,0,22,1.2220095458951423,0.0788414537231588,0.0,0.0,3.7,
NLE Choppa,Shotta Flow 4 (feat. Chief Keef),213065.0,0.0,0,1,0.8404577322190256,0.1417488800719412,0.0,0.0,2.5,0.0
NLE Choppa,Shotta Flow 5,23267934.0,0.0,0,43,1.0659431525175764,0.1242733621929052,0.0,0.0,3.2,
NLE Choppa,Walk Em Down (feat. Roddy Ricch),21520111.0,0.0,0,56,1.1044391165358909,0.1238430747366584,0.0,0.0,3.3,
NOTD,I Wanna Know (feat. Bea Miller),90776214.0,807708.0,1,94,3.3804939878729745,0.1690529804984066,0.0,0.9,10.6,
"NOTD, Felix Jaehn, Captain Cuts, Georgia Ku",So Close,33484520.0,977332.0,1,38,3.5655401152453505,0.2715892025876167,0.0,2.9,11.7,
Nacho,Báilame,69203919.0,0.0,0,110,1.1212719888236646,0.068163442906388,0.0,0.0,3.4,
"Nacho, Yandel, Bad Bunny, Mambo Kingz, DJ Luian",Báilame - Remix,65098828.0,0.0,0,93,2.4839704178558595,0.1146732452434938,0.0,0.0,7.5,
Naomi Scott,Speechless (Full),7131019.0,0.0,0,14,1.3942483528598553,0.4117772826444404,0.0,0.0,4.2,
Nas,Simple Things,234033.0,0.0,0,1,0.8534902464196756,0.199762139693473,0.0,0.0,2.6,0.0
Nas,White Label,311692.0,0.0,0,1,0.376629747867885,0.5808918183143178,0.0,0.0,1.1,0.0
"Nas, Diddy, 070 Shake",Not For Radio,1685887.0,0.0,0,4,0.8602834589596308,0.5743126854224514,0.0,0.0,2.6,0.0
"Nas, Kanye West",Cops Shot The Kid,3141803.0,0.0,0,6,0.921262895894957,0.4859548515329306,0.0,0.0,2.8,0.0
"Nas, The WRLDFMS Tony Williams",Bonjour,276055.0,0.0,0,1,0.8224293775211674,0.2444083750761869,0.0,0.0,2.5,0.0
"Nas, The-Dream",Adam and Eve,877998.0,0.0,0,2,0.9046309378990396,0.4068323044583313,0.0,0.0,2.7,0.0
"Nas, The-Dream, Kanye West",everything,1100549.0,0.0,1,3,0.903695846359982,0.4692283468094977,0.0,0.0,16.0,0.0
Nat King Cole,Joy To The World,29488489.0,2042778.0,4,56,2.867064506865051,0.4125290590733002,2.0,6.9,12.5,
Nat King Cole,The Christmas Song (Merry Christmas To You),127663767.0,10548324.0,6,77,2.490038587895408,0.37198607691415,1.0,8.3,11.0,
Nat King Cole,The Happiest Christmas Tree,448590.0,0.0,0,1,0.6647868983971749,0.7730154262522023,0.0,0.0,2.0,0.0
Nat King Cole Trio,All I Want For Christmas (Is My Two Front Teeth) - Remastered,1776829.0,0.0,0,2,1.6748362164511477,0.7690326777965262,0.0,0.0,5.0,0.0
Natalie Taylor,Surrender,21077048.0,0.0,0,33,1.0463889410322975,0.0356207725501623,0.0,0.0,3.1,
"Natti Natasha, Bad Bunny",Amantes de una Noche,1088376.0,0.0,0,2,1.035636311621044,0.0753292120542281,0.0,0.0,3.1,0.0
"Natti Natasha, Becky G",Ram Pam Pam,15446432.0,0.0,0,14,1.068409875333373,0.0698272755893419,0.0,0.0,3.2,
"Natti Natasha, Ozuna",Criminal,186930962.0,1952371.0,1,185,3.425149116258822,0.097002900295537,0.0,1.0,10.5,
Nause,Dynamite (feat. Pretty Sister),8215533.0,0.0,0,12,1.2071559019471667,0.135402714840151,0.0,0.0,3.6,0.0
Nea,Some Say - Felix Jaehn Remix,71612468.0,0.0,0,76,1.2287750954899932,0.0768571625455472,0.0,0.0,3.7,
Nebu Kiniza,Gassed Up,32217066.0,0.0,0,163,1.127704292056242,0.0531554875269162,0.0,0.0,3.4,
"Nekfeu, Damso",Tricheur,3408374.0,0.0,0,5,0.8898175392584552,0.3025575638281725,0.0,0.0,2.7,0.0
"Nelly Furtado, Timbaland",Promiscuous,6922436.0,0.0,0,8,1.0827010476293897,0.0913721056167638,0.0,0.0,3.2,0.0
"Nelly, Florida Georgia Line",Lil Bit,5136194.0,0.0,0,14,1.0789262794409875,0.062943656541466,0.0,0.0,3.2,
Neon Trees,Everybody Talks,2848607.0,0.0,0,13,1.0969621455911225,0.0418147731413295,0.0,0.0,3.3,0.0
Netta,Toy,5006877.0,0.0,0,8,2.3833750818444948,0.6859973200939327,0.0,0.0,7.2,0.0
"Nevada, Mark Morrison, Fetty Wap",The Mack,46965358.0,0.0,0,61,1.1164268790496243,0.094629164404355,0.0,0.0,3.3,
NexXthursday,Sway (feat. Quavo & Lil Yachty),3761723.0,0.0,0,23,1.0931015021586223,0.065829557106302,0.0,0.0,3.3,
"NextYoungin, ppcocaine",3 Musketeers,6873477.0,0.0,0,27,1.1249976880076602,0.0663972724335633,0.0,0.0,3.4,
Niack,Na Raba Toma Tapão,15448386.0,0.0,0,22,1.171720199720384,0.0901803214848297,0.0,0.0,3.5,
Niack,Oh Juliana,38639692.0,0.0,0,46,1.3107667337329654,0.1415526890976044,0.0,0.0,3.9,
Niall Horan,Black And White,1817507.0,0.0,0,2,0.8377147953604112,0.2397956080763075,0.0,0.0,2.5,0.0
Niall Horan,Nice To Meet Ya,111155110.0,0.0,0,95,1.3900513995016377,0.1364550396278916,0.0,0.0,4.2,
Niall Horan,No Judgement,40478883.0,0.0,0,44,1.6871258553463566,0.2319182939666513,0.0,0.0,5.1,
Niall Horan,Slow Hands,248261120.0,0.0,0,121,1.2660355182189942,0.0868410098469521,0.0,0.0,3.8,
Niall Horan,This Town,41001022.0,0.0,0,58,1.2075190590945604,0.1055628864220315,0.0,0.0,3.6,
"Nick Jonas, Nicki Minaj","Bom Bidi Bom - From ""Fifty Shades Darker (Original Motion Picture Soundtrack)""",9066128.0,0.0,0,15,1.2521561764651072,0.2223462672530422,0.0,0.0,3.8,
"Nick Jonas, Robin Schulz",Right Now,0.0,0.0,1,2,0.0,1.0135461355512356,0.0,0.0,20.0,0.0
Nicki Minaj,Barbie Dreams,31475835.0,0.0,0,42,1.0575195764861585,0.184323307619935,0.0,0.0,3.2,
Nicki Minaj,Barbie Tingz,20363182.0,0.0,0,20,0.957340836500264,0.3615644713720484,0.0,0.0,2.9,
Nicki Minaj,Bed (feat. Ariana Grande),147846599.0,0.0,0,83,1.2974616851548442,0.1108456372396011,0.0,0.0,3.9,
Nicki Minaj,Chun Swae (feat. Swae Lee),2518668.0,0.0,0,5,1.1779136499898188,0.6042295730181905,0.0,0.0,3.5,0.0
Nicki Minaj,Chun-Li,104584312.0,0.0,0,117,3.1856194449321777,0.2020436858784515,0.0,0.0,9.6,
Nicki Minaj,"Familia (with Anuel Aa, feat. Bantu) - Spider-Man: Into the Spider-Verse",40457446.0,0.0,0,38,1.1268630511171134,0.1004779902412293,0.0,0.0,3.4,
Nicki Minaj,Ganja Burn,3349153.0,0.0,0,5,0.9676143276495138,0.2403952228046985,0.0,0.0,2.9,0.0
Nicki Minaj,Good Form,700193.0,0.0,0,3,1.002379380924376,0.1586333051211765,0.0,0.0,3.0,0.0
Nicki Minaj,Hard White,664852.0,0.0,0,3,0.5825508341907657,0.8498581732860057,0.0,0.0,1.7,0.0
Nicki Minaj,LLC,1319057.0,0.0,0,5,0.6486718948991219,0.8164676098998214,0.0,0.0,1.9,0.0
Nicki Minaj,MEGATRON,21876792.0,0.0,0,31,1.111054766104445,0.2585037530910499,0.0,0.0,3.3,
Nicki Minaj,Majesty (with Labrinth & feat. Eminem),5856863.0,0.0,0,7,1.017712760035819,0.2297466166288122,0.0,0.0,3.1,0.0
Nicki Minaj,Rich Sex (feat. Lil Wayne),9352469.0,0.0,2,13,4.322107019536047,0.7601322171834166,0.0,0.0,19.1,0.0
Nicki Minaj,Starships,250913.0,0.0,0,1,0.442178481174758,1.0420090723651585,0.0,0.0,1.3,0.0
Nicki Minaj,Thought I Knew You (feat. The Weeknd),1276999.0,0.0,1,3,1.3301340665213073,0.7808447055175907,0.0,0.0,17.3,0.0
Nicki Minaj,Yikes,9529319.0,0.0,0,17,0.9804769321818808,0.28591889563827,0.0,0.0,2.9,
"Nicki Minaj, Drake, Lil Wayne",No Frauds,34806848.0,0.0,0,79,1.1923943922211702,0.1136454525613021,0.0,0.0,3.6,
"Nicki Minaj, Lil Wayne",Changed It,316056.0,0.0,0,2,0.857327420974372,0.194676924054345,0.0,0.0,2.6,0.0
"Nicki Minaj, Mike WiLL Made-It",Black Barbies,1807511.0,0.0,0,11,1.0599630955488983,0.0441396575419807,0.0,0.0,3.2,0.0
Nicky Jam,El Amante,248234462.0,0.0,0,218,1.258976075317748,0.0715366818559263,0.0,0.0,3.8,
Nicky Jam,Si Tú La Ves (feat. Wisin),65000503.0,0.0,0,118,1.1217333941348615,0.0654125598375895,0.0,0.0,3.4,
"Nicky Jam, Anuel AA",Whine Up,166146342.0,0.0,0,140,1.2222921410269805,0.072723002245794,0.0,0.0,3.7,
"Nicky Jam, Daddy Yankee",Muévelo,144165952.0,0.0,0,134,1.1882518168515537,0.0627520981817609,0.0,0.0,3.6,
"Nicky Jam, J Balvin",X,520812462.0,0.0,0,232,1.4074371826298562,0.0754459497195777,0.0,0.0,4.2,
"Nicky Jam, J Balvin",X (feat. Maluma & Ozuna) - Remix,141459940.0,0.0,0,128,1.418505370768563,0.085013230524198,0.0,0.0,4.3,
"Nicky Jam, Myke Towers",Polvo,15867033.0,0.0,0,17,1.0926258960177928,0.04504369553454,0.0,0.0,3.3,
"Nicky Jam, Ozuna",Te Robaré,303308207.0,0.0,0,221,1.4845349495071176,0.0754687954889247,0.0,0.0,4.5,
"Nicky Jam, Sech",Atrévete,65913151.0,0.0,0,89,1.229083668926186,0.0742344497377822,0.0,0.0,3.7,
"Nicky Jam, Will Smith, Era Istrefi",Live It Up - Official Song 2018 FIFA World Cup Russia,46628096.0,612459.0,1,61,1.5327438527226105,0.1764032591482936,0.0,1.3,5.3,
Nimo,KARMA,9956786.0,0.0,0,13,1.1023561997136646,0.103282320233342,0.0,0.0,3.3,0.0
"Nimo, Hava",KEIN SCHLAF,4874788.0,0.0,0,6,0.9907253162458994,0.1631549622162953,0.0,0.0,3.0,0.0
Nina Nesbitt,Oh Holy Night,2177402.0,0.0,0,2,0.9354158131952492,0.224403747761982,0.0,0.0,2.8,0.0
Ninho,Goutte d'eau,3462643.0,0.0,0,6,1.1961222892630836,0.1991146544954845,0.0,0.0,3.6,0.0
Ninho,La vie qu'on mène,634986.0,0.0,0,1,0.8536964977057242,0.2215245797806821,0.0,0.0,2.6,0.0
Ninho,Lettre à une femme,8359438.0,0.0,0,9,1.0485054887014322,0.1423395300681758,0.0,0.0,3.1,0.0
Ninho,Maman ne le sait pas (feat. Niska),4490903.0,0.0,0,6,0.9508888547496922,0.1744672842375747,0.0,0.0,2.9,0.0
"Nio Garcia, Anuel AA, Myke Towers, Brray, Juanka",La Jeepeta - Remix,245943916.0,0.0,0,144,1.227831666764601,0.0764869054647077,0.0,0.0,3.7,
"Nio Garcia, Casper Magico, Bad Bunny, Darell, Ozuna, Nicky Jam",Te Boté - Remix,682893500.0,0.0,0,364,1.3543697973380473,0.0774679061921916,0.0,0.0,4.1,
"Nio Garcia, Flow La Movie",AM,10099575.0,0.0,0,12,1.0090295613864828,0.0937577357057142,0.0,0.0,3.0,0.0
"Nio Garcia, J Balvin, Bad Bunny",AM Remix,48881910.0,0.0,0,14,1.0818945856988662,0.0784806258911771,0.0,0.0,3.2,
Nipsey Hussle,Blue Laces 2,216347.0,0.0,1,2,0.7769605642603958,0.4887993291104692,0.0,0.0,22.3,0.0
Nipsey Hussle,Dedication (feat. Kendrick Lamar),5389055.0,1530996.0,3,15,2.981195348910606,0.7001892094107157,1.0,28.4,18.9,
Nipsey Hussle,Double Up (feat. Belly and Dom Kennedy),2366250.0,0.0,0,11,1.362832582351725,0.6058834209192846,0.0,0.0,4.1,0.0
Nipsey Hussle,Grinding All My Life,6940038.0,403967.0,2,29,1.2710411631577818,0.3758950512951202,0.0,5.8,6.6,
Nipsey Hussle,Hussle & Motivate,474602.0,0.0,1,3,0.8225481087235762,0.3533921578751131,0.0,0.0,15.8,0.0
Nipsey Hussle,Last Time That I Checc'd (feat. YG),5329668.0,1599264.0,2,16,1.902054488714155,0.5632693735236742,0.0,30.0,10.7,
Nipsey Hussle,Racks in the Middle (feat. Roddy Ricch and Hit-Boy),49643774.0,0.0,0,85,1.0968375207531895,0.0986495285569638,0.0,0.0,3.3,
Nipsey Hussle,Victory Lap (feat. Stacy Barthe),233437.0,0.0,1,2,0.8067123216661579,0.4906804682912895,0.0,0.0,22.4,0.0
Nirvana,Smells Like Teen Spirit,19533964.0,0.0,0,23,1.2726139655576134,0.0834561389378181,0.0,0.0,3.8,
Noah Cyrus,July,291731035.0,2256541.0,4,334,3.9708168691123817,0.2587440372625302,2.0,0.8,12.6,
"Noah Cyrus, Labrinth",Make Me (Cry),80768568.0,0.0,0,80,1.1527608718550044,0.1206872847530153,0.0,0.0,3.5,
"Noriel, Myke Towers, Rauw Alejandro, Almighty",Cuerpo en Venta,33734742.0,657236.0,1,51,2.6663605036759845,0.1440473879761752,0.0,1.9,8.8,
Norm Ender,Mekanın Sahibi,6750406.0,0.0,0,10,1.05700243752685,0.060707406094148,0.0,0.0,3.2,0.0
Normani,Checklist (with Calvin Harris) (feat. WizKid),5507900.0,0.0,0,6,1.0452447094727133,0.5322445254884737,0.0,0.0,3.1,0.0
Normani,Motivation,150022708.0,0.0,0,97,1.1988016363815706,0.0840637426709725,0.0,0.0,3.6,
Oasis,Wonderwall - Remastered,355017720.0,0.0,0,585,1.3057544873029596,0.0588936059277326,0.0,0.0,3.9,
"Octavian, Skepta",Papi Chulo,6229986.0,0.0,0,7,1.0933905029950368,0.0565855213346977,0.0,0.0,3.3,0.0
Ofenbach,Be Mine,40415644.0,0.0,0,82,1.1362209167979769,0.0749098667453153,0.0,0.0,3.4,
Ofenbach,Wasted Love (feat. Lagique),11680754.0,0.0,0,14,1.1263012325338555,0.084130126745228,0.0,0.0,3.4,
"Ofenbach, Quarterhead",Head Shoulders Knees & Toes (feat. Norma Jean Martine),36307969.0,0.0,0,43,1.1859493074409904,0.0906537536281097,0.0,0.0,3.6,
Offset,Clout (feat. Cardi B),95333355.0,0.0,0,132,2.567690102703715,0.1397640990863651,0.0,0.0,7.7,
Offset,How Did I Get Here (feat. J. Cole),4479352.0,0.0,0,11,0.8949181638604082,0.4579040887319207,0.0,0.0,2.7,0.0
Offset,Legacy (feat. Travis Scott & 21 Savage),44472106.0,0.0,0,82,1.1173083813199374,0.1194112498234885,0.0,0.0,3.4,
Offset,Lick,2102535.0,0.0,0,5,1.0143939417796968,0.6373310572058959,0.0,0.0,3.0,0.0
Offset,North Star (feat. CeeLo Green),216441.0,0.0,0,1,0.7437792452505999,0.2838791080598268,0.0,0.0,2.2,0.0
Offset,Red Room,82037104.0,0.0,0,100,1.283942187818612,0.117641851195848,0.0,0.0,3.9,
Offset,Ric Flair Drip (& Metro Boomin),596225350.0,1118013.0,1,632,3.5015668282584693,0.1190462356505549,1.0,0.2,10.6,
Offset,Tats On My Face,422279.0,0.0,0,2,0.4646987540983606,0.9787884136798384,0.0,0.0,1.4,0.0
Offset,Wild Wild West (feat. Gunna),1050436.0,0.0,0,4,0.3829152144236626,0.7958294645092654,0.0,0.0,1.1,0.0
Old Dominion,No Such Thing as a Broken Heart,7638488.0,0.0,0,44,1.345768128719418,0.0741311889502822,0.0,0.0,4.0,
Old Dominion,One Man Band,65644775.0,0.0,0,246,3.552430409356725,0.0821596424310913,0.0,0.0,10.7,
Old Dominion,Written in the Sand,15913858.0,0.0,0,75,1.2051786320570392,0.0707390145256877,0.0,0.0,3.6,
Oliver Tree,Alien Boy,1063921.0,0.0,0,5,3.531599158275178,1.0031537690911871,0.0,0.0,10.6,0.0
Olivia Holt,History,105488286.0,0.0,0,117,2.649953093915739,0.1172401248814103,0.0,0.0,7.9,
Olivia Rodrigo,"1 step forward, 3 steps back",18677438.0,0.0,0,14,1.0285465027021012,0.0664665109277587,0.0,0.0,3.1,
Olivia Rodrigo,"All I Want - From ""High School Musical: The Musical: The Series""",56430229.0,0.0,0,89,2.6449228122749475,0.3254623455793588,0.0,0.0,7.9,
Olivia Rodrigo,brutal,30947508.0,0.0,0,14,1.0183907092920514,0.0559651211720457,0.0,0.0,3.1,
Olivia Rodrigo,deja vu,58166600.0,0.0,0,14,1.028534216700033,0.0571270140002407,0.0,0.0,3.1,
Olivia Rodrigo,drivers license,57772660.0,10873212.0,2,17,1.2917766053923143,0.2263441157489594,0.0,18.8,8.6,
Olivia Rodrigo,enough for you,21372247.0,0.0,0,14,1.0299722898212271,0.0684820013465938,0.0,0.0,3.1,
Olivia Rodrigo,favorite crime,41693181.0,0.0,0,14,1.0754525965565116,0.0606642907367906,0.0,0.0,3.2,
Olivia Rodrigo,good 4 u,120050987.0,7464169.0,1,14,1.0593918191123497,0.0531925350526746,0.0,6.2,6.0,
Olivia Rodrigo,happier,45052480.0,0.0,0,14,1.0220173621031596,0.0538329805104619,0.0,0.0,3.1,
Olivia Rodrigo,hope ur ok,14814724.0,292078.0,1,14,1.027802252174049,0.0841865039308084,0.0,2.0,5.9,
Olivia Rodrigo,"jealousy, jealousy",33398142.0,0.0,0,14,1.0354346445215372,0.0492159353947104,0.0,0.0,3.1,
Olivia Rodrigo,traitor,54064403.0,0.0,0,14,1.0451613630165963,0.0554019947784334,0.0,0.0,3.1,
Omar Montes,Alocao (With Bad Gyal),10233908.0,0.0,0,16,1.2052891711087554,0.2905659086114433,0.0,0.0,3.6,
OneRepublic,Connection,54506126.0,1438609.0,2,59,1.6477072327968438,0.1905159838425264,0.0,2.6,6.3,
OneRepublic,Counting Stars,13059871.0,0.0,0,17,1.3182481381496631,0.0968372160789857,0.0,0.0,4.0,
OneRepublic,No Vacancy,91757913.0,0.0,0,102,1.3798171014019485,0.0942597895036127,0.0,0.0,4.1,
OneRepublic,Rescue Me,225544509.0,0.0,0,182,1.1540854856820255,0.0857348597425407,0.0,0.0,3.5,
OneRepublic,Rich Love (with Seeb),62100961.0,0.0,0,47,1.357990900055234,0.1210652100648533,0.0,0.0,4.1,
OneRepublic,Run,19259567.0,0.0,0,14,1.1319543956215232,0.0856224332827571,0.0,0.0,3.4,
OneRepublic,Start Again (feat. Logic),63862555.0,0.0,0,49,1.5591147941236962,0.1673164503280695,0.0,0.0,4.7,
OneRepublic,Wanted,9930670.0,0.0,0,11,0.9997185795003004,0.2847810558859686,0.0,0.0,3.0,0.0
"Only The Family, King Von",Crazy Story,505616.0,0.0,0,2,0.9760383416842684,0.1098829089741934,0.0,0.0,2.9,0.0
Os Barões Da Pisadinha,Recairei - Ao Vivo,19464328.0,0.0,0,21,1.5431112209994893,0.174649495454829,0.0,0.0,4.6,
"Os Barões Da Pisadinha, Xand Avião",Basta Você Me Ligar - Ao Vivo,4810653.0,0.0,0,6,1.546799102546195,0.2738424937376773,0.0,0.0,4.6,0.0
Outkast,Hey Ya!,4265206.0,0.0,2,7,1.449461527747611,0.6546634439920967,0.0,0.0,15.8,0.0
Ozuna,Amor Genuino,24158343.0,0.0,0,26,1.227035606620995,0.1992758151399414,0.0,0.0,3.7,
Ozuna,Baila Baila Baila,322701491.0,0.0,0,208,1.2808074615770704,0.075135149661278,0.0,0.0,3.8,
Ozuna,Bebe (feat. Anuel AA),6304508.0,0.0,0,14,1.0915802349188777,0.0581483301215113,0.0,0.0,3.3,
Ozuna,Caramelo,181510450.0,0.0,0,117,1.2591622587714102,0.0874280108159814,0.0,0.0,3.8,
Ozuna,Dile Que Tu Me Quieres,63656216.0,0.0,0,114,1.1390840850516957,0.0564562854627086,0.0,0.0,3.4,
Ozuna,El Farsante,5227404.0,0.0,0,9,1.2117467615156057,0.1004698636549496,0.0,0.0,3.6,0.0
Ozuna,Fantasía,16691700.0,0.0,0,23,1.0870273323605832,0.0972945614566788,0.0,0.0,3.3,
Ozuna,Hasta Que Salga el Sol,13815659.0,0.0,0,20,1.184881045247262,0.0971155645409428,0.0,0.0,3.6,
Ozuna,Me Dijeron,31176157.0,0.0,0,46,1.109530248515486,0.0860743297111216,0.0,0.0,3.3,
Ozuna,Se Preparó,85492392.0,0.0,0,107,1.7381956863954298,0.0826452910467891,0.0,0.0,5.2,
Ozuna,Síguelo Bailando,212826083.0,0.0,0,212,1.1792092165359824,0.0654706735539384,0.0,0.0,3.5,
Ozuna,Te Soñé De Nuevo,49890228.0,0.0,0,66,1.1292366575134,0.0672029752391977,0.0,0.0,3.4,
Ozuna,Tu Foto,92266431.0,0.0,0,111,1.2019645438729756,0.0649584597049791,0.0,0.0,3.6,
Ozuna,Tú Foto,4431955.0,0.0,0,5,0.9886758560593172,0.0858481503389736,0.0,0.0,3.0,0.0
Ozuna,Unica,123410359.0,0.0,0,144,1.5032841276618052,0.0753856428459973,0.0,0.0,4.5,
"Ozuna, Anuel AA",Cambio,4033684.0,0.0,0,6,0.9569811255976036,0.1788410534384092,0.0,0.0,2.9,0.0
"Ozuna, Arthur Hanlon",Aura,1695172.0,0.0,0,2,0.9101681551454868,0.0986325520381391,0.0,0.0,2.7,0.0
"Ozuna, Barloe Team",Te Soñé de Nuevo,1177173.0,0.0,0,2,0.9764087970911622,0.0697779926037405,0.0,0.0,2.9,0.0
"Ozuna, Camilo",Despeinada,62965353.0,0.0,0,52,1.5150668027116398,0.1082746811293181,0.0,0.0,4.5,
"Ozuna, Cardi B",La Modelo,11094067.0,0.0,0,18,3.2830311498129428,0.458338668334808,0.0,0.0,9.8,
"Ozuna, Daddy Yankee, J Balvin, Farruko, Anuel AA",Baila Baila Baila - Remix,95540078.0,0.0,0,110,1.3599248727094095,0.0701254727238078,0.0,0.0,4.1,
"Ozuna, Doja Cat, Sia",Del Mar,12023978.0,0.0,0,12,0.9555740539007156,0.1747087610054103,0.0,0.0,2.9,0.0
"Ozuna, J Balvin",Quiero Repetir,59488837.0,0.0,0,80,1.112666931010992,0.0626957470378168,0.0,0.0,3.3,
"Ozuna, J Balvin, Chencho Corleone",Una Locura,66552364.0,0.0,0,48,1.332331766602238,0.0980765392922085,0.0,0.0,4.0,
"Ozuna, KAROL G, Myke Towers",Caramelo - Remix,34514506.0,0.0,0,39,1.2572643540201118,0.0940799008614326,0.0,0.0,3.8,
"Ozuna, Mambo Kingz, DJ Luian, Bad Bunny, Wisin, Almighty",Solita,128168173.0,0.0,0,174,3.6209052320886337,0.0844378887483969,0.0,0.0,10.9,
"Ozuna, Manuel Turizo",Vaina Loca,425511073.0,0.0,0,276,1.3531802697801976,0.0708069408144465,0.0,0.0,4.1,
"Ozuna, Romeo Santos",El Farsante - Remix,87547088.0,0.0,0,130,1.1910540298372323,0.0641803325358832,0.0,0.0,3.6,
"Ozuna, Romeo Santos",Ibiza,87167350.0,0.0,0,121,1.1786891644291382,0.0752599327768327,0.0,0.0,3.5,
P!nk,Hurts 2B Human (feat. Khalid),4041491.0,0.0,0,6,0.8738352988434523,0.3112510428425097,0.0,0.0,2.6,0.0
P!nk,Walk Me Home,128826961.0,0.0,0,114,1.3520032156174184,0.1074134427352578,0.0,0.0,4.1,
P!nk,What About Us,59880834.0,0.0,0,77,3.505774088121222,0.1458801193367103,0.0,0.0,10.5,
"P!nk, Willow Sage Hart",Cover Me In Sunshine,12391043.0,0.0,0,14,1.0696234433417562,0.0616328466361535,0.0,0.0,3.2,
PARTYNEXTDOOR,Come and See Me (feat. Drake),35865761.0,0.0,0,164,2.1461614355158134,0.094094248538034,1.0,0.0,6.6,
PARTYNEXTDOOR,LOYAL (feat. Drake),30656459.0,0.0,0,38,1.569837722742533,0.2843391558779854,0.0,0.0,4.7,
PARTYNEXTDOOR,Not Nice,624270.0,0.0,0,4,1.0596409810177576,0.0562305777967722,0.0,0.0,3.2,0.0
"PARTYNEXTDOOR, Rihanna",BELIEVE IT,111462614.0,0.0,0,79,1.065905143221905,0.074654614068632,0.0,0.0,3.2,
"PEDRO SAMPAIO, Felipe Original, JS o Mão de Ouro",SENTADÃO,19645567.0,0.0,0,26,1.2686576905563174,0.1023900455412544,0.0,0.0,3.8,
PNL,91's,577575.0,0.0,1,2,0.8541999736748309,0.4587109053848173,0.0,0.0,22.6,0.0
PNL,A l'Ammoniaque,618351.0,0.0,0,1,0.9861344421668607,0.0770452511337212,0.0,0.0,3.0,0.0
PNL,Au DD,28994004.0,0.0,0,27,1.2970021075110467,0.1308610321635082,0.0,0.0,3.9,
PNL,Deux frères,1248288.0,0.0,0,2,0.7585598304637394,0.4102265897389529,0.0,0.0,2.3,0.0
PUBLIC,Make You Mine,70801047.0,0.0,0,100,3.5656072566126573,0.0861741296530344,0.0,0.0,10.7,
Paloma Mami,Fingías,9800070.0,0.0,0,13,0.986981371615279,0.1305468078892806,0.0,0.0,3.0,0.0
Panic! At The Disco,(Fuck A) Silver Lining,1427216.0,0.0,4,7,1.0813624139646278,1.2650529186068014,0.0,0.0,26.1,0.0
Panic! At The Disco,Dancing's Not a Crime,1917762.0,0.0,0,5,0.7064782339764653,0.6446112962087953,0.0,0.0,2.1,0.0
Panic! At The Disco,Death of a Bachelor,13848635.0,0.0,0,77,1.2384681083607718,0.062040987797702,0.0,0.0,3.7,
Panic! At The Disco,Dying in LA,953304.0,0.0,0,4,0.5485985007948426,0.8535890047507355,0.0,0.0,1.6,0.0
Panic! At The Disco,"Hey Look Ma, I Made It",68898655.0,0.0,0,143,2.973450996184074,0.1369693987019891,0.0,0.0,8.9,
Panic! At The Disco,High Hopes,1018947641.0,485167.0,2,713,4.650023514457287,0.084819550127401,0.0,0.0,14.1,
Panic! At The Disco,Into the Unknown - Panic! At The Disco Version,8101178.0,0.0,0,9,1.2500344181846443,0.2584788874936539,0.0,0.0,3.8,0.0
Panic! At The Disco,King of the Clouds,1243649.0,0.0,0,5,0.4206567955790828,0.7603124491057631,0.0,0.0,1.3,0.0
Panic! At The Disco,Old Fashioned,688858.0,0.0,0,3,0.5328467032849178,0.8738961462444346,0.0,0.0,1.6,0.0
Panic! At The Disco,One of the Drunks,988515.0,0.0,0,4,0.5270854458058873,0.8902138803025798,0.0,0.0,1.6,0.0
Panic! At The Disco,Roaring 20s,2894489.0,0.0,0,6,0.8434824370947188,0.4590824535469435,0.0,0.0,2.5,0.0
Panic! At The Disco,Say Amen (Saturday Night),20537648.0,1873289.0,1,37,3.8665679882856416,0.4982620243064277,0.0,9.1,12.7,
Panic! At The Disco,The Greatest Show,257816.0,0.0,1,2,0.4613207125155449,1.0692395648403403,0.0,0.0,21.4,0.0
Panic! At The Disco,The Overpass,693413.0,0.0,0,3,0.5148246359817825,0.9005772334632215,0.0,0.0,1.5,0.0
Paramore,Hard Times,31004099.0,0.0,0,40,1.9985706377831025,0.2454193765878728,0.0,0.0,6.0,
Paramore,Misery Business,2790600.0,0.0,0,13,1.0680059866606857,0.0574982286992364,0.0,0.0,3.2,0.0
Paramore,Told You So,1724659.0,0.0,0,4,0.970551020230484,0.441789872584556,0.0,0.0,2.9,0.0
Pardison Fontaine,Backin' It Up (feat. Cardi B),1257029.0,0.0,3,7,3.3068434844159436,0.7909955413279307,0.0,0.0,27.1,0.0
Parker McCollum,Pretty Heart,3257671.0,0.0,0,14,3.286617222970242,0.4250135534973229,0.0,0.0,9.9,
Pashanim,Airwaves,22308683.0,0.0,0,33,1.1226459378231393,0.056220662873611,0.0,0.0,3.4,
Pashanim,Sommergewitter,12064193.0,0.0,0,14,1.140377025060358,0.0840621120835679,0.0,0.0,3.4,
Passenger,Let Her Go,77213737.0,0.0,0,141,1.6345080014567015,0.0579138192634705,0.0,0.0,4.9,
Paul McCartney,Wonderful Christmastime - Edited Version / Remastered 2011,3350922.0,0.0,0,2,0.8604830268161687,0.2627583498028751,0.0,0.0,2.6,0.0
Paul McCartney,Wonderful Christmastime [Edited Version] - Remastered 2011 / Edited Version,134401579.0,1336101.0,1,68,2.0688949190200208,0.3216056422578895,0.0,1.0,6.8,
Paul Rosenberg,Paul - Skit,21608567.0,0.0,0,17,1.0144387723635673,0.2938280152448217,0.0,0.0,3.0,
Paulo Londra,Adan y Eva,439319027.0,0.0,0,289,1.2847997948976793,0.0648579557123335,0.0,0.0,3.9,
Paulo Londra,Chica Paranormal,32311203.0,0.0,0,55,1.1220254685308633,0.0488948595632628,0.0,0.0,3.4,
Paulo Londra,Forever Alone,13564520.0,0.0,0,19,1.1129978615439855,0.0767094728098013,0.0,0.0,3.3,
Paulo Londra,Homerun (Intro),611637.0,0.0,0,1,0.9281782795747876,0.0847699125896768,0.0,0.0,2.8,0.0
Paulo Londra,Por Eso Vine,3321885.0,0.0,0,5,1.0268614026401817,0.023025808943964,0.0,0.0,3.1,0.0
Paulo Londra,Solo Pienso En Ti (feat. De La Ghetto & Justin Quiles),26176520.0,0.0,0,36,1.2237668874038852,0.0841039008390678,0.0,0.0,3.7,
Paulo Londra,Tal Vez,247112055.0,0.0,0,199,1.3368481311408686,0.0631789970178972,0.0,0.0,4.0,
"Paulo Londra, Lenny Tavárez",Nena Maldicion (feat. Lenny Tavarez),33977665.0,0.0,0,58,1.1044836754521534,0.0501394390560688,0.0,0.0,3.3,
Peach Tree Rascals,Mariposa,59908574.0,0.0,0,61,1.2382517192810951,0.0984264710488657,0.0,0.0,3.7,
"Pedro Capó, Farruko",Calma - Remix,704152641.0,0.0,0,422,3.33437249442642,0.0817585170327152,0.0,0.0,10.0,
Pentatonix,Amazing Grace (My Chains Are Gone),240746.0,0.0,0,1,0.9341450732971698,0.0621007575264506,0.0,0.0,2.8,0.0
Pentatonix,Hallelujah,29611894.0,5073305.0,5,35,2.7715434087017123,0.6703093996189817,2.0,17.1,15.7,
Pentatonix,"Mary, Did You Know?",5822164.0,0.0,0,12,3.26592969948526,0.2928463035118803,0.0,0.0,9.8,0.0
Perry Como,Here We Come a-Caroling / We Wish You a Merry Christmas,747750.0,0.0,0,2,0.7760294748018448,0.8444017907922561,0.0,0.0,2.3,0.0
Perry Como,"Medley: Caroling, Caroling / The First Noel / Hark! The Herald Angels Sing / Silent Night",437858.0,0.0,0,1,1.087082529205163,0.2106540831667394,0.0,0.0,3.3,0.0
"Perry Como, The Fontane Sisters",It's Beginning to Look a Lot Like Christmas (with Mitchell Ayres & His Orchestra),80237554.0,4882271.0,5,55,2.2071563591783625,0.4012444918692889,0.0,6.1,10.3,
Peter Manos,In My Head,8826174.0,1198175.0,5,19,3.934090792627725,0.983731634735281,1.0,13.6,23.9,
Petit Biscuit,Sunset Lover,117251375.0,0.0,0,123,1.177124042262033,0.078865109600523,0.0,0.0,3.5,
"Petter Ferraz, Menor Nico",Amor ou o Litrão,2236703.0,0.0,0,3,0.9622092179267272,0.2908615206033333,0.0,0.0,2.9,0.0
"Pharrell Williams, Camila Cabello",Sangria Wine,26764717.0,0.0,0,26,1.0921585423300406,0.15730979206016,0.0,0.0,3.3,
"Phillipa Soo, Original Broadway Cast of Hamilton",Helpless,2998024.0,0.0,0,12,1.042089216283148,0.0586652916418444,0.0,0.0,3.1,0.0
Pink Sweat$,At My Worst,18353764.0,0.0,0,21,1.185450625029104,0.0580292348113438,0.0,0.0,3.6,
PinkPantheress,Pain,3225870.0,0.0,0,13,1.1433223176911214,0.0543163286938333,0.0,0.0,3.4,0.0
Piso 21,Besándote,52188143.0,0.0,0,96,1.1088866885327062,0.0636324485010391,0.0,0.0,3.3,
Piso 21,Déjala Que Vuelva (feat. Manuel Turizo),209781954.0,1729411.0,1,192,3.634312892321953,0.0885840967970161,0.0,0.8,11.1,
Piso 21,Me llamas (feat. Maluma) - Remix,154015411.0,0.0,0,237,1.1474595814536437,0.0619819446843869,0.0,0.0,3.4,
Piso 21,Puntos Suspensivos,11667229.0,0.0,0,18,1.1293918337770394,0.0701360516191778,0.0,0.0,3.4,
"Piso 21, Christian Nodal",Pa' Olvidarme De Ella,61257264.0,0.0,0,86,2.0285302267714753,0.0967994593097665,0.0,0.0,6.1,
"Piso 21, Micro TDH",Te Vi,208896232.0,745856.0,1,191,3.092413003909797,0.0884087774872899,0.0,0.4,9.5,
"Piso 21, Paulo Londra",Te Amo,132758681.0,0.0,0,175,1.2426540271527518,0.0631805861777083,0.0,0.0,3.7,
Pitbull,Hey Ma (with Pitbull & J Balvin feat. Camila Cabello) - Spanish Version,144122940.0,0.0,0,170,1.286461935163855,0.0639176644125137,0.0,0.0,3.9,
Playboi Carti,@ MEH,28950598.0,3044677.0,1,27,1.0247375168572457,0.2494202552449009,0.0,10.5,4.6,
Playboi Carti,Fell In Luv (feat. Bryson Tiller),787395.0,0.0,0,3,0.5663318114425964,0.8462317410698837,0.0,0.0,1.7,0.0
Playboi Carti,Love Hurts (feat. Travis Scott),952699.0,0.0,0,4,0.5034744086467586,1.0074931522240127,0.0,0.0,1.5,0.0
Playboi Carti,Magnolia,192717879.0,277187.0,1,207,2.4834665836863024,0.0899796662709016,0.0,0.1,7.6,
Playboi Carti,Poke It Out (with Nicki Minaj),431766.0,0.0,0,3,0.770814295229986,0.4794537218920193,0.0,0.0,2.3,0.0
Playboi Carti,R.I.P.,1385650.0,0.0,0,5,0.5256010238380043,0.9026729434126108,0.0,0.0,1.6,0.0
Playboi Carti,Shoota (feat. Lil Uzi Vert),103088428.0,0.0,0,212,1.2389795605337506,0.0993357472459603,0.0,0.0,3.7,
Playboi Carti,Slay3r,1137626.0,0.0,0,5,0.9943017828575198,0.074492564697994,0.0,0.0,3.0,0.0
"Playboi Carti, Lil Uzi Vert",wokeuplikethis*,87924535.0,0.0,0,169,2.253592586662397,0.1230968576426634,0.0,0.0,6.8,
"Playboi Carti, Pi’erre Bourne",Right Now (feat. Pi'erre Bourne),404203.0,0.0,0,2,0.4868114731520068,0.99708113365889,0.0,0.0,1.5,0.0
PnB Rock,"Horses (with PnB Rock, Kodak Black & A Boogie Wit da Hoodie)",25639125.0,0.0,0,131,1.0838331574102622,0.045249732714,0.0,0.0,3.3,
PnB Rock,I Like Girls (feat. Lil Skies),6829402.0,0.0,0,27,1.642222969286474,0.1360000224261008,0.0,0.0,4.9,
PnB Rock,Misunderstood,852538.0,0.0,0,5,1.1805421700680796,0.0984513941649915,0.0,0.0,3.5,0.0
PnB Rock,Selfish,57413483.0,0.0,0,228,2.0427756434851196,0.0639319480554128,0.0,0.0,6.1,
"PnB Rock, XXXTENTACION",MIDDLE CHILD,8556408.0,0.0,0,26,1.190193411820939,0.2186142608365759,0.0,0.0,3.6,
Polo G,21,95331932.0,0.0,0,152,2.418683321207341,0.1870398900687628,0.0,0.0,7.3,
Polo G,33,1148341.0,0.0,0,5,0.8532115580896069,0.2308919416388612,0.0,0.0,2.6,0.0
Polo G,Be Something (feat. Lil Baby),17052512.0,0.0,0,59,1.0857557982521524,0.1114876460797153,0.0,0.0,3.3,
Polo G,Beautiful Pain (Losin My Mind),1396176.0,0.0,0,5,0.5846227145103232,0.8629183671625615,0.0,0.0,1.8,0.0
Polo G,DND,4533429.0,0.0,0,18,1.357006217685021,0.1365188765530096,0.0,0.0,4.1,
Polo G,Don't Believe The Hype,441161.0,0.0,0,2,0.7425989104596395,0.3578444275258723,0.0,0.0,2.2,0.0
Polo G,Epidemic,3163750.0,0.0,0,13,0.99907475973299,0.3662209132223742,0.0,0.0,3.0,0.0
Polo G,Flex (feat. Juice WRLD),118911803.0,0.0,0,130,1.4855412125769696,0.1392138194013789,0.0,0.0,4.5,
Polo G,GANG GANG (with Lil Wayne),4448592.0,0.0,0,14,1.221091942420765,0.0970968819975251,0.0,0.0,3.7,
Polo G,Heartless (feat. Mustard),1279347.0,0.0,0,5,0.8496073122644291,0.2091485065307815,0.0,0.0,2.5,0.0
Polo G,I Know,687675.0,0.0,0,3,0.849815057458141,0.2152208621257626,0.0,0.0,2.5,0.0
Polo G,Martin & Gina,76438311.0,1752246.0,2,91,2.5800684279741426,0.1665092986129224,0.0,2.3,8.6,
Polo G,No Return (with The Kid LAROI & Lil Durk),3642054.0,0.0,0,14,1.0946588118867342,0.0961366528354309,0.0,0.0,3.3,
Polo G,Pop Out (feat. Lil Tjay),436719832.0,277186.0,1,529,3.525901720586641,0.0692255005085819,0.0,0.1,10.7,
Polo G,RAPSTAR,39283600.0,0.0,0,14,1.0174954427084304,0.0558935265890375,0.0,0.0,3.1,
Polo G,Wishing For A Hero (feat. BJ The Chicago Kid),451881.0,0.0,0,2,0.9286219024950058,0.1213486530005024,0.0,0.0,2.8,0.0
"Polo G, Lil Tjay",First Place,513986.0,0.0,0,2,0.9264368364059852,0.1076275161238211,0.0,0.0,2.8,0.0
"Polo G, Stunna 4 Vegas",Go Stupid (feat. NLE Choppa & Mike WiLL Made-It),86998517.0,0.0,0,89,2.268666560450597,0.1772101296814709,0.0,0.0,6.8,
"Polo G, Stunna 4 Vegas, NLE Choppa, Mike WiLL Made-It",Go Stupid,23574345.0,0.0,0,71,1.0452516027958023,0.0876643808639608,0.0,0.0,3.1,
"Poo Bear, Justin Bieber, Jay Electronica",Hard 2 Face Reality,2933538.0,0.0,0,7,1.0249584807358068,0.3018299583150491,0.0,0.0,3.1,0.0
Pooh Shiesty,Back In Blood (feat. Lil Durk),3980476.0,0.0,0,15,1.0729761260714197,0.059346254455658,0.0,0.0,3.2,
Pop Smoke,44 BullDog,8802768.0,0.0,0,11,0.7293406770985721,0.4915671383702134,0.0,0.0,2.2,0.0
Pop Smoke,Aim For The Moon (feat. Quavo),14340872.0,0.0,0,17,1.7535009978273906,0.5088650085717044,0.0,0.0,5.3,
Pop Smoke,Bad Bitch From Tokyo (Intro),2526785.0,0.0,1,4,0.6005740066725059,0.6770468596891279,0.0,0.0,11.8,0.0
Pop Smoke,Creature (feat. Swae Lee),6733700.0,0.0,0,8,0.7497529225340701,0.4303849246294932,0.0,0.0,2.2,0.0
Pop Smoke,Diana (feat. King Combs),726985.0,0.0,0,3,0.3224983455234717,0.8054963132135602,0.0,0.0,1.0,0.0
Pop Smoke,Dior,252871359.0,832520.0,1,234,2.1343505513523127,0.1612475789943113,0.0,0.3,6.6,
Pop Smoke,Dior (with Gunna) - Remix,8601523.0,0.0,0,38,1.1344273147236654,0.0607109908766742,0.0,0.0,3.4,
Pop Smoke,Enjoy Yourself (feat. Karol G),8209887.0,0.0,0,9,1.3476741087706503,0.370568596338836,0.0,0.0,4.0,0.0
Pop Smoke,For The Night (feat. Lil Baby & DaBaby),317925823.0,0.0,0,112,1.1962688089642886,0.0944742197111301,0.0,0.0,3.6,
Pop Smoke,Gangstas,17114878.0,947782.0,1,17,1.486783497299599,0.3139551072135114,0.0,5.5,6.8,
Pop Smoke,Got It On Me,106934018.0,0.0,0,77,1.1119470736700416,0.0737527867788441,0.0,0.0,3.3,
Pop Smoke,Hello (feat. A Boogie Wit da Hoodie),59904726.0,0.0,0,57,2.1530999686457792,0.1559882656621682,0.0,0.0,6.5,
Pop Smoke,Make It Rain (feat. Rowdy Rebel),12677159.0,0.0,0,14,0.8159125565374238,0.3552627817496317,0.0,0.0,2.4,
Pop Smoke,Mood Swings (feat. Lil Tjay),197746072.0,3484879.0,2,96,2.1880830055498164,0.1432184730442723,0.0,1.8,7.4,
Pop Smoke,Shake The Room (feat. Quavo),5335809.0,0.0,0,12,1.9826170634622984,0.7332548949715808,0.0,0.0,5.9,0.0
Pop Smoke,Snitching (feat. Quavo & Future),3690381.0,0.0,0,5,0.6969989858602993,0.5035451358209476,0.0,0.0,2.1,0.0
Pop Smoke,Something Special,20797906.0,0.0,0,49,2.637771625149977,0.2356301126319983,1.0,0.0,8.5,
Pop Smoke,The Woo (feat. 50 Cent & Roddy Ricch),182095552.0,0.0,0,96,1.1895123849385054,0.1076241849499581,0.0,0.0,3.6,
Pop Smoke,Tunnel Vision (Outro),2093185.0,0.0,0,3,0.7700175472624327,0.3845185577417063,0.0,0.0,2.3,0.0
Pop Smoke,Welcome To The Party,1345075.0,0.0,2,2,5.271777898270831,1.8143874785081409,0.0,0.0,55.8,0.0
Pop Smoke,West Coast Shit (feat. Tyga & Quavo),3660225.0,0.0,0,5,0.7541928746037888,0.4402545057991526,0.0,0.0,2.3,0.0
Pop Smoke,What You Know Bout Love,164619988.0,3314983.0,1,78,2.748428928141569,0.2269040405748409,0.0,2.0,8.8,
Pop Smoke,Yea Yea,6177898.0,0.0,0,7,0.7428590522001394,0.4067712585289471,0.0,0.0,2.2,0.0
"Pop Smoke, Rowdy Rebel",Make It Rain,8639818.0,0.0,0,19,1.09069008359668,0.2893931430710782,0.0,0.0,3.3,
"Popp Hunna, Lil Uzi Vert",Adderall (Corvette Corvette) - Remix,1938286.0,0.0,0,7,1.006421137025186,0.0463642453579106,0.0,0.0,3.0,0.0
Portugal. The Man,Feel It Still,317282444.0,0.0,0,320,3.5680779841239216,0.0912041898205109,0.0,0.0,10.7,
Post Malone,92 Explorer,99465994.0,0.0,0,107,1.0748100019731026,0.0986035686178072,0.0,0.0,3.2,
Post Malone,A Thousand Bad Times,69821301.0,0.0,0,61,1.1200741804354142,0.1863965712927626,0.0,0.0,3.4,
Post Malone,Allergic,50233931.0,0.0,0,47,1.0266519185694345,0.1938128585082718,0.0,0.0,3.1,
Post Malone,Ball For Me (feat. Nicki Minaj),246799145.0,0.0,0,213,1.2426628287128365,0.0958222953147495,0.0,0.0,3.7,
Post Malone,Better Now,1660879070.0,28971517.0,4,843,2.714787176170669,0.0843780456693545,1.0,1.7,8.4,
Post Malone,Blame It On Me,52696212.0,0.0,0,51,1.0171020112718894,0.1731350402501487,0.0,0.0,3.1,
Post Malone,Candy Paint,396997109.0,12914362.0,4,559,4.039402978904116,0.0790723074564905,0.0,3.3,12.4,
Post Malone,Circles,1475101606.0,49343877.0,7,420,1.5865929121516331,0.0584740783038276,0.0,3.3,5.4,
Post Malone,Die For Me (feat. Future & Halsey),109523696.0,0.0,0,86,1.5671192426618208,0.1813136838185036,0.0,0.0,4.7,
Post Malone,Enemies (feat. DaBaby),222685876.0,0.0,0,253,1.182438320567014,0.0796591717675944,0.0,0.0,3.5,
Post Malone,Go Flex,166334867.0,0.0,0,385,2.4787336310450057,0.1751685150950794,2.0,0.0,7.6,
Post Malone,Goodbyes (Feat. Young Thug),849554180.0,19075202.0,3,327,1.6294520177420226,0.0581170075902964,0.0,2.2,5.3,
Post Malone,Goodbyes (feat. Young Thug),53499350.0,0.0,0,83,1.4868120055321408,0.1412838828700842,0.0,0.0,4.5,
Post Malone,Hollywood's Bleeding,164996653.0,0.0,0,100,1.5904295380279636,0.1573412247727603,0.0,0.0,4.8,
Post Malone,I Fall Apart,851419663.0,0.0,0,962,3.515795976272131,0.1029860193383056,3.0,0.0,10.6,
Post Malone,I Know,26736858.0,0.0,0,29,1.0548957169036652,0.2992333886042396,0.0,0.0,3.2,
Post Malone,I'm Gonna Be,49188622.0,0.0,0,47,1.1537020870833918,0.2274763384480496,0.0,0.0,3.5,
Post Malone,Internet,23320554.0,0.0,0,26,1.0007440105075898,0.2842330611395114,0.0,0.0,3.0,
Post Malone,Jonestown (Interlude),22341276.0,0.0,0,26,0.9754781192583932,0.2826037086496184,0.0,0.0,2.9,
Post Malone,Motley Crew,23887692.0,0.0,1,6,0.9951308080578238,0.122023529579078,0.0,0.0,9.7,0.0
Post Malone,Myself,33232692.0,0.0,0,37,1.0109677005072883,0.2130291584428782,0.0,0.0,3.0,
Post Malone,No Option,4589769.0,0.0,0,22,1.2404175473653154,0.0769159994785648,0.0,0.0,3.7,
Post Malone,On The Road (feat. Meek Mill & Lil Baby),98588872.0,0.0,0,88,1.0842718493962742,0.1343827181975374,0.0,0.0,3.3,
Post Malone,Otherside,58674130.0,0.0,0,53,1.518718924219025,0.2273881964409785,0.0,0.0,4.6,
Post Malone,Over Now,103721963.0,0.0,0,92,1.0562636359223492,0.1194361779864781,0.0,0.0,3.2,
Post Malone,Paranoid,190769547.0,13024553.0,2,135,1.1515840661997814,0.1080310021687148,0.0,6.8,4.0,
Post Malone,Psycho (feat. Ty Dolla $ign),1276897059.0,65032195.0,8,605,1.847667589422286,0.0803182994535274,0.0,5.1,6.1,
Post Malone,Rich & Sad,142910080.0,5666368.0,1,142,1.2635889969810767,0.1035600966377048,0.0,4.0,4.1,
Post Malone,Saint-Tropez,214944283.0,6252626.0,1,109,1.2458642249656442,0.1345269015373008,0.0,2.9,4.1,
Post Malone,Same Bitches (feat. G-Eazy & YG),86144277.0,0.0,0,73,1.02177567845298,0.1343418892237106,0.0,0.0,3.1,
Post Malone,Spoil My Night (feat. Swae Lee),152492001.0,0.0,0,118,2.2587635342809596,0.1537521647933377,0.0,0.0,6.8,
Post Malone,Staring At The Sun (feat. SZA),46864352.0,0.0,0,45,1.1778579768984596,0.2399747908219119,0.0,0.0,3.5,
Post Malone,Stay,160695145.0,5583861.0,1,177,1.637444872491726,0.1167770144731148,0.0,3.5,5.1,
Post Malone,Sugar Wraith,47981487.0,0.0,0,51,1.028391507420918,0.1662521602268427,0.0,0.0,3.1,
Post Malone,Take What You Want (feat. Ozzy Osbourne & Travis Scott),305152891.0,0.0,0,227,2.8284880447128704,0.1194494949211708,1.0,0.0,8.6,
Post Malone,Takin' Shots,79235614.0,0.0,0,68,1.0205245272162582,0.144946734853797,0.0,0.0,3.1,
Post Malone,White Iverson,215508018.0,0.0,0,388,2.4956219605230987,0.165730109219529,1.0,0.0,7.6,
Post Malone,Wow.,1322888639.0,57543274.0,10,634,2.6105159825404707,0.0907550555091204,1.0,4.3,8.5,
Post Malone,Zack And Codeine,88781376.0,0.0,0,75,1.0565133933859263,0.1460575688038141,0.0,0.0,3.2,
Post Malone,rockstar (feat. 21 Savage),1384207188.0,5686341.0,1,887,1.4088154520526568,0.0578528603366809,0.0,0.4,4.3,
"Post Malone, 21 Savage",rockstar,289224108.0,13882465.0,3,84,3.586557650287448,0.109820717887507,0.0,4.8,12.2,
"Post Malone, Justin Bieber",Deja Vu,18634611.0,0.0,0,93,1.0784790400498676,0.0551493159976275,0.0,0.0,3.2,
"Post Malone, Quavo",Congratulations,1175902577.0,0.0,0,1012,2.6423887252952505,0.1144529773935427,1.0,0.0,8.0,
"Post Malone, Quavo, Future",Congratulations - Remix,5837537.0,0.0,0,28,1.091195170705874,0.0761607352028324,0.0,0.0,3.3,
"Post Malone, Roddy Ricch, Tyga",Wow. - Remix,47037264.0,0.0,0,67,1.2431316654074671,0.1360659576168948,0.0,0.0,3.7,
"Post Malone, Swae Lee",Sunflower - Spider-Man: Into the Spider-Verse,2235799191.0,5568334.0,1,736,1.8501926775802016,0.0563960756765444,0.0,0.2,5.6,
"Powfu, beabadoobee",death bed (coffee for your head),788450554.0,0.0,0,252,1.4426618717096944,0.0634157950555918,0.0,0.0,4.3,
Prince,Purple Rain,167673.0,0.0,0,1,0.9948263075143136,0.0359444143424898,0.0,0.0,3.0,0.0
Prince Royce,El Clavo,20510840.0,0.0,0,36,2.059951052754883,0.2325735545007641,0.0,0.0,6.2,
"Prince Royce, Shakira",Deja vu,11031011.0,0.0,0,23,1.0422460703270855,0.0457196758467804,0.0,0.0,3.1,
Pusha T,Come Back Baby,1305141.0,0.0,4,7,1.1056805831927934,0.8728658276954147,0.0,0.0,26.2,0.0
Pusha T,If You Know You Know,8919655.0,2248768.0,2,18,1.2082463087263888,0.4740117271920147,0.0,25.2,8.1,
Pusha T,Infrared,1401165.0,0.0,3,7,0.9407610542606376,0.8286046222434239,0.0,0.0,20.0,0.0
Pusha T,Santeria,1255501.0,0.0,4,7,1.1071757464282763,0.8674393300822931,0.0,0.0,26.2,0.0
Pusha T,The Games We Play,2830820.0,0.0,1,11,1.0326392134283155,0.5511181273138267,0.0,0.0,6.7,0.0
"Pusha T, Kanye West",What Would Meek Do?,4115043.0,0.0,2,10,1.271545893904696,0.7467636783308345,0.0,0.0,11.8,0.0
"Pusha T, Rick Ross",Hard Piano,1312142.0,0.0,3,7,1.0083095762495964,0.8487142735485615,0.0,0.0,20.2,0.0
Quality Control,Baby (Lil Baby feat. DaBaby),205175688.0,0.0,0,306,1.1375488947003731,0.0664593457004686,0.0,0.0,3.4,
Quality Control,Big Rocks (Offset feat. Young Thug),6759970.0,0.0,0,26,1.0296153418779574,0.0613725983464174,0.0,0.0,3.1,
Quality Control,Double Trouble (Quavo feat. Meek Mill),492940.0,0.0,0,2,0.8888199861469224,0.1191077826653286,0.0,0.0,2.7,0.0
Quality Control,"Pink Toes (Offset, DaBaby feat. Gunna)",1785436.0,0.0,0,7,1.04923196085097,0.2255971629910396,0.0,0.0,3.1,0.0
"Quality Control, Lil Baby, DaBaby",Baby,37765987.0,0.0,0,28,2.0827055857914925,0.171409401876616,0.0,0.0,6.2,
"Quality Control, Migos",Stripper Bowl,1241268.0,0.0,0,5,0.8914031384919173,0.1914455148549733,0.0,0.0,2.7,0.0
"Quality Control, Migos, Lil Yachty, Gucci Mane",Intro,457159.0,0.0,0,2,0.9233788118282916,0.0960087779290291,0.0,0.0,2.8,0.0
"Quality Control, Quavo, Lil Yachty",Ice Tray,10583042.0,0.0,0,43,3.563055282772965,0.1709454593540053,0.0,0.0,10.7,
Quavo,BIGGEST ALLEY OOP,2431337.0,0.0,0,5,0.7218849540940603,0.6692811253185603,0.0,0.0,2.2,0.0
Quavo,CHAMPAGNE ROSÉ (feat. Madonna & Cardi B),197903.0,0.0,0,1,0.3386861322196469,1.0751590515928704,0.0,0.0,1.0,0.0
Quavo,FLIP THE SWITCH (feat. Drake),7883087.0,0.0,0,12,0.903633879290821,0.5131785128233278,0.0,0.0,2.7,0.0
Quavo,GIVE IT TO EM (feat. Saweetie),376241.0,0.0,1,2,0.3581905970478238,1.1770361094319042,0.0,0.0,21.1,0.0
Quavo,HUNCHO DREAMS,662954.0,0.0,2,3,0.3829400751948908,1.1811649563038835,0.0,0.0,27.8,0.0
Quavo,LAMB TALK,1074842.0,0.0,2,9,2.353775179180052,0.923534745317635,1.0,0.0,19.3,0.0
Quavo,LOSE IT (feat. Lil Baby),8671959.0,0.0,0,19,0.955300748799404,0.2916202534233595,0.0,0.0,2.9,
Quavo,PASS OUT (feat. 21 Savage),20870526.0,0.0,0,21,0.9095695152184248,0.324975413324628,0.0,0.0,2.7,
Quavo,RERUN (feat. Travis Scott),2372762.0,0.0,0,5,0.7179228446051129,0.6630499046370433,0.0,0.0,2.2,0.0
Quavo,WORKIN ME,115157885.0,0.0,0,166,3.551554578126689,0.124501831275852,0.0,0.0,10.7,
Queen,Another One Bites The Dust - Remastered 2011,406581104.0,0.0,0,445,1.779502128111801,0.0679582611715236,0.0,0.0,5.3,
Queen,Bohemian Rhapsody - Remastered 2011,980320562.0,0.0,0,791,1.5278788087595676,0.0662100960395307,0.0,0.0,4.6,
Queen,Crazy Little Thing Called Love - Remastered 2011,11526709.0,0.0,0,18,1.1124756498469537,0.0670835373333578,0.0,0.0,3.3,
Queen,Don't Stop Me Now - Remastered 2011,458550797.0,0.0,0,472,1.8178121879826183,0.0893591351984093,0.0,0.0,5.5,
Queen,I Want To Break Free - Single Remix,529091.0,0.0,0,1,0.9536705193456072,0.062937267693493,0.0,0.0,2.9,0.0
Queen,Killer Queen - Remastered 2011,44602367.0,0.0,0,51,1.2916194129022642,0.1067100934324839,0.0,0.0,3.9,
Queen,Love Of My Life - Remastered 2011,1807011.0,0.0,0,3,3.5217590330143453,1.2986594406402985,0.0,0.0,10.6,0.0
Queen,Radio Ga Ga - Live Aid,4367971.0,0.0,0,7,1.0224019512464169,0.0624146794498251,0.0,0.0,3.1,0.0
Queen,Somebody To Love - Remastered 2011,137042951.0,0.0,0,149,1.5288971644950546,0.0695153266649191,0.0,0.0,4.6,
Queen,Thank God It's Christmas - 2011 Remaster,6525895.0,0.0,0,5,2.320732494894616,0.2276529955700547,0.0,0.0,7.0,0.0
Queen,Thank God It's Christmas - Non-Album Single,15828144.0,0.0,1,13,2.5881834531148433,0.5529197319916658,0.0,0.0,10.8,0.0
Queen,We Are The Champions - Remastered 2011,13376947.0,0.0,0,21,1.0923416460353697,0.0392762695810451,0.0,0.0,3.3,
Queen,We Will Rock You - Remastered,112446906.0,0.0,0,149,1.1469928900805408,0.054762782440112,0.0,0.0,3.4,
Queen,We Will Rock You - Remastered 2011,1537666.0,0.0,0,7,1.108649191112928,0.0654443934133929,0.0,0.0,3.3,0.0
"Queen, David Bowie",Under Pressure - Remastered 2011,272294487.0,0.0,0,343,1.3593136609916658,0.0699058149773493,0.0,0.0,4.1,
R. Kelly,Ignition - Remix,912382.0,0.0,0,5,1.1949025070045858,0.1184673422234665,0.0,0.0,3.6,0.0
"R3HAB, A Touch Of Class",All Around The World (La La La),110757401.0,0.0,0,106,1.4544616752247443,0.0879469542611738,0.0,0.0,4.4,
RAF Camora,Adriana,1887089.0,0.0,0,3,0.8724496410156111,0.2772332134087525,0.0,0.0,2.6,0.0
RIN,UP IN SMOKE,1312377.0,0.0,0,2,0.8909315464568213,0.1577142417048496,0.0,0.0,2.7,0.0
RIN,Vintage,1304810.0,0.0,0,2,0.8898232188153948,0.1838806222975135,0.0,0.0,2.7,0.0
"RIN, Bausa",Keine Liebe,4522306.0,0.0,0,6,0.9673187678229772,0.1603268663344128,0.0,0.0,2.9,0.0
ROSALÍA,Aute Cuture,5198331.0,0.0,0,7,0.9235812670798302,0.1609230413355207,0.0,0.0,2.8,0.0
ROSALÍA,Milionària,2570455.0,0.0,0,4,0.933297261000298,0.1529314670701026,0.0,0.0,2.8,0.0
ROSALÍA,TKN (feat. Travis Scott),177818311.0,0.0,0,104,1.1656624157803537,0.0832366033630128,0.0,0.0,3.5,
"ROSALÍA, J Balvin, El Guincho",Con Altura,398793827.0,0.0,0,320,1.3467869366080696,0.0656526442802272,0.0,0.0,4.0,
"ROSALÍA, Ozuna","Yo x Ti, Tu x Mi",249638568.0,0.0,0,181,1.2097148068628754,0.071046351036363,0.0,0.0,3.6,
Rae Sremmurd,No Type,5010357.0,0.0,0,32,1.1059122703713529,0.0562192580073901,0.0,0.0,3.3,
Rae Sremmurd,Perplexing Pegasus,28689269.0,0.0,0,26,1.047542619339134,0.0665829319911766,0.0,0.0,3.1,
Rae Sremmurd,Swang,254402688.0,0.0,0,238,1.1892069816528803,0.0732699977308263,0.0,0.0,3.6,
Rae Sremmurd,T'd Up,2297857.0,0.0,0,6,1.324048775604428,0.6132141133006507,0.0,0.0,4.0,0.0
"Rae Sremmurd, Gucci Mane",Black Beatles,241424917.0,0.0,0,230,1.6590466879108217,0.0953964511267892,0.0,0.0,5.0,
"Rae Sremmurd, Slim Jxmmi, Pharrell Williams",Chanel (feat. Swae Lee & Pharrell) - From Jxmtro,645956.0,0.0,0,4,0.9316881700311702,0.3032595780793904,0.0,0.0,2.8,0.0
"Rae Sremmurd, Swae Lee",Guatemala (feat. Slim Jxmmi) - From Swaecation,15818821.0,0.0,0,20,1.197314683353491,0.3468744423812023,0.0,0.0,3.6,
"Rae Sremmurd, Swae Lee, Slim Jxmmi",Bedtime Stories (feat. The Weeknd) - From SR3MM,423458.0,0.0,2,3,0.4568567209860161,1.1295711606729415,0.0,0.0,28.0,0.0
"Rae Sremmurd, Swae Lee, Slim Jxmmi",CLOSE (feat. Travis Scott) - From SR3MM,19755117.0,3547778.0,3,34,3.965738675780423,0.5818720519791579,0.0,18.0,15.4,
"Rae Sremmurd, Swae Lee, Slim Jxmmi",Guatemala - From Swaecation,43001252.0,0.0,0,74,2.8370571412466177,0.2610574662157608,2.0,0.0,9.3,
"Rae Sremmurd, Swae Lee, Slim Jxmmi",Powerglide (feat. Juicy J),111622258.0,0.0,0,62,1.331480390066581,0.1240286386562112,0.0,0.0,4.0,
"Rae Sremmurd, Swae Lee, Slim Jxmmi",Powerglide (feat. Juicy J) - From SR3MM,151052500.0,0.0,0,197,1.0996777699270943,0.0684438671588451,0.0,0.0,3.3,
Rag'n'Bone Man,Human,110487051.0,0.0,0,153,1.1384474775971574,0.0590880242834216,0.0,0.0,3.4,
Rag'n'Bone Man,Skin,61131517.0,0.0,0,104,1.19794645290601,0.0612705451979683,0.0,0.0,3.6,
Rammstein,DEUTSCHLAND,7365605.0,0.0,1,10,2.9551668375992035,0.5818942266402971,0.0,0.0,12.9,0.0
Ramz,Barking,61433284.0,0.0,0,103,3.6191256873900577,0.1128410332534754,0.0,0.0,10.9,
Rauw Alejandro,Enchule,5579994.0,0.0,0,7,1.0822453854360383,0.0308815484039968,0.0,0.0,3.2,0.0
Rauw Alejandro,Sexo Virtual,5299147.0,0.0,0,7,1.095842170130388,0.0447159312609616,0.0,0.0,3.3,0.0
Rauw Alejandro,Tattoo,178751414.0,0.0,0,155,1.263540333562737,0.054346432436012,0.0,0.0,3.8,
Rauw Alejandro,Tattoo - Remix with Camilo,145150862.0,0.0,0,89,1.4181939148411544,0.0754126656502933,0.0,0.0,4.3,
Rauw Alejandro,Todo De Ti,71278003.0,0.0,0,14,1.074528810994711,0.0641411631312288,0.0,0.0,3.2,
"Rauw Alejandro, Anuel AA",Reloj,40314075.0,0.0,0,30,1.245260497103423,0.1188473630209719,0.0,0.0,3.7,
"Rauw Alejandro, Anuel AA, Natti Natasha, Farruko, Lunay",Fantasias - Remix,35656824.0,0.0,0,52,1.0658695850641349,0.0512729316801492,0.0,0.0,3.2,
"Rauw Alejandro, Chencho Corleone",El Efecto,72454147.0,0.0,0,95,1.1045510235812388,0.0504044683535089,0.0,0.0,3.3,
"Rauw Alejandro, Chencho Corleone, KEVVO, Bryant Myers, Lyanno, Dalex",El Efecto - Remix,41153232.0,0.0,0,62,1.1097241109087976,0.0546474467719577,0.0,0.0,3.3,
"Rauw Alejandro, Dalex, Lenny Tavárez",Elegí (feat. Dímelo Flow),165283197.0,0.0,0,159,1.1162242757897496,0.0491810867919677,0.0,0.0,3.3,
"Rauw Alejandro, Farruko",Fantasias,323131126.0,0.0,0,264,1.196382803317226,0.0588792692066241,0.0,0.0,3.6,
"Rauw Alejandro, J Balvin",De Cora <3,7108896.0,0.0,0,10,1.065814413389395,0.0451887132522851,0.0,0.0,3.2,0.0
"Rauw Alejandro, Mr. Naisgai",2/Catorce,22986932.0,0.0,0,14,1.1214270807961788,0.1085180503190635,0.0,0.0,3.4,
"Rauw Alejandro, Nicky Jam",Que Le De,8896309.0,0.0,0,15,2.3313469240826863,0.4609810935765786,0.0,0.0,7.0,
Ray Parker Jr.,Ghostbusters,4263235.0,0.0,5,6,5.9923493952065,1.9718888029518975,0.0,0.0,51.3,0.0
Red Velvet,Psycho,43387320.0,0.0,0,47,1.1911690486901023,0.0611722607406342,0.0,0.0,3.6,
Red Velvet - IRENE & SEULGI,Monster,6098548.0,0.0,0,8,1.0181077018721525,0.1353712212822332,0.0,0.0,3.1,0.0
Regard,Ride It,628509759.0,0.0,0,411,3.538553786399212,0.0823310813541376,0.0,0.0,10.6,
"Regard, RAYE",Secrets,92685393.0,0.0,0,87,1.2133728106826387,0.0799634479723224,0.0,0.0,3.6,
Reik,Me Niego (feat. Ozuna & Wisin),333686233.0,0.0,0,254,1.3369760139376667,0.0703229965520571,0.0,0.0,4.0,
"Reik, J Balvin, Lalo Ebratt",Indeciso,166481394.0,0.0,0,173,1.214012484124789,0.0748956705677344,0.0,0.0,3.6,
"Reik, Maluma",Amigos Con Derechos,145352938.0,0.0,0,159,1.297295352889177,0.0719539182952483,0.0,0.0,3.9,
"Renée Elise Goldsberry, Original Broadway Cast of Hamilton",Satisfied,4236881.0,0.0,0,15,1.1394883524921595,0.0990490247974693,0.0,0.0,3.4,
"Renée Elise Goldsberry, Phillipa Soo, Jasmine Cephas-Jones, Leslie Odom Jr., Original Broadway Cast of Hamilton",The Schuyler Sisters,2652549.0,0.0,0,11,1.03000994048618,0.0453413683735951,0.0,0.0,3.1,0.0
Residente,René,17705840.0,0.0,0,14,1.2495610954526046,0.2415468807455725,0.0,0.0,3.7,
"Residente, Bad Bunny",Bellacoso,40539723.0,0.0,0,49,1.1940600063031428,0.0679636753226176,0.0,0.0,3.6,
Rex Orange County,10/10,0.0,0.0,0,1,0.0,0.8713039607621045,0.0,0.0,0.0,0.0
Rex Orange County,Face to Face,665296.0,0.0,0,3,0.5105171865276895,1.0030624614129036,0.0,0.0,1.5,0.0
Rex Orange County,Pluto Projector,860135.0,0.0,0,4,0.9809203271930425,0.1926029454917156,0.0,0.0,2.9,0.0
Reynmen,Derdim Olsun,2033828.0,0.0,0,4,1.0764109741787908,0.1896401289284601,0.0,0.0,3.2,0.0
Reynmen,Ela,9358997.0,0.0,0,12,0.9952436304192128,0.0936928632536591,0.0,0.0,3.0,0.0
Rich Brian,Attention (feat. Offset),1019161.0,0.0,1,6,0.5479084515796402,0.9023149987900254,0.0,0.0,8.3,0.0
Rich Brian,Glow Like Dat,381871.0,0.0,1,2,3.0558903848662213,1.5066487741762222,0.0,0.0,29.2,0.0
"Rich Brian, Keith Ape, XXXTENTACION",Gospel,500294.0,0.0,0,2,1.4759401342370913,0.1743312457137658,0.0,0.0,4.4,0.0
"Rich Music LTD, Dalex, Sech, Justin Quiles, Wisin, Zion, Dímelo Flow, Lenny Tavárez, Feid",Quizás,19165872.0,0.0,0,19,1.2686010018949092,0.0968762856289052,0.0,0.0,3.8,
"Rich Music LTD, Sech, Dalex, Justin Quiles, Lenny Tavárez, Feid",Perreo en La Luna,49120410.0,0.0,0,62,1.1267062603395228,0.0627366980538423,0.0,0.0,3.4,
"Rich Music LTD, Sech, Dalex, Justin Quiles, Lenny Tavárez, Feid, Wisin, Zion",Quizas,147215419.0,0.0,0,144,1.1267419323044654,0.0649162452586094,0.0,0.0,3.4,
Rich The Kid,4 Phones,770494.0,0.0,0,3,0.9407327758334124,0.1344838212020861,0.0,0.0,2.8,0.0
Rich The Kid,Early Morning Trappin (feat. Trippie Redd),1398981.0,0.0,0,6,0.9463972367144334,0.1795522906845969,0.0,0.0,2.8,0.0
Rich The Kid,End Of Discussion (feat. Lil Wayne),4380155.0,0.0,0,11,0.955506424866458,0.3856979066120081,0.0,0.0,2.9,0.0
Rich The Kid,Fall Threw (feat. Young Thug & Gunna),4099707.0,0.0,0,10,0.9074733520020354,0.4366548496801481,0.0,0.0,2.7,0.0
Rich The Kid,Leave Me,4736781.0,0.0,0,16,2.297571593008027,0.3223711911657353,1.0,0.0,8.8,
Rich The Kid,Like Mike (feat. Jay Critch & A Boogie wit da Hoodie),788498.0,0.0,0,3,0.946141630467724,0.1408995575480909,0.0,0.0,2.8,0.0
Rich The Kid,Lost It (feat. Quavo & Offset),1843575.0,0.0,0,9,0.9782461650730924,0.511698080429528,0.0,0.0,2.9,0.0
Rich The Kid,New Freezer (feat. Kendrick Lamar),128221805.0,0.0,0,182,3.622306173581456,0.0947720185361087,0.0,0.0,10.9,
Rich The Kid,No Question (feat Future),1115856.0,0.0,0,5,0.564591463639833,0.8433979105017337,0.0,0.0,1.7,0.0
Rich The Kid,Plug Walk,442736186.0,2194979.0,2,415,2.252582705233575,0.1191060656212938,1.0,0.5,7.0,
Rich The Kid,Splashin,166265348.0,0.0,0,181,2.632259609823237,0.1380283054351211,0.0,0.0,7.9,
Rich The Kid,Stuck Together (feat. Lil Baby),506226.0,0.0,0,2,0.4496554665169595,0.8863769412523109,0.0,0.0,1.3,0.0
Rich The Kid,Tic Toc (with Tory Lanez),2061702.0,0.0,0,8,0.9059331067771936,0.5867715942460643,0.0,0.0,2.7,0.0
Rich The Kid,Too Gone (feat. Khalid),1458727.0,0.0,0,7,0.7970357076551766,0.7490428377752681,0.0,0.0,2.4,0.0
"Rich The Kid, 2 Chainz","Plug Walk (feat. Gucci Mane, YG, 2Chainz) - Remix",422286.0,0.0,0,3,0.9896833201011738,0.2612765052646401,0.0,0.0,3.0,0.0
"Rich The Kid, YG",Mo Paper,441431.0,0.0,0,2,0.8594636684663148,0.2065998950583769,0.0,0.0,2.6,0.0
"Rich The Kid, YoungBoy Never Broke Again",Money Talk,2031250.0,0.0,0,7,0.8932796503120825,0.1403282441847612,0.0,0.0,2.7,0.0
Rick Ross,Act a Fool (feat. Wale),0.0,0.0,1,1,0.0,0.9128096970980094,0.0,0.0,40.0,0.0
Rick Ross,"Dead Presidents (feat. Future, Jeezy & Yo Gotti)",520327.0,0.0,0,3,0.9850958319497896,0.0685577368633203,0.0,0.0,3.0,0.0
Rick Ross,Gold Roses (feat. Drake),18934816.0,1259689.0,1,23,1.606687035207523,0.40624146114478,0.0,6.7,6.6,
Rick Ross,I Think She Like Me (feat. Ty Dolla $ign),170810.0,0.0,0,1,1.0380010938481172,0.0455407449228904,0.0,0.0,3.1,0.0
Rick Ross,Running the Streets (feat. A Boogie Wit Da Hoodie & Denzel Curry),423424.0,0.0,0,2,0.705680609290731,0.3145183901592652,0.0,0.0,2.1,0.0
Rick Ross,Trap Trap Trap (feat. Young Thug & Wale),4289497.0,0.0,0,20,1.6477397215659104,0.1831388323602494,0.0,0.0,4.9,
Ricky Martin,Fiebre (feat. Wisin & Yandel),2064586.0,0.0,0,4,3.3570220368282757,1.146120571758216,0.0,0.0,10.1,0.0
Ricky Martin,Vente Pa' Ca (feat. Maluma),139491250.0,0.0,0,210,1.1108502981530215,0.0605996768602149,0.0,0.0,3.3,
Ricky Montgomery,Line Without a Hook,3647509.0,0.0,0,14,1.0296032721116022,0.0794718132920539,0.0,0.0,3.1,
Ricky Montgomery,Mr Loverman,2589145.0,0.0,0,11,1.0949255495451296,0.0813492675117586,0.0,0.0,3.3,0.0
Rihanna,Disturbia,284245.0,0.0,1,1,0.2984215140236956,0.6088027569482873,0.0,0.0,40.9,0.0
Rihanna,Love On The Brain,179273913.0,0.0,0,225,2.636876379835138,0.1181821569158366,0.0,0.0,7.9,
Rihanna,Needed Me,76951606.0,0.0,0,162,1.148337269915719,0.0771291568547079,0.0,0.0,3.4,
"Rihanna, Drake",Work,61417173.0,0.0,0,84,1.2142472812903864,0.0952762734250112,0.0,0.0,3.6,
Riley Green,If It Wasn’t For Trucks,204157.0,0.0,0,1,0.8547033236625179,0.1403454020138167,0.0,0.0,2.6,0.0
Rita Ora,Anywhere,92361815.0,1444309.0,1,109,3.1944046686214045,0.1120210183802302,0.0,1.6,10.0,
Rita Ora,"Girls (feat. Cardi B, Bebe Rexha & Charli XCX)",55390333.0,0.0,0,55,1.2609112938909732,0.1400720325398957,0.0,0.0,3.8,
Rita Ora,Let You Love Me,241200056.0,0.0,0,193,1.468283638881913,0.0940903874128635,0.0,0.0,4.4,
Rita Ora,Only Want You,3537319.0,0.0,0,5,1.2135798745349653,0.2111791609279633,0.0,0.0,3.6,0.0
Rita Ora,Your Song,174804488.0,0.0,0,95,1.5809308204490655,0.0932167813042877,0.0,0.0,4.7,
"Riton, Nightcrawlers",Friday (feat. Mufasa & Hypeman) - Dopamine Re-Edit,32647954.0,0.0,0,14,1.257653892391185,0.1624751032411726,0.0,0.0,3.8,
"Riton, Oliver Heldens",Turn Me On (feat. Vula),50648771.0,0.0,0,68,3.4789043112513145,0.1664795051474175,0.0,0.0,10.4,
Ritt Momney,Put Your Records On,91186566.0,0.0,0,45,1.799184509466582,0.1517695516443926,0.0,0.0,5.4,
Rob $tone,Chill Bill (feat. J. Davi$ & Spooks),105932249.0,0.0,0,231,2.295470901562492,0.1083610007983669,0.0,0.0,6.9,
Robin Schulz,All We Got (feat. KIDDO),6484454.0,0.0,0,7,1.1622160508633146,0.0850321625903611,0.0,0.0,3.5,0.0
Robin Schulz,In Your Eyes (feat. Alida),87133051.0,0.0,0,105,1.1210521808252605,0.0637628549747158,0.0,0.0,3.4,
Robin Schulz,Speechless (feat. Erika Sirola),73597933.0,0.0,0,94,1.1434922970135777,0.0742001387677024,0.0,0.0,3.4,
Robin Schulz,Sugar (feat. Francesco Yates),1090556.0,0.0,0,3,1.0412370556013433,0.0322053628807507,0.0,0.0,3.1,0.0
"Robin Schulz, David Guetta, Cheat Codes",Shed a Light,151405104.0,1704582.0,1,150,1.2478804100410037,0.0881185733610964,0.0,1.1,4.0,
"Robin Schulz, James Blunt",OK,96977062.0,0.0,0,100,1.325919702762241,0.087685405607531,0.0,0.0,4.0,
"Robin Schulz, Wes",Alane,33800836.0,0.0,0,44,1.1954113317942467,0.094166435215677,0.0,0.0,3.6,
"Rocco Hunt, Ana Mena",A Un Passo Dalla Luna,594379.0,0.0,0,1,0.918949519894785,0.071512796615757,0.0,0.0,2.8,0.0
Rockwell,Somebody's Watching Me - Single Version,1599627.0,0.0,3,3,5.645999544644007,1.916797775580812,1.0,0.0,66.9,0.0
Rod Wave,Heart On Ice,62460359.0,487359.0,2,203,3.6087594465392927,0.1043560577978772,0.0,0.8,11.2,
Rod Wave,Rags2Riches (feat. ATR Son Son),63879679.0,0.0,0,68,2.8353309372716673,0.1691221113929686,0.0,0.0,8.5,
Rod Wave,Rags2Riches 2 (feat. Lil Baby),29073792.0,0.0,0,52,1.8872202965995497,0.2085591036453245,0.0,0.0,5.7,
Roddy Ricch,Big Stepper,3535462.0,0.0,0,14,1.4287565222597869,0.1343169538095967,0.0,0.0,4.3,
Roddy Ricch,Die Young,20527345.0,0.0,0,82,3.6095693024357502,0.1142847415844011,0.0,0.0,10.8,
Roddy Ricch,Every Season,3721394.0,0.0,0,17,3.502318317931546,0.3339472743766464,0.0,0.0,10.5,
Roddy Ricch,High Fashion (feat. Mustard),372116633.0,0.0,0,279,2.454350267993928,0.0733894511304337,0.0,0.0,7.4,
Roddy Ricch,Late At Night,17900409.0,0.0,0,14,1.019957485892527,0.0530255522120928,0.0,0.0,3.1,
Roddy Ricch,Out Tha Mud,224653.0,0.0,0,1,1.0001469147894222,0.0595117556308704,0.0,0.0,3.0,0.0
Roddy Ricch,Peta (feat. Meek Mill),25163058.0,0.0,0,67,2.226076762851557,0.1681716708481399,1.0,0.0,7.1,
Roddy Ricch,Start Wit Me (feat. Gunna),65077552.0,0.0,0,146,3.0082640020926488,0.1451688366819402,1.0,0.0,9.2,
Roddy Ricch,The Box,1373357038.0,75175748.0,14,322,2.7636128840344822,0.1017017692845463,0.0,5.5,10.0,
Roddy Ricch,Tip Toe (feat. A Boogie Wit da Hoodie),47469176.0,2727749.0,2,95,2.351934615877318,0.2286680453537294,1.0,5.7,8.2,
"Roddy Ricch, NLE Choppa",Walk Em Down (feat. Roddy Ricch),222051612.0,0.0,0,128,1.1310699186772943,0.0696847579987229,0.0,0.0,3.4,
"Rodney Atkins, The Fisk Jubilee Singers",Caught Up In The Country,603472.0,0.0,0,3,0.9447482919498856,0.0742470892549993,0.0,0.0,2.8,0.0
Romeo Santos,Imitadora,13284224.0,0.0,0,28,1.0460127939305404,0.0708457202061577,0.0,0.0,3.1,
"Romeo Santos, Daddy Yankee, Nicky Jam",Bella y Sensual,46951274.0,0.0,0,73,1.177770321741194,0.0661686880129812,0.0,0.0,3.5,
Roy Woods,Instinct (feat. MadeinTYO),658967.0,0.0,0,4,1.0725814157864149,0.0703719738975948,0.0,0.0,3.2,0.0
Rudimental,Lay It All on Me (feat. Ed Sheeran),362819.0,0.0,0,1,0.9493050219652656,0.0448814605605661,0.0,0.0,2.8,0.0
Rudimental,Sun Comes Up (feat. James Arthur),12281228.0,0.0,0,27,1.082883937490653,0.0781636146834531,0.0,0.0,3.2,
Rudimental,"These Days (feat. Jess Glynne, Macklemore & Dan Caplen)",517321354.0,3452849.0,2,347,3.6080365143891946,0.07593056708966,0.0,0.7,11.1,
"Rudimental, Major Lazer",Let Me Live (feat. Anne-Marie & Mr Eazi),14216667.0,568919.0,1,24,1.587413063507237,0.2079041019358432,0.0,4.0,6.4,
Run The Jewels,goonies vs. E.T.,267003.0,0.0,0,1,1.0349234281550277,0.2058710459986342,0.0,0.0,3.1,0.0
Run The Jewels,holy calamafuck,299093.0,0.0,0,1,1.040181169416822,0.2050046711391809,0.0,0.0,3.1,0.0
Run The Jewels,out of sight (feat. 2 Chainz),601431.0,0.0,0,2,1.115791893021312,0.2136461407789708,0.0,0.0,3.3,0.0
Run The Jewels,walking in the snow,296678.0,0.0,0,1,1.063116867914567,0.2409849500641406,0.0,0.0,3.2,0.0
Run The Jewels,yankee and the brave (ep. 4),534171.0,0.0,0,2,1.0083194095616703,0.1991298673709668,0.0,0.0,3.0,0.0
Russ,BEST ON EARTH (feat. BIA) - Bonus,32875163.0,1970211.0,2,113,1.904279861580685,0.1197626200548341,0.0,6.0,6.4,
Russ,CIVIL WAR - Bonus,10565624.0,900670.0,1,35,2.6738918703626906,0.3500044019246707,2.0,8.5,10.9,
Russ,Cherry Hill,370285.0,0.0,0,2,0.9710716489312248,0.060253516185211,0.0,0.0,2.9,0.0
Russ,GUESS WHAT (feat. Rick Ross),476386.0,0.0,1,2,0.4406305884634534,0.9810203319372096,0.0,0.0,21.3,0.0
Russ,Losin Control,87805898.0,765973.0,1,354,2.3444181903881587,0.0749570692717656,0.0,0.9,7.1,
Russ,Me You,8001923.0,0.0,0,42,1.1998809637288113,0.0861511282516994,0.0,0.0,3.6,
Russ,Missin You Crazy,1303550.0,0.0,0,6,0.6242143370103148,0.9007805510567848,0.0,0.0,1.9,0.0
Russ,The Flute Song,5946442.0,0.0,0,19,1.0305033095792622,0.2437393407335513,0.0,0.0,3.1,
Russ,What They Want,44771823.0,0.0,0,231,1.3762756938440304,0.0474191074376069,0.0,0.0,4.1,
Russell Dickerson,Blue Tacoma,1141465.0,0.0,0,5,1.0768725314566765,0.0543699379737878,0.0,0.0,3.2,0.0
Russell Dickerson,Yours,21034352.0,0.0,0,96,1.2494664219926763,0.0841936310154923,0.0,0.0,3.7,
"Rvssian, Anuel AA, Juice WRLD",No Me Ame,1206691.0,0.0,0,2,0.7414599539889359,0.3389528659331004,0.0,0.0,2.2,0.0
"Rvssian, Sfera Ebbasta",Pablo,2437677.0,0.0,0,4,0.8527311477732801,0.1828415687313893,0.0,0.0,2.6,0.0
Ryan Gosling,"City Of Stars - From ""La La Land"" Soundtrack/Pier",471677.0,0.0,0,1,1.1459689501858614,0.1414131825193283,0.0,0.0,3.4,0.0
"Ryan Gosling, Emma Stone","City Of Stars - From ""La La Land"" Soundtrack",14413442.0,0.0,0,28,1.9446535060522636,0.1776573905529012,0.0,0.0,5.8,
Ryan Hurd,Chasing After You (with Maren Morris),1797202.0,0.0,0,7,1.058843234016338,0.060213590582773,0.0,0.0,3.2,0.0
S1mba,Rover (feat. DTG),72654638.0,0.0,0,81,1.2167026200150048,0.0721657715953242,0.0,0.0,3.7,
SAINt JHN,Roses - Imanbek Remix,1035065888.0,829137.0,1,315,3.527568096293889,0.0941681279007871,0.0,0.1,10.7,
SHAED,Trampoline,38947476.0,0.0,0,43,3.6299104925795462,0.4028896893482417,0.0,0.0,10.9,
SHAED,Trampoline (with ZAYN),214840018.0,0.0,0,137,1.2844901445535142,0.0890382705207048,0.0,0.0,3.9,
"SHAED, ZAYN",Trampoline,18270098.0,0.0,0,11,1.145275511941959,0.0891451353735563,0.0,0.0,3.4,0.0
SOB X RBE,Paramedic!,56843126.0,0.0,0,89,1.0831916935244432,0.1104758005040576,0.0,0.0,3.2,
SZA,Broken Clocks,932958.0,0.0,0,5,1.038987603814969,0.102970689375989,0.0,0.0,3.1,0.0
SZA,Doves In The Wind (feat. Kendrick Lamar),1271629.0,0.0,0,6,0.8368422252342135,0.2261557414263345,0.0,0.0,2.5,0.0
SZA,Drew Barrymore,526813.0,0.0,0,3,0.983294823299364,0.0584220944530864,0.0,0.0,2.9,0.0
SZA,Good Days,40889678.0,0.0,0,24,1.264737679992452,0.1910321991752338,0.0,0.0,3.8,
SZA,Love Galore (feat. Travis Scott),124319045.0,0.0,0,219,3.048879693091038,0.1167606551540093,0.0,0.0,9.1,
SZA,Supermodel,633042.0,0.0,0,3,1.0170000763048122,0.0372397795196957,0.0,0.0,3.1,0.0
SZA,The Weekend,23172614.0,0.0,0,110,1.2796305209131478,0.0637797689809701,0.0,0.0,3.8,
"SZA, Calvin Harris",The Weekend - Funk Wav Remix,33971743.0,0.0,0,43,3.4577509836679927,0.2437880485946508,0.0,0.0,10.4,
"SZA, Game of Thrones",Power is Power (feat. The Weeknd & Travis Scott),23733292.0,0.0,0,20,1.0222164529958997,0.117322959842182,0.0,0.0,3.1,
"SZA, Justin Timberlake",The Other Side (from Trolls World Tour),22917685.0,0.0,0,20,1.0179230461418545,0.1917568055288972,0.0,0.0,3.1,
"SZA, The Neptunes, Pharrell Williams, Ty Dolla $ign",Hit Different,20817077.0,0.0,0,38,1.1971523350759885,0.2012571978052512,0.0,0.0,3.6,
"SZA, The Weeknd, Travis Scott, Game of Thrones",Power is Power,21654732.0,0.0,0,11,1.0062964698775108,0.1386327842892577,0.0,0.0,3.0,0.0
"SZA, Travis Scott",Love Galore,5251945.0,0.0,0,25,1.132794207441668,0.0962873634093637,0.0,0.0,3.4,
Sabrina Carpenter,Thumbs,40711722.0,0.0,0,72,2.458675601812573,0.1776688023954687,0.0,0.0,7.4,
Sabrina Carpenter,Why,23759660.0,0.0,0,33,1.7974123737597096,0.1417220732310094,0.0,0.0,5.4,
"Sabrina Carpenter, Jonas Blue",Alien,15241462.0,1324085.0,2,21,2.6114726420112135,0.3497682742916498,0.0,8.7,11.6,
Sada Baby,Whole Lotta Choppas,2880540.0,0.0,0,13,1.072090888330968,0.0335363859393379,0.0,0.0,3.2,0.0
Sage The Gemini,Now and Later,117387231.0,0.0,0,90,1.1744354442636324,0.0966373212415987,0.0,0.0,3.5,
Salmo,90MIN,1062428.0,0.0,0,2,0.7973204264374205,0.3430633473176813,0.0,0.0,2.4,0.0
Salmo,CABRIOLET (feat. Sfera Ebbasta),2771412.0,0.0,0,4,0.8615312460716574,0.2807914925148959,0.0,0.0,2.6,0.0
Salmo,IL CIELO NELLA STANZA (feat. NSTASIA),3393632.0,0.0,0,5,1.0159734142061714,0.1485007701226625,0.0,0.0,3.0,0.0
Salmo,STAI ZITTO (feat. Fabri Fibra),2637478.0,0.0,0,4,0.8587342143803369,0.3035557521297874,0.0,0.0,2.6,0.0
Sam Feldt,Post Malone (feat. RANI),220945207.0,1209845.0,2,199,3.374638857432086,0.1099167016828296,0.0,0.5,10.5,
Sam Fischer,This City,88339598.0,0.0,0,87,1.1418210840951966,0.061866525862439,0.0,0.0,3.4,
Sam Hunt,2016,195819.0,0.0,0,1,0.6000006128114358,0.4611174757081149,0.0,0.0,1.8,0.0
Sam Hunt,Body Like A Back Road,379628335.0,0.0,0,521,3.1523305743285595,0.0811562549952474,1.0,0.0,9.5,
Sam Hunt,Downtown's Dead,661951.0,0.0,2,5,2.3650373412184877,0.8367720457905117,0.0,0.0,23.1,0.0
Sam Hunt,Drinkin' Too Much,680745.0,0.0,0,4,1.102047865993525,0.2264431229922729,0.0,0.0,3.3,0.0
Sam Hunt,Hard To Forget,621529.0,0.0,0,3,0.92497302333063,0.2331272414753041,0.0,0.0,2.8,0.0
Sam Hunt,Kinfolks,4270563.0,0.0,0,17,1.4552586843696278,0.1863499934183624,0.0,0.0,4.4,
Sam Smith,Dancing With A Stranger (with Normani),819297155.0,0.0,0,524,1.7470128303554675,0.0739031550389775,0.0,0.0,5.2,
Sam Smith,Diamonds,40195501.0,0.0,0,37,1.2913947831912056,0.1351858549010592,0.0,0.0,3.9,
Sam Smith,"Fire On Fire - From ""Watership Down""",44142773.0,0.0,0,47,1.525527988595936,0.1695011690766031,0.0,0.0,4.6,
Sam Smith,Have Yourself A Merry Little Christmas,100991754.0,3287842.0,2,66,2.036884911086412,0.3406055100995467,0.0,3.3,7.3,
Sam Smith,How Do You Sleep?,613814642.0,0.0,0,301,1.2185768878858705,0.0692371861537756,0.0,0.0,3.7,
Sam Smith,I’m Ready (with Demi Lovato),67200473.0,0.0,0,54,1.012609350292533,0.0880496740418405,0.0,0.0,3.0,
Sam Smith,My Oasis (feat. Burna Boy),21807518.0,0.0,0,20,1.196447744766264,0.1096192524096925,0.0,0.0,3.6,
Sam Smith,Stay With Me,25314829.0,0.0,0,53,2.1777214865791064,0.1530701332088618,0.0,0.0,6.5,
Sam Smith,To Die For,90622066.0,0.0,0,61,1.055618579702832,0.0854871374393776,0.0,0.0,3.2,
Sam Smith,Too Good At Goodbyes,558413587.0,0.0,0,655,3.467500694040596,0.0783938906367489,0.0,0.0,10.4,
Samra,BaeBae,1265009.0,0.0,0,2,0.8431702471213091,0.1717307775643939,0.0,0.0,2.5,0.0
Samra,COLT,3900817.0,0.0,0,5,0.990363770302031,0.1455770347462311,0.0,0.0,3.0,0.0
Samra,Harami,4869045.0,0.0,0,6,0.983188760631934,0.1136494553921531,0.0,0.0,2.9,0.0
Samra,Marlboro Rot,2564852.0,0.0,0,4,0.9193547684084497,0.2237051489052558,0.0,0.0,2.8,0.0
Samra,Mon Ami,2802164.0,0.0,0,4,0.9839982563892212,0.2239425936964759,0.0,0.0,3.0,0.0
Samra,Weiss,3059769.0,0.0,0,4,1.0886594642829397,0.0773190027271465,0.0,0.0,3.3,0.0
"Samra, Capital Bra",Huracan,5652584.0,0.0,0,7,0.9600389947490252,0.1889828786414053,0.0,0.0,2.9,0.0
"Samra, Capital Bra",Wieder Lila,20462117.0,0.0,0,22,1.0653116801998752,0.125250347783596,0.0,0.0,3.2,
"Samra, Capital Bra",Zombie,6148102.0,0.0,0,8,0.943009331605095,0.1820709900268525,0.0,0.0,2.8,0.0
"Samra, ELIF",Zu Ende,740525.0,0.0,0,1,0.9740819209658848,0.0840131012730879,0.0,0.0,2.9,0.0
San Holo,Light,41124133.0,0.0,0,51,1.1946404630419765,0.0812293566222626,0.0,0.0,3.6,
Sarah Cothran,As the World Caves In,10788282.0,0.0,0,14,1.4614776677828587,0.527946158612889,0.0,0.0,4.4,
Saweetie,Best Friend (feat. Doja Cat),22767869.0,964225.0,1,17,1.021598486336184,0.1326356893187525,0.0,4.2,5.4,
Saweetie,My Type,64223784.0,0.0,0,174,3.4291324403767067,0.1228625339668343,0.0,0.0,10.3,
Saweetie,Tap In,49578291.0,0.0,0,63,2.397059350396668,0.1723855536878628,0.0,0.0,7.2,
Saweetie,"Tap In (feat. Post Malone, DaBaby & Jack Harlow)",7188460.0,1855253.0,1,15,2.1701930418828157,0.5460310262526217,0.0,25.8,9.2,
ScHoolboy Q,5200,697107.0,0.0,0,3,0.4696057377326629,0.9721970893420367,0.0,0.0,1.4,0.0
ScHoolboy Q,CHopstix (feat. Travis Scott),9065879.0,0.0,0,13,0.9010166348553278,0.3740000433117306,0.0,0.0,2.7,0.0
ScHoolboy Q,CHopstix (with Travis Scott),16033100.0,1981244.0,1,16,1.6286181943487252,0.3927475015117472,0.0,12.4,7.4,
ScHoolboy Q,CrasH,1638877.0,0.0,0,6,0.5765129548590986,0.9704160909123568,0.0,0.0,1.7,0.0
ScHoolboy Q,Dangerous (feat. Kid Cudi),973440.0,0.0,0,4,0.4930352386160824,0.9524648674977156,0.0,0.0,1.5,0.0
ScHoolboy Q,Drunk (feat. 6LACK),409509.0,0.0,0,2,0.4432273669300964,1.0034323283006898,0.0,0.0,1.3,0.0
ScHoolboy Q,Floating (feat. 21 Savage),29756453.0,0.0,0,66,1.174415180098441,0.124719609256242,0.0,0.0,3.5,
ScHoolboy Q,Gang Gang,429480.0,0.0,0,2,0.402717667255011,1.0623238608513863,0.0,0.0,1.2,0.0
ScHoolboy Q,Lies (feat. Ty Dolla $ign & YG),438419.0,0.0,0,2,0.4680525239134658,0.9560845678351522,0.0,0.0,1.4,0.0
ScHoolboy Q,Numb Numb Juice,27573434.0,0.0,0,48,3.7320932208218727,0.308882110832345,0.0,0.0,11.2,
ScHoolboy Q,Tales,384772.0,0.0,0,2,0.4114678242223383,1.051600777754691,0.0,0.0,1.2,0.0
ScHoolboy Q,Water (feat. Lil Baby),392528.0,0.0,0,2,0.7648951170978973,0.3537589651136898,0.0,0.0,2.3,0.0
ScHoolboy Q,X (with 2 Chainz & Saudi),90227434.0,0.0,0,103,1.1327508578160583,0.1049236563490466,0.0,0.0,3.4,
"Sean Paul, David Guetta, Becky G",Mad Love,172656953.0,835395.0,1,162,3.462302029034462,0.1069676027366496,0.0,0.5,10.6,
"Sean Paul, Dua Lipa",No Lie,79787781.0,0.0,0,141,1.1937891755521473,0.0650211727572046,0.0,0.0,3.6,
"Sean Paul, J Balvin",Contra La Pared,157985483.0,0.0,0,159,1.2521138943317622,0.0728238022241591,0.0,0.0,3.8,
Sebastian Yatra,Cristina,21083715.0,0.0,0,30,1.3078455406644964,0.0872478803554719,0.0,0.0,3.9,
Sebastian Yatra,No Hay Nadie Más,10774300.0,573888.0,1,19,2.5259154929577465,0.2640861834026305,0.0,5.3,9.7,
Sebastian Yatra,Traicionera,110635752.0,0.0,0,207,1.1227201766851598,0.0595552198246368,0.0,0.0,3.4,
"Sebastian Yatra, Daddy Yankee, Natti Natasha, Jonas Brothers",Runaway,101164902.0,0.0,0,105,1.0972803325310558,0.063744745021549,0.0,0.0,3.3,
"Sebastian Yatra, Dalmata",SUTRA,44670513.0,0.0,0,66,1.1045087121036488,0.0666957082717382,0.0,0.0,3.3,
"Sebastian Yatra, Guaynaa",Chica Ideal,38692347.0,0.0,0,26,1.2273988657809527,0.0741288538188835,0.0,0.0,3.7,
"Sebastian Yatra, Luis Figueroa, Lary Over",Por Perro,128670362.0,0.0,0,158,1.503061646219438,0.0819749126888376,0.0,0.0,4.5,
"Sebastian Yatra, Mau y Ricky",Ya No Tiene Novio,164261453.0,1093062.0,2,188,3.0005471375771853,0.0889467991516221,0.0,0.7,9.4,
"Sebastian Yatra, Myke Towers",Pareja Del Año,28743944.0,0.0,0,14,1.0601198901844835,0.0674601414799574,0.0,0.0,3.2,
"Sebastian Yatra, Nacho, Wisin",Alguien Robo,86644371.0,0.0,0,162,1.12440014513455,0.0657547272751942,0.0,0.0,3.4,
"Sebastian Yatra, Reik",Un Año,149825749.0,0.0,0,143,1.2334404641646697,0.0650336970022082,0.0,0.0,3.7,
Sech,911,11864331.0,0.0,0,13,1.0562562374347328,0.0768013468141284,0.0,0.0,3.2,0.0
Sech,Relación,189238896.0,0.0,0,132,1.200146388222572,0.065692329559535,0.0,0.0,3.6,
Sech,Sal y Perrea,15301648.0,0.0,0,14,1.0929509264795387,0.0764425928773408,0.0,0.0,3.3,
"Sech, Daddy Yankee, J Balvin, ROSALÍA, Farruko",Relación - Remix,106292489.0,0.0,0,52,1.317311022651117,0.1039335114536995,0.0,0.0,4.0,
"Sech, Darell",Otro Trago,399900505.0,0.0,0,206,1.5856438189280242,0.0769697551450367,0.0,0.0,4.8,
"Sech, J Balvin",La Luz,22172912.0,0.0,0,25,1.7401537045862847,0.1534642722126061,0.0,0.0,5.2,
"Sech, Jhay Cortez",911 - Remix,4905415.0,0.0,0,5,1.4530331664970613,0.1424648700845437,0.0,0.0,4.4,0.0
"Sech, Justin Quiles, Maluma, Nicky Jam, Farruko, Dalex, Lenny Tavárez",Que Mas Pues - Remix,155190868.0,0.0,0,172,1.2050473343250727,0.0645126963589172,0.0,0.0,3.6,
"Sech, Ozuna",Si Te Vas,157672031.0,0.0,0,154,1.1829055591779696,0.0663129507253922,0.0,0.0,3.5,
"Sech, Ozuna, Anuel AA, Darell, Nicky Jam",Otro Trago - Remix,265069000.0,0.0,0,194,1.1329749244017573,0.0662219593583865,0.0,0.0,3.4,
"Seeb, Bastille",Grip,0.0,0.0,0,1,0.0,2.6457513110645907,0.0,0.0,0.0,0.0
"Seeb, Dagny",Drink About,18802626.0,1685947.0,2,28,3.658318336295968,0.3112964777640988,0.0,9.0,13.8,
Selena Gomez,A Sweeter Place (feat. Kid Cudi),1127642.0,0.0,0,2,0.6627583564315533,0.4957891666311239,0.0,0.0,2.0,0.0
Selena Gomez,Back To You,202902506.0,0.0,0,59,1.1895028305336064,0.0759146908205385,0.0,0.0,3.6,
Selena Gomez,Back To You - From 13 Reasons Why – Season 2 Soundtrack,296385326.0,0.0,0,242,1.4394869729997304,0.0943872783123601,0.0,0.0,4.3,
Selena Gomez,Bad Liar,219438400.0,0.0,0,99,1.1381258542483903,0.0811956088321306,0.0,0.0,3.4,
Selena Gomez,Baila Conmigo (with Rauw Alejandro),11042010.0,0.0,0,13,1.0124060562088462,0.0663388883418408,0.0,0.0,3.0,0.0
Selena Gomez,Boyfriend,32876212.0,0.0,0,26,0.994019379745425,0.1004165536597154,0.0,0.0,3.0,
Selena Gomez,Crowded Room (feat. 6LACK),3792818.0,0.0,0,5,0.7571239892056598,0.4318295217699125,0.0,0.0,2.3,0.0
Selena Gomez,Cut You Off,444521.0,0.0,0,2,0.286385752870021,0.7832214497924764,0.0,0.0,0.9,0.0
Selena Gomez,Dance Again,5385363.0,0.0,0,5,0.715117944510584,0.3750684164348805,0.0,0.0,2.1,0.0
Selena Gomez,Feel Me,39971710.0,0.0,0,32,1.0300814638856812,0.1258595410723069,0.0,0.0,3.1,
Selena Gomez,Fetish (feat. Gucci Mane),115273518.0,0.0,0,46,1.0694009983395094,0.0900100704211808,0.0,0.0,3.2,
Selena Gomez,Let Me Get Me,858990.0,0.0,0,1,0.6622287997586447,0.3562295855409414,0.0,0.0,2.0,0.0
Selena Gomez,Look At Her Now,153554116.0,0.0,0,95,1.8810408126152176,0.1461917733367298,0.0,0.0,5.6,
Selena Gomez,Lose You To Love Me,568776590.0,29468608.0,4,256,1.410647885853329,0.0785090595562297,0.0,5.2,4.9,
Selena Gomez,People You Know,2980661.0,0.0,0,3,0.7530716611550108,0.3451373607796379,0.0,0.0,2.3,0.0
Selena Gomez,Rare,123007314.0,0.0,0,59,1.0365421466334106,0.1024321058738332,0.0,0.0,3.1,
Selena Gomez,Ring,3902738.0,0.0,0,4,0.7521587684176346,0.354315175724316,0.0,0.0,2.3,0.0
Selena Gomez,Vulnerable,5824025.0,0.0,0,5,0.7617344319587493,0.3335985820861197,0.0,0.0,2.3,0.0
"Selena Gomez, Marshmello",Wolves,318303298.0,0.0,0,300,3.522978851099513,0.0754862988851794,0.0,0.0,10.6,
Sfera Ebbasta,Cupido (feat. Quavo),0.0,0.0,0,2,0.0,2.176788330538883,0.0,0.0,0.0,0.0
Sfera Ebbasta,Happy Birthday,2089644.0,0.0,0,4,0.9379791967879144,0.2599705306432692,0.0,0.0,2.8,0.0
Sfera Ebbasta,Mademoiselle,2074616.0,0.0,0,3,0.8302802699147215,0.2777782227891703,0.0,0.0,2.5,0.0
Shablo,M' Manc (con Geolier & Sfera Ebbasta),1953027.0,0.0,0,3,0.9335319429706612,0.1223314940632782,0.0,0.0,2.8,0.0
Shakin' Stevens,Merry Christmas Everyone,42742145.0,4572680.0,1,34,2.421295212404834,0.307857161735903,0.0,10.7,8.4,
Shakin' Stevens,Merry Christmas Everyone - Remastered,26937491.0,0.0,0,22,2.3817739680531393,0.2374790847682573,0.0,0.0,7.1,
Shakira,Chantaje (feat. Maluma),301949291.0,2405496.0,2,214,1.2416914305864095,0.0799243250096079,0.0,0.8,4.1,
Shakira,Hips Don't Lie (feat. Wyclef Jean),5236733.0,0.0,0,6,0.9396020177669446,0.2389146908757411,0.0,0.0,2.8,0.0
Shakira,Me Enamoré,108759900.0,0.0,0,137,1.2005084703098647,0.0700608072870544,0.0,0.0,3.6,
Shakira,Perro Fiel (feat. Nicky Jam),23748963.0,0.0,0,36,1.1094570897978118,0.0689253022286491,0.0,0.0,3.3,
Shakira,Waka Waka (This Time for Africa) [The Official 2010 FIFA World Cup (TM) Song] (feat. Freshlyground),234637.0,0.0,0,1,0.2941410476004625,0.6166280412973956,0.0,0.0,0.9,0.0
"Shakira, Anuel AA",Me Gusta,119832430.0,0.0,0,107,1.552219283431084,0.0768028719188664,0.0,0.0,4.7,
"Shakira, Maluma",Chantaje,25120121.0,0.0,0,23,1.1772700679230506,0.0844628566010664,0.0,0.0,3.5,
"Shakira, Maluma",Clandestino,177758184.0,0.0,0,168,1.3042420487702768,0.0828761826052571,0.0,0.0,3.9,
"Shawn Hook, Vanessa Hudgens",Reminding Me,43285699.0,0.0,0,54,1.2073252354056214,0.0742305614369232,0.0,0.0,3.6,
Shawn Mendes,Because I Had You,2141913.0,0.0,0,3,0.7669465317753794,0.3329178266616339,0.0,0.0,2.3,0.0
Shawn Mendes,Fallin' All In You,4442759.0,0.0,0,6,0.822011111824322,0.3148668755722031,0.0,0.0,2.5,0.0
Shawn Mendes,If I Can't Have You,601240359.0,5771262.0,1,364,1.4829965061648027,0.0597882849674437,0.0,1.0,4.6,
Shawn Mendes,In My Blood,421762748.0,4085364.0,1,358,1.5184625573011612,0.0685958677102643,0.0,1.0,4.7,
Shawn Mendes,Like To Be You feat. Julia Michaels,33239174.0,0.0,0,39,1.3202807972875217,0.1771999398283396,0.0,0.0,4.0,
Shawn Mendes,Lost In Japan,236355660.0,0.0,0,245,2.3515776690026207,0.1258365500540283,0.0,0.0,7.1,
Shawn Mendes,Mercy,208990814.0,0.0,0,234,1.2152089152392085,0.0614521551035567,0.0,0.0,3.6,
Shawn Mendes,Monster (Shawn Mendes & Justin Bieber),49847435.0,4565297.0,1,17,1.1927983442998105,0.135329408003166,0.0,9.2,5.9,
Shawn Mendes,Mutual,2150203.0,0.0,0,3,0.79083872740596,0.2959187855525098,0.0,0.0,2.4,0.0
Shawn Mendes,Nervous,41083192.0,0.0,0,29,1.0842844509619358,0.1840005479371023,0.0,0.0,3.3,
Shawn Mendes,Particular Taste,2528106.0,0.0,0,3,0.7960905360614043,0.2930059438154495,0.0,0.0,2.4,0.0
Shawn Mendes,Perfectly Wrong,1858544.0,0.0,0,3,0.7043431485159809,0.3723275275687756,0.0,0.0,2.1,0.0
Shawn Mendes,Queen,1212540.0,0.0,0,2,0.6669519532622242,0.400567922560864,0.0,0.0,2.0,0.0
Shawn Mendes,Stitches,34279663.0,0.0,0,77,1.063043774516615,0.0362327359565005,0.0,0.0,3.2,
Shawn Mendes,Teach Me How To Love,4427968.0,0.0,0,4,0.7138838408744765,0.4295934570218484,0.0,0.0,2.1,0.0
Shawn Mendes,There's Nothing Holdin' Me Back,476780057.0,0.0,0,260,1.2610993536771165,0.0717413085355324,0.0,0.0,3.8,
Shawn Mendes,Treat You Better,233611407.0,0.0,0,293,1.2981192511262225,0.0602165400351019,0.0,0.0,3.9,
Shawn Mendes,When You're Ready,563358.0,0.0,0,1,0.6311142113602305,0.3739149915305254,0.0,0.0,1.9,0.0
Shawn Mendes,Where Were You In The Morning?,17613392.0,2024518.0,1,20,2.343173533014288,0.3646721249009776,0.0,11.5,9.0,
Shawn Mendes,Why,2472332.0,0.0,0,3,0.7953192707479007,0.2940442441376872,0.0,0.0,2.4,0.0
Shawn Mendes,Wonder,85238253.0,0.0,0,37,1.4178783219409088,0.140263623283249,0.0,0.0,4.3,
Shawn Mendes,Youth (feat. Khalid),40773084.0,0.0,0,20,1.1058070525243513,0.1766467792417393,0.0,0.0,3.3,
Shawn Mendes,Youth feat. Khalid,63914986.0,0.0,0,50,1.0145099505010535,0.0920566313669793,0.0,0.0,3.0,
"Shawn Mendes, Camila Cabello",Señorita,1777816570.0,30339703.0,3,490,1.3051329127909683,0.0536533063350743,0.0,1.7,4.2,
"Shawn Mendes, Zedd",Lost In Japan - Remix,30617985.0,0.0,0,39,1.436994736507179,0.1808632713467186,0.0,0.0,4.3,
Sheck Wes,Mo Bamba,720920081.0,262070.0,1,420,3.2978054059495645,0.0839798945973305,0.0,0.0,10.0,
Shelley FKA DRAM,Broccoli (feat. Lil Yachty),215999264.0,0.0,0,250,2.0376251447792217,0.1321396924740869,2.0,0.0,6.4,
Shelley FKA DRAM,Cash Machine,4003211.0,0.0,0,26,1.122857101029177,0.0610213973986694,0.0,0.0,3.4,
"Shelley FKA DRAM, A$AP Rocky, Juicy J",Gilligan,180646.0,0.0,0,1,0.9820083462138524,0.0155921840797086,0.0,0.0,2.9,0.0
Shindy,DODI,6153323.0,0.0,0,8,1.011120316935881,0.1903874439649482,0.0,0.0,3.0,0.0
Shindy,Nautilus,10101794.0,0.0,0,12,1.002395490275955,0.1653887375866579,0.0,0.0,3.0,0.0
Shindy,Raffaello,568141.0,0.0,0,1,0.7524558008817971,0.2731498967960411,0.0,0.0,2.3,0.0
"Shindy, Shirin David",Affalterbach,7846328.0,0.0,0,10,1.21751864990395,0.1902833510515945,0.0,0.0,3.7,0.0
Shirin David,90-60-111,3331635.0,0.0,0,5,0.8689871675932076,0.2469343248734154,0.0,0.0,2.6,0.0
Shirin David,Gib Ihm,2088029.0,0.0,0,3,1.0917154952357355,0.0428759709773763,0.0,0.0,3.3,0.0
Shirin David,Lieben wir,702467.0,0.0,0,1,0.8146301695206155,0.2101742679602765,0.0,0.0,2.4,0.0
Shirin David,ON OFF (feat. Maître Gims),5288933.0,0.0,0,7,0.9378139397410966,0.1503789342622847,0.0,0.0,2.8,0.0
"Shiva, Eiffel 65",Auto Blu,3226991.0,0.0,0,4,0.849773612668085,0.2433276450934842,0.0,0.0,2.5,0.0
Shordie Shordie,Bitchuary,11337394.0,514085.0,2,52,3.8531222679378656,0.3509260534642955,1.0,4.5,13.7,
"Shoreline Mafia, Rob Vicious","Bands (feat. OhGeesy, Fenix Flexin & Master Kato)",4430391.0,0.0,0,20,3.5448651563670723,0.3021106743126759,0.0,0.0,10.6,
Shouse,Love Tonight - Edit,9142345.0,0.0,0,11,1.187027077259052,0.0720527985418426,0.0,0.0,3.6,0.0
SiR,Hair Down (feat. Kendrick Lamar),1056045.0,0.0,0,5,0.5473112184730095,1.0641901048464049,0.0,0.0,1.6,0.0
Sia,Cheap Thrills,146275973.0,0.0,0,232,2.020728009988652,0.0731679525509236,0.0,0.0,6.1,
Sia,"Helium - From ""Fifty Shades Darker (Original Motion Picture Soundtrack)""",11373504.0,0.0,0,22,1.0802653912626576,0.0814399246383387,0.0,0.0,3.2,
Sia,Santa's Coming for Us,28574270.0,0.0,0,24,2.231038585540413,0.3500537442424911,0.0,0.0,6.7,
Sia,Snowman,17520032.0,0.0,0,9,2.6020128899846204,0.5239827981197959,0.0,0.0,7.8,0.0
Sia,The Greatest,11834548.0,0.0,0,25,1.009113757073688,0.0563480614668287,0.0,0.0,3.0,
Sia,The Greatest (feat. Kendrick Lamar),62146454.0,0.0,0,81,1.2123151152852734,0.0896683086211605,0.0,0.0,3.6,
Sia,Together,612428.0,0.0,0,1,0.6223714207318932,0.3905819951488443,0.0,0.0,1.9,0.0
"Sia, Diplo, Labrinth, LSD",Audio,79543368.0,0.0,1,86,1.5932836316677603,0.1857092792975282,0.0,0.0,5.2,
"Sia, Diplo, Labrinth, LSD",Genius,24822397.0,0.0,0,26,1.1701054587240889,0.1907770119218154,0.0,0.0,3.5,
"Sia, Diplo, Labrinth, LSD",No New Friends,13377916.0,0.0,0,17,1.3215414079580865,0.2984782879577509,0.0,0.0,4.0,
"Sia, Diplo, Labrinth, LSD",Thunderclouds,202081538.0,0.0,0,178,1.2336189789612568,0.0816056544991517,0.0,0.0,3.7,
"Sia, LSD","No New Friends (feat. Sia, Diplo, and Labrinth)",6477137.0,0.0,0,9,1.1934949609402206,0.1836213891540857,0.0,0.0,3.6,0.0
"Sido, Apache 207",2002,12413153.0,0.0,0,18,1.068444344737269,0.0950870963774249,0.0,0.0,3.2,
"Sigala, Ella Eyre",Came Here for Love,58729194.0,0.0,0,79,1.159641428003409,0.0745791906915589,0.0,0.0,3.5,
"Sigala, Paloma Faith",Lullaby,5295378.0,0.0,0,9,1.0404801333554248,0.0281093248088253,0.0,0.0,3.1,0.0
"Silk City, Diplo, Mark Ronson",Electricity (with Dua Lipa),241095870.0,0.0,0,185,1.3253914960136255,0.089563261454077,0.0,0.0,4.0,
Ski Mask The Slump God,Adults Swim,262858.0,0.0,0,1,0.8589157655341878,0.1830385781604947,0.0,0.0,2.6,0.0
Ski Mask The Slump God,Carbonated Water,1354660.0,0.0,0,5,1.025230780683905,0.2226131036112157,0.0,0.0,3.1,0.0
Ski Mask The Slump God,Cat Piss (feat. Lil Yachty),1051128.0,0.0,0,4,0.9079488354299072,0.3067624894555178,0.0,0.0,2.7,0.0
Ski Mask The Slump God,Far Gone (feat. Lil Baby),794709.0,0.0,0,3,0.5643458174865014,0.918822012074136,0.0,0.0,1.7,0.0
Ski Mask The Slump God,Faucet Failure,203805255.0,0.0,0,413,2.1340797408928744,0.1103405285073878,0.0,0.0,6.4,
Ski Mask The Slump God,Foot Fungus,20552528.0,0.0,0,61,1.3251328843722785,0.1889007310213457,0.0,0.0,4.0,
Ski Mask The Slump God,LA LA,1413273.0,0.0,0,5,0.5819429532623753,0.9152216023376488,0.0,0.0,1.7,0.0
Ski Mask The Slump God,Nuketown (feat. Juice WRLD),97515506.0,0.0,0,145,1.7827577539288757,0.1571309738265015,0.0,0.0,5.3,
Ski Mask The Slump God,Reborn To Rebel,255446.0,0.0,0,1,0.8232032329239185,0.2688832100309196,0.0,0.0,2.5,0.0
Ski Mask The Slump God,Save Me Pt 2 (feat. Austin Lam),245422.0,0.0,0,1,0.8892165885260038,0.1484598310395696,0.0,0.0,2.7,0.0
Ski Mask The Slump God,So High,255809.0,0.0,0,1,0.426580819880168,0.9412037918533946,0.0,0.0,1.3,0.0
Ski Mask The Slump God,Unbothered,1558278.0,0.0,0,5,0.9967053064461544,0.1816246097707298,0.0,0.0,3.0,0.0
"Ski Mask The Slump God, XXXTENTACION",Take A Step Back,216412.0,0.0,0,1,0.8431264074053872,0.2216749144871017,0.0,0.0,2.5,0.0
"Skrillex, Poo Bear",Would You Ever,40627840.0,0.0,0,33,1.1940247291575796,0.1290216601048583,0.0,0.0,3.6,
Slade,Merry Xmas Everybody,2747265.0,0.0,0,2,1.1928228020213376,0.1719029410330677,0.0,0.0,3.6,0.0
Sleepy Hallow,2055,4412234.0,0.0,0,14,1.329093498017548,0.0758000756290917,0.0,0.0,4.0,
"Sleepy Hallow, Fousheé",Deep End Freestyle,80229725.0,0.0,0,73,2.416003114456268,0.1651661482214527,0.0,0.0,7.2,
Slipknot,Unsainted,1822852.0,0.0,0,2,1.1191136415278635,0.2982845711799011,0.0,0.0,3.4,0.0
Smokepurpp,123 (with Murda Beatz),8380173.0,0.0,0,32,1.106980608381417,0.0791226967858581,0.0,0.0,3.3,
Smokepurpp,Audi.,11317868.0,0.0,0,61,1.119325904687069,0.0451380715136672,0.0,0.0,3.4,
Smokepurpp,Nephew (feat. Lil Pump),40349367.0,0.0,0,89,2.513605807021454,0.1682215643234018,0.0,0.0,7.5,
Smokepurpp,What I Please (feat. Denzel Curry),511452.0,0.0,0,2,0.9253615194432336,0.1552598977786476,0.0,0.0,2.8,0.0
"Smokepurpp, Murda Beatz",123,2332768.0,0.0,0,10,1.0302965865631333,0.1006037449068483,0.0,0.0,3.1,0.0
"Snakehips, MØ",Don't Leave,133905636.0,0.0,0,117,1.4077100573982129,0.107041218723225,0.0,0.0,4.2,
SoFaygo,Knock Knock,3003876.0,0.0,0,13,1.068306846076718,0.0540734300602579,0.0,0.0,3.2,0.0
Social House,Magic In The Hamptons (feat. Lil Yachty),58272830.0,206799.0,1,197,3.518109505211814,0.1392784568533661,2.0,0.4,11.1,
Sofi Tukker,"Best Friend (feat. NERVO, The Knocks & ALISA UENO)",0.0,0.0,0,1,0.0,2.6457513110645907,0.0,0.0,0.0,0.0
Sofía Reyes,"1, 2, 3 (feat. Jason Derulo & De La Ghetto)",270707083.0,0.0,0,241,1.447609097281684,0.0812418511814553,0.0,0.0,4.3,
Sofía Reyes,R.I.P. (feat. Rita Ora & Anitta),47256175.0,0.0,0,40,1.1616798501324386,0.1232191646996427,0.0,0.0,3.5,
Solange,Almeda,1876598.0,0.0,2,4,0.873556700818967,0.6681884417131875,0.0,0.0,22.6,0.0
Soundgarden,Black Hole Sun,720672.0,0.0,0,1,0.5986302488782689,0.4039263820921196,0.0,0.0,1.8,0.0
Stan Kenton,Lonesome Train,13308771.0,0.0,0,16,2.9186842248394824,0.2906331920326185,0.0,0.0,8.8,
Stanaj,Romantic - NOTD Remix,54367381.0,0.0,0,65,1.8102417121993009,0.1350029964325096,0.0,0.0,5.4,
StarBoi3,Dick (feat. Doja Cat),6400294.0,0.0,0,8,1.093567665024623,0.1500766192500874,0.0,0.0,3.3,0.0
"Stargate, P!nk, Sia",Waterfall,3453131.0,0.0,0,7,0.9274556916606986,0.3029919295908434,0.0,0.0,2.8,0.0
Starley,Call On Me - Ryan Riback Extended Remix,397076619.0,480787.0,1,237,1.203851419083506,0.0867772592297503,0.0,0.1,3.8,
State of Sound,Wake Up Where You Are,4220157.0,0.0,0,7,1.2257514015861914,0.1911963789584363,0.0,0.0,3.7,0.0
StaySolidRocky,Party Girl,337923253.0,0.0,0,153,2.5693916645739203,0.1455549774976445,0.0,0.0,7.7,
"StaySolidRocky, Lil Uzi Vert",Party Girl (Remix),28408379.0,4606947.0,4,16,3.18744983543256,0.7969952508055917,0.0,16.2,19.6,
Stephanie Poetri,I Love You 3000,0.0,0.0,0,1,0.0,2.6457513110645907,0.0,0.0,0.0,0.0
Steve Aoki,Waste It On Me (feat. BTS),46326831.0,0.0,0,41,1.0915486461385475,0.1194551764013871,0.0,0.0,3.3,
"Steve Aoki, Louis Tomlinson",Just Hold On,216227735.0,0.0,0,154,1.1913640766359768,0.0800235956766455,0.0,0.0,3.6,
Stevie Wonder,Superstition - Single Version,1642229.0,0.0,0,3,1.8800412653251817,0.5145182094622065,0.0,0.0,5.6,0.0
Stevie Wonder,What Christmas Means To Me,20086475.0,1663421.0,3,17,2.544962696625,0.7042310999666451,1.0,8.3,16.5,
Stormzy,Big For Your Boots,7203283.0,0.0,0,14,1.0148569922567738,0.0994109892861949,0.0,0.0,3.0,
Stormzy,Own It (feat. Ed Sheeran & Burna Boy),24142639.0,0.0,0,19,1.1412793605384848,0.1466531027083026,0.0,0.0,3.4,
Stormzy,Vossi Bop,74007131.0,0.0,0,86,1.205323001203778,0.0760431010559532,0.0,0.0,3.6,
Stray Kids,Back Door,710492.0,0.0,0,1,0.9695578602620089,0.0299099447085606,0.0,0.0,2.9,0.0
Street Rappers,Estamos Bien,1755371.0,0.0,0,2,0.9966578689484816,0.0527518365830534,0.0,0.0,3.0,0.0
Studio Killers,Jenny (I Wanna Ruin Our Friendship),2293560.0,0.0,0,3,0.9592756976153404,0.0481506355816448,0.0,0.0,2.9,0.0
Stunna 4 Vegas,UP THE SMOKE (with Offset),14179727.0,0.0,0,56,1.169974096788249,0.0800515461205779,0.0,0.0,3.5,
Sub Urban,Cradles,4397235.0,0.0,0,7,3.575882536371359,0.7315880275122133,0.0,0.0,10.7,0.0
Sugarland,Babe (feat. Taylor Swift),655289.0,0.0,0,4,0.9258773538139764,0.201332801905313,0.0,0.0,2.8,0.0
"Sugarland, Taylor Swift",Babe,240546.0,0.0,0,1,0.8575023943685404,0.1351754871024208,0.0,0.0,2.6,0.0
Summer Cem,Diamonds (feat. Capital Bra),8369713.0,0.0,0,12,1.0528203271039207,0.0916900141209721,0.0,0.0,3.2,0.0
Summer Cem,Summer Cem (feat. Luciano),5150428.0,0.0,0,7,1.051953914417335,0.1633888934201815,0.0,0.0,3.2,0.0
Summer Walker,Body,452057.0,0.0,0,2,0.886135490018126,0.2053790716118409,0.0,0.0,2.7,0.0
Summer Walker,Come Thru (with Usher),17384749.0,0.0,0,56,1.0858100762870464,0.1368867306389698,0.0,0.0,3.3,
Summer Walker,Drunk Dialing...LODT,225614.0,0.0,0,1,0.854696688634679,0.2200123471473171,0.0,0.0,2.6,0.0
Summer Walker,Girls Need Love (with Drake) - Remix,35424444.0,0.0,0,64,1.3730106955165309,0.1861073036729217,0.0,0.0,4.1,
Summer Walker,I'll Kill You (feat. Jhené Aiko),1213059.0,0.0,0,6,0.989457837892998,0.2373392852576592,0.0,0.0,3.0,0.0
Summer Walker,Just Might (with PARTYNEXTDOOR),211452.0,0.0,0,1,0.8697826900690637,0.1903670325905733,0.0,0.0,2.6,0.0
Summer Walker,Over It,210794.0,0.0,0,1,0.786225982996944,0.3019426270508875,0.0,0.0,2.4,0.0
Summer Walker,Playing Games,2986567.0,0.0,0,15,3.5052174214497844,0.8090781728560833,1.0,0.0,12.5,
Summer Walker,Playing Games (with Bryson Tiller) - Extended Version,32208383.0,3352864.0,3,48,2.656635484716321,0.3372770680572281,0.0,10.4,10.5,
Summer Walker,Something Real (with London On Da Track & Chris Brown),223549.0,0.0,0,1,0.4158236277417882,0.9508201698503504,0.0,0.0,1.2,0.0
Summer Walker,Stretch You Out (feat. A Boogie wit da Hoodie),1338784.0,0.0,1,6,0.9843138862953896,0.2398984563977579,0.0,0.0,9.6,0.0
Sunstroke Project,Hey Mamma - Radio Edit,490808.0,0.0,0,1,0.921678047656814,0.0681203391825905,0.0,0.0,2.8,0.0
"Super Yei, Jone Quest","Lean (feat. Towy, Osquel, Beltito & Sammy & Falsetto)",44573957.0,0.0,0,47,1.1849274842360384,0.0762262926804929,0.0,0.0,3.6,
SuperM,Jopping,3473172.0,0.0,0,6,1.0073878957070808,0.142263945570411,0.0,0.0,3.0,0.0
Surf Curse,Freaks,23631182.0,0.0,0,14,1.0664142576503202,0.036769508660592,0.0,0.0,3.2,
Surf Mesa,ily (i love you baby) (feat. Emilee),414839705.0,0.0,0,194,1.345267382351205,0.065287985090444,0.0,0.0,4.0,
Surfaces,Sunday Best,576646770.0,4549836.0,8,264,3.60525633120185,0.118741907373853,0.0,0.8,12.0,
Swae Lee,Hurt To Look (feat. Rae Sremmurd),571893.0,0.0,0,4,0.5384971476798965,0.9950890240075744,0.0,0.0,1.6,0.0
Swae Lee,Reality Check,854010.0,0.0,0,4,0.8701723866122136,0.2360642520453091,0.0,0.0,2.6,0.0
Swae Lee,Someone Said,6492429.0,1836699.0,2,15,3.2884331150902217,0.4809118473400884,1.0,28.3,17.2,
Swae Lee,Won't Be Late (feat. Drake),29131774.0,0.0,0,27,1.077428731292074,0.1734851885782015,0.0,0.0,3.2,
T.I.,Jefe (feat. Meek Mill),197947.0,0.0,0,1,0.850476551926616,0.1300777060408811,0.0,0.0,2.6,0.0
"THE SCOTTS, Travis Scott, Kid Cudi",THE SCOTTS,434386324.0,0.0,0,157,3.0115823481945343,0.1477053960697371,2.0,0.0,9.4,
"TINI, Maria Becerra",Miénteme,20843121.0,0.0,0,14,1.1608566916544247,0.0802892035770388,0.0,0.0,3.5,
"TINI, Sebastian Yatra",Oye,2749682.0,0.0,0,4,1.0432864562058703,0.055513725684052,0.0,0.0,3.1,0.0
TOKYO’S REVENGE,GOODMORNINGTOKYO!,90754519.0,0.0,0,134,2.3579135962012856,0.1381368786715885,0.0,0.0,7.1,
TOMORROW X TOGETHER,CROWN,2060056.0,0.0,0,4,0.9188745433359692,0.2911758520508404,0.0,0.0,2.8,0.0
TOOL,Fear Inoculum,4286209.0,0.0,2,6,1.358845496168739,0.4604411187421247,0.0,0.0,17.4,0.0
TOOL,Invincible,435361.0,0.0,2,2,0.2846287499154356,0.7926048934805519,0.0,0.0,40.9,0.0
TOOL,Pneuma,899381.0,0.0,4,4,0.3435010058686081,0.9207943435507324,0.0,0.0,41.0,0.0
TOTO,Africa,331008755.0,0.0,0,457,1.438790891932507,0.1163399339286762,0.0,0.0,4.3,
TWICE,Alcohol-Free,10149319.0,0.0,0,13,0.9893611017681836,0.0387748422848382,0.0,0.0,3.0,0.0
TWICE,FANCY,11478141.0,0.0,0,17,1.082187125279737,0.1081537823733799,0.0,0.0,3.2,
TWICE,Feel Special,19478164.0,0.0,0,26,1.3265281670280786,0.1684418779089231,0.0,0.0,4.0,
TWICE,I CAN'T STOP ME,16924009.0,0.0,0,18,1.0534670631956482,0.1048631351406541,0.0,0.0,3.2,
TWICE,MORE & MORE,24105025.0,0.0,0,29,1.0242185595905435,0.0736741707953066,0.0,0.0,3.1,
Tai Verdes,A-O-K,3736010.0,0.0,0,14,1.0738623937155485,0.0678937387230794,0.0,0.0,3.2,
Tainy,Adicto (with Anuel AA & Ozuna),284084270.0,0.0,0,204,1.172578787260358,0.0722287734260102,0.0,0.0,3.5,
Tainy,"Agua (with J Balvin) - Music From ""Sponge On The Run"" Movie",109642406.0,0.0,0,70,1.5009752697889829,0.0937144870991693,0.0,0.0,4.5,
Takeoff,Casper,10344356.0,0.0,0,29,2.186728629415232,0.2942055168422167,1.0,0.0,7.6,
Takeoff,Last Memory,18176145.0,1791821.0,1,31,1.5123554322785575,0.2204246245698456,0.0,9.9,5.8,
Takeoff,She Gon Wink,730219.0,0.0,0,3,0.4798670943586263,0.9808440850157656,0.0,0.0,1.4,0.0
Tame Impala,Borderline,4145927.0,0.0,3,11,2.7569943259363003,1.1440741129263117,1.0,0.0,21.9,0.0
Tame Impala,Breathe Deeper,6593354.0,0.0,0,6,0.7988847741484436,0.3351288505593111,0.0,0.0,2.4,0.0
Tame Impala,Instant Destiny,794973.0,0.0,0,3,0.3203919101659929,0.8595295334331867,0.0,0.0,1.0,0.0
Tame Impala,Is It True,766564.0,0.0,0,3,0.5124415354458819,0.9604644980515284,0.0,0.0,1.5,0.0
Tame Impala,It Might Be Time,2378224.0,0.0,3,7,1.8256029241153096,0.7867942208196709,0.0,0.0,22.6,0.0
Tame Impala,Lost In Yesterday,8460757.0,297393.0,1,14,3.570978097277733,0.7669322710168388,0.0,3.5,13.6,
Tame Impala,On Track,471832.0,0.0,0,2,0.4408076342363649,1.0018828107084576,0.0,0.0,1.3,0.0
Tame Impala,One More Year,1763594.0,0.0,0,4,0.6214563224372633,0.7130021516365581,0.0,0.0,1.9,0.0
Tame Impala,Patience,1030496.0,0.0,1,5,0.3220554475924221,0.992900231269525,0.0,0.0,9.0,0.0
Tame Impala,Posthumous Forgiveness,2171618.0,0.0,1,5,1.0792707714137793,0.8440827663378613,0.0,0.0,11.2,0.0
Tame Impala,The Less I Know The Better,261792049.0,822852.0,1,411,3.1998647000093228,0.2628417182973699,6.0,0.3,10.1,
Tame Impala,Tomorrow's Dust,483457.0,0.0,0,2,0.4170998986314386,1.0302713180797376,0.0,0.0,1.3,0.0
Tarcísio do Acordeon,Meia Noite (Você tem meu Whatsapp),5515073.0,0.0,0,7,1.319421703858081,0.2110132460754974,0.0,0.0,4.0,0.0
Tate McRae,you broke me first,215540490.0,0.0,0,104,1.2976092800417665,0.1024912804752089,0.0,0.0,3.9,
Tay-K,The Race,17245403.0,554471.0,3,82,3.755496645435517,0.1694762023713191,0.0,3.2,12.7,
Taylor Swift,Afterglow,16855175.0,0.0,0,19,0.9284245126770824,0.3450060317036136,0.0,0.0,2.8,
Taylor Swift,Bad Blood,1365108.0,0.0,1,3,0.9407407790847896,0.2439959527005488,0.0,0.0,16.2,0.0
Taylor Swift,Blank Space,5850420.0,0.0,0,9,1.5771161645804606,0.2975639181462488,0.0,0.0,4.7,0.0
Taylor Swift,Christmas Tree Farm,19599215.0,1344876.0,2,20,2.0024173532821385,0.5601957767884176,0.0,6.9,10.0,
Taylor Swift,Cornelia Street,24363610.0,0.0,0,24,0.9491337262555548,0.30834699477324,0.0,0.0,2.8,
Taylor Swift,Cruel Summer,59746419.0,0.0,0,47,1.1453751805892085,0.1950581795326331,0.0,0.0,3.4,
Taylor Swift,Daylight,10348277.0,0.0,0,12,0.8741096856589067,0.4884419638584645,0.0,0.0,2.6,0.0
Taylor Swift,Death By A Thousand Cuts,20866842.0,0.0,0,20,0.9513049884533102,0.3424126304440621,0.0,0.0,2.9,
Taylor Swift,Delicate,158264460.0,1030917.0,1,153,3.028628445882568,0.1584366797566466,1.0,0.7,9.5,
Taylor Swift,False God,12476726.0,0.0,0,14,0.9002672631308891,0.4409354655796929,0.0,0.0,2.7,
Taylor Swift,I Forgot That You Existed,50864340.0,0.0,0,54,1.3692859804633206,0.1864238068555952,0.0,0.0,4.1,
Taylor Swift,I Think He Knows,27110788.0,0.0,0,29,1.0276164800842,0.2721214844870581,0.0,0.0,3.1,
Taylor Swift,It’s Nice To Have A Friend,8654619.0,0.0,0,11,0.8547171296331558,0.5231055003235162,0.0,0.0,2.6,0.0
Taylor Swift,London Boy,24028048.0,0.0,0,24,0.953709243476134,0.3074184922085174,0.0,0.0,2.9,
Taylor Swift,Look What You Made Me Do,41478278.0,0.0,6,13,3.026342359921495,0.55496590924637,0.0,0.0,27.5,0.0
Taylor Swift,Love Story,1873531.0,0.0,0,3,1.8597263027440631,0.6362831689383626,0.0,0.0,5.6,0.0
Taylor Swift,Lover,230453895.0,18973602.0,4,120,2.2419025696746275,0.1625458439891795,0.0,8.2,8.1,
Taylor Swift,Lover (Remix) [feat. Shawn Mendes],47058640.0,0.0,0,36,1.2458131221272102,0.121892189119201,0.0,0.0,3.7,
Taylor Swift,ME! (feat. Brendon Urie of Panic! At The Disco),385855880.0,11228340.0,2,215,2.1900956300461365,0.0948092395006927,0.0,2.9,6.9,
Taylor Swift,Miss Americana & The Heartbreak Prince,26273914.0,0.0,0,26,0.9770925765434814,0.2999896181843101,0.0,0.0,2.9,
Taylor Swift,Only The Young - Featured in Miss Americana,21885590.0,0.0,0,17,1.0502623080911062,0.1230007190182291,0.0,0.0,3.2,
Taylor Swift,Paper Rings,32304556.0,0.0,0,30,1.0206740587659715,0.2550761288092185,0.0,0.0,3.1,
Taylor Swift,September - Recorded at The Tracking Room Nashville,0.0,0.0,1,1,0.0,1.2801517868204857,0.0,0.0,40.0,0.0
Taylor Swift,Shake It Off,5888777.0,0.0,0,9,1.4673035567656043,0.2093743154376244,0.0,0.0,4.4,0.0
Taylor Swift,Soon You’ll Get Better (feat. The Chicks),10903449.0,0.0,0,12,0.8112356393139755,0.534220583042919,0.0,0.0,2.4,0.0
Taylor Swift,Style,1185825.0,0.0,0,2,0.9171876769023688,0.1586805985436716,0.0,0.0,2.8,0.0
Taylor Swift,The Archer,66610020.0,4135975.0,1,48,3.1207573983427506,0.3248019008667972,0.0,6.2,10.2,
Taylor Swift,The Man,71328773.0,0.0,0,44,1.0300018528721655,0.2114145433975219,0.0,0.0,3.1,
Taylor Swift,Wildest Dreams,1624892.0,0.0,1,4,0.943456632347072,0.2893014688946309,0.0,0.0,12.8,0.0
Taylor Swift,You Need To Calm Down,430028412.0,10353202.0,2,252,2.0638073370850987,0.1119375436131714,0.0,2.4,6.5,
Taylor Swift,august,31042369.0,0.0,0,35,1.0611989161295097,0.1866857324948846,0.0,0.0,3.2,
Taylor Swift,betty,17381775.0,0.0,0,25,1.199108616458818,0.2157861339969982,0.0,0.0,3.6,
Taylor Swift,cardigan,92040787.0,0.0,0,58,1.6861050928907595,0.2097164351707278,0.0,0.0,5.1,
Taylor Swift,champagne problems,10293930.0,0.0,0,8,1.1466025610735715,0.0911274955220806,0.0,0.0,3.4,0.0
Taylor Swift,epiphany,8577104.0,0.0,0,16,1.026784327058118,0.2841715499046374,0.0,0.0,3.1,
Taylor Swift,evermore (feat. Bon Iver),197649.0,0.0,0,1,0.9379431109592552,0.0665063050083265,0.0,0.0,2.8,0.0
Taylor Swift,exile (feat. Bon Iver),73259171.0,0.0,0,52,1.2733344824079975,0.1647132276347579,0.0,0.0,3.8,
Taylor Swift,gold rush,4166208.0,0.0,0,7,2.2392350017464984,0.6101201199760717,0.0,0.0,6.7,0.0
Taylor Swift,happiness,1142074.0,0.0,0,5,1.1324174905183595,0.0935101064302505,0.0,0.0,3.4,0.0
Taylor Swift,hoax,6044366.0,0.0,0,11,1.036660573796898,0.3692105073763349,0.0,0.0,3.1,0.0
Taylor Swift,illicit affairs,15839661.0,0.0,0,19,1.0257896768635448,0.2578054891539905,0.0,0.0,3.1,
Taylor Swift,invisible string,21336447.0,0.0,0,23,1.186666687243878,0.323553983366058,0.0,0.0,3.6,
Taylor Swift,ivy,1192566.0,0.0,0,5,1.1284769303269564,0.0901149137759914,0.0,0.0,3.4,0.0
Taylor Swift,long story short,880878.0,0.0,0,4,1.1352962199398524,0.0975506878876586,0.0,0.0,3.4,0.0
Taylor Swift,mad woman,10608690.0,0.0,0,18,1.026676963702266,0.347316583079351,0.0,0.0,3.1,
Taylor Swift,mirrorball,19884040.0,0.0,0,19,1.1940660587804253,0.2495650341719042,0.0,0.0,3.6,
Taylor Swift,my tears ricochet,26976722.0,0.0,0,24,1.0210660636422295,0.2408123897705387,0.0,0.0,3.1,
Taylor Swift,"no body, no crime (feat. HAIM)",6614890.0,0.0,0,7,1.36149430656638,0.3548929903738977,0.0,0.0,4.1,0.0
Taylor Swift,peace,7952676.0,0.0,0,16,1.0296564580230625,0.2753409728349823,0.0,0.0,3.1,
Taylor Swift,seven,18416421.0,0.0,0,19,1.3394407989765178,0.2853933276294286,0.0,0.0,4.0,
Taylor Swift,the 1,51795309.0,0.0,0,51,1.4113070139259294,0.2621030213256088,0.0,0.0,4.2,
Taylor Swift,the lakes - bonus track,299620.0,0.0,0,1,1.1422406398560476,0.1614818828139001,0.0,0.0,3.4,0.0
Taylor Swift,the last great american dynasty,30339662.0,0.0,0,31,1.0248123336090034,0.2027524953107427,0.0,0.0,3.1,
Taylor Swift,this is me trying,16039536.0,0.0,0,19,1.0237143347365418,0.260307345563193,0.0,0.0,3.1,
Taylor Swift,tolerate it,1509792.0,0.0,0,6,1.1300018149918325,0.0903790475149656,0.0,0.0,3.4,0.0
Taylor Swift,willow,19783783.0,0.0,0,8,1.1364975425482349,0.0863050234848399,0.0,0.0,3.4,0.0
Taylor Swift,‘tis the damn season,2718669.0,0.0,0,7,2.207338192756638,0.6394922166945831,1.0,0.0,10.9,0.0
"Taylor Swift, Ed Sheeran, Future",End Game,26319107.0,0.0,0,29,3.4318229175466164,0.2439166394606629,0.0,0.0,10.3,
Tee Grizzley,2 Vaults (feat. Lil Yachty),7680087.0,0.0,0,29,1.4238078288586502,0.1272237019706622,0.0,0.0,4.3,
Tee Grizzley,First Day Out,48501472.0,0.0,0,198,1.289960778223586,0.056173047308103,0.0,0.0,3.9,
Tee Grizzley,From The D To The A (feat. Lil Yachty),32500465.0,0.0,0,156,1.2689644625682497,0.0623456803495001,0.0,0.0,3.8,
Tee Grizzley,Jettski Grizzley (feat. Lil Pump),10200592.0,0.0,0,32,1.8117066570103697,0.2193083763517943,0.0,0.0,5.4,
Tee Grizzley,Satish,2920968.0,0.0,0,11,1.0085679495330566,0.1098899383275519,0.0,0.0,3.0,0.0
Tee Grizzley,Young Grizzley World (feat. A Boogie Wit Da Hoodie & YNW Melly),890483.0,0.0,0,5,1.04226442178812,0.1449486006171335,0.0,0.0,3.1,0.0
"Thalia, Natti Natasha",No Me Acuerdo,110040377.0,0.0,0,132,1.5358796326655877,0.0839217607180948,0.0,0.0,4.6,
The 1975,Give Yourself A Try,3693161.0,0.0,0,6,0.7894859638644169,0.4705522617663278,0.0,0.0,2.4,0.0
The 1975,It's Not Living (If It's Not With You),1864505.0,0.0,2,6,2.2551994913368305,1.1614080198079286,1.0,0.0,25.1,0.0
The 1975,Love It If We Made It,390151.0,0.0,1,3,0.307091817226335,0.9195485224999344,0.0,0.0,14.3,0.0
The 1975,Sincerity Is Scary,0.0,0.0,1,1,0.0,1.180746120660268,0.0,0.0,40.0,0.0
The 1975,TOOTIMETOOTIMETOOTIME,1648398.0,0.0,0,3,0.7996633980550787,0.4355804832618307,0.0,0.0,2.4,0.0
The 7 Dimensions,Faygo,283259.0,0.0,0,1,0.9767293508332536,0.2008497142486199,0.0,0.0,2.9,0.0
"The Beach Boys, Mark Linett, Sweet, Larry Walsh",Little Saint Nick - 1991 Remix,14916833.0,266747.0,1,23,3.742073058981606,0.7270678026396876,2.0,1.8,15.6,
The Carters,APESHIT,113611555.0,12354881.0,6,94,1.4569055950899112,0.1334072910896165,0.0,10.9,6.9,
The Carters,BOSS,1250254.0,0.0,1,6,0.6847913488525074,0.7932484783731968,0.0,0.0,8.7,0.0
The Carters,NICE,223222.0,0.0,1,2,0.9237333024349064,0.3833490657338736,0.0,0.0,22.8,0.0
The Carters,SUMMER,0.0,0.0,0,1,0.0,0.8691188615843768,0.0,0.0,0.0,0.0
The Chainsmokers,Beach House,16545507.0,0.0,0,16,0.9823412789955877,0.1646173971677957,0.0,0.0,2.9,
The Chainsmokers,Bloodstream,5831282.0,0.0,0,8,0.8803410564705558,0.3055107229589383,0.0,0.0,2.6,0.0
The Chainsmokers,Break Up Every Night,46034302.0,0.0,0,51,1.2274794381995109,0.1219638400364854,0.0,0.0,3.7,
The Chainsmokers,Call You Mine (feat. Bebe Rexha),180539699.0,0.0,0,94,1.1649084842365562,0.0939219284926857,0.0,0.0,3.5,
The Chainsmokers,Do You Mean (feat. Ty Dolla $ign & bülow),22185805.0,0.0,0,25,1.1950804132523531,0.2504268181717871,0.0,0.0,3.6,
The Chainsmokers,Don't Let Me Down (feat. Daya),235215051.0,0.0,0,238,1.2276504146077662,0.0612087253938408,0.0,0.0,3.7,
The Chainsmokers,Everybody Hates Me,43302893.0,0.0,0,38,1.399177343713342,0.1112756190439756,0.0,0.0,4.2,
The Chainsmokers,Honest,4607144.0,0.0,0,6,0.8444568739072431,0.3099814457008467,0.0,0.0,2.5,0.0
The Chainsmokers,Kills You Slowly,6366660.0,0.0,0,6,0.9780978499973274,0.2731838031087264,0.0,0.0,2.9,0.0
The Chainsmokers,Paris,572289197.0,4959256.0,1,226,1.280318236987445,0.069991845883644,0.0,0.9,4.0,
The Chainsmokers,Push My Luck,3978283.0,0.0,0,5,0.841969384332223,0.3737605242030301,0.0,0.0,2.5,0.0
The Chainsmokers,Roses (feat. ROZES),24646891.0,763483.0,2,45,2.283097723829029,0.1856754347801861,0.0,3.1,8.6,
The Chainsmokers,Sick Boy,162307991.0,0.0,0,103,3.4856915174449408,0.1304704033521066,0.0,0.0,10.5,
The Chainsmokers,Side Effects (feat. Emily Warren),53902510.0,0.0,0,57,1.3487156684419228,0.1294461675234674,0.0,0.0,4.0,
The Chainsmokers,The One,106791341.0,0.0,0,73,1.855871270145479,0.1325405064700379,0.0,0.0,5.6,
The Chainsmokers,This Feeling (feat. Kelsea Ballerini),141959081.0,0.0,0,86,1.2891393786356458,0.1321744914016053,0.0,0.0,3.9,
The Chainsmokers,You Owe Me,34847254.0,0.0,0,29,1.108251575518691,0.1052070365474528,0.0,0.0,3.3,
The Chainsmokers,Young,4218919.0,0.0,0,6,0.9664297786233104,0.2283713442389727,0.0,0.0,2.9,0.0
"The Chainsmokers, 5 Seconds of Summer",Who Do You Love,266451469.0,0.0,0,194,1.2736671064553435,0.0911463755939557,0.0,0.0,3.8,
"The Chainsmokers, Bebe Rexha",Call You Mine,70263458.0,0.0,0,80,1.2319611620523183,0.1521380662898506,0.0,0.0,3.7,
"The Chainsmokers, Coldplay",Something Just Like This,1132406861.0,33879511.0,6,889,2.479602329390046,0.0577107328985448,0.0,3.0,7.7,
"The Chainsmokers, Drew Love",Somebody,120069330.0,0.0,0,103,1.1989711211154996,0.0939460681357785,0.0,0.0,3.6,
"The Chainsmokers, Emily Warren",Don't Say,6032094.0,0.0,0,9,0.865338639589437,0.3456054368999997,0.0,0.0,2.6,0.0
"The Chainsmokers, Emily Warren",My Type,5188467.0,0.0,0,9,0.8922118868008153,0.3767034274223291,0.0,0.0,2.7,0.0
"The Chainsmokers, Florida Georgia Line",Last Day Alive,3736164.0,0.0,0,6,0.9092455882465584,0.2760520560203186,0.0,0.0,2.7,0.0
"The Chainsmokers, Halsey",Closer,986761077.0,3073157.0,1,949,1.7632867385595783,0.069375533241351,0.0,0.3,5.3,
"The Chainsmokers, ILLENIUM",Takeaway (feat. Lennon Stella),228842268.0,0.0,0,132,1.2746858373794452,0.0960978921905381,0.0,0.0,3.8,
"The Chainsmokers, ILLENIUM, Lennon Stella",Takeaway,74833043.0,0.0,0,106,1.148295996210306,0.0560893628837771,0.0,0.0,3.4,
"The Chainsmokers, Jhené Aiko",Wake Up Alone,2757099.0,0.0,0,5,0.8696620557864008,0.3468181355309933,0.0,0.0,2.6,0.0
"The Chainsmokers, Kelsea Ballerini",This Feeling,154272070.0,0.0,0,171,1.7270384778784775,0.1419807717313568,0.0,0.0,5.2,
"The Chainsmokers, Kygo",Family,29398783.0,0.0,0,32,1.3017688779315673,0.1649386548519878,0.0,0.0,3.9,
"The Chainsmokers, Louane",It Won't Kill Ya,4021968.0,0.0,0,5,0.881735900730639,0.2493701312728715,0.0,0.0,2.6,0.0
"The Chainsmokers, Phoebe Ryan",All We Know,123950173.0,0.0,0,116,1.3052865278952808,0.1013221943123066,0.0,0.0,3.9,
"The Chainsmokers, Winona Oak",Hope,76262222.0,0.0,0,52,1.4011688679438064,0.1900101673011388,0.0,0.0,4.2,
"The Chainsmokers, XYLØ",Setting Fires,40337262.0,0.0,0,47,1.175959072443612,0.0735357680764902,0.0,0.0,3.5,
The Citizens of Halloween,This Is Halloween,496495.0,0.0,4,4,0.95043568899998,2.255204260252504,0.0,0.0,42.9,0.0
The Cranberries,Zombie,954836.0,0.0,0,1,3.1019368971126378,1.7232192967312,0.0,0.0,9.3,0.0
"The Cratez, Bonez MC",Honda Civic,6216025.0,0.0,0,9,0.9657885853907288,0.1928520461867214,0.0,0.0,2.9,0.0
The Jackson 5,I Saw Mommy Kissing Santa Claus,23325761.0,2594976.0,3,25,2.007487372164049,0.7458774676029398,0.0,11.1,10.8,
The Jackson 5,I Want You Back,372515.0,0.0,0,1,0.8791108083403213,0.6492062805992199,0.0,0.0,2.6,0.0
The Jackson 5,Santa Claus Is Coming To Town,51042990.0,4443700.0,5,37,1.9615580054530073,0.4280169434754184,0.0,8.7,11.3,
The Kid LAROI,ALWAYS DO,6187295.0,0.0,0,14,0.968564859181713,0.3451044915800338,0.0,0.0,2.9,
The Kid LAROI,Diva (feat. Lil Tecca),2321142.0,0.0,0,9,1.1002415145604505,0.1147550680207719,0.0,0.0,3.3,0.0
The Kid LAROI,"F*CK YOU, GOODBYE (feat. Machine Gun Kelly)",648079.0,0.0,0,2,0.4372504712430792,0.6176787122018844,0.0,0.0,1.3,0.0
The Kid LAROI,FEEL SOMETHING (feat. Marshmello),508985.0,0.0,0,2,0.5300477788276867,0.8636361560345456,0.0,0.0,1.6,0.0
The Kid LAROI,GO (feat. Juice WRLD),129581430.0,0.0,0,123,2.902995797804929,0.1790669779776256,0.0,0.0,8.7,
The Kid LAROI,PIKACHU,451844.0,0.0,0,2,0.7939341567255406,0.2641463465412055,0.0,0.0,2.4,0.0
The Kid LAROI,SO DONE,44328078.0,0.0,0,26,1.449677894721501,0.1190029035692235,0.0,0.0,4.3,
The Kid LAROI,STAY (with Justin Bieber),51225645.0,0.0,1,6,1.092701326691477,0.0898255509070015,0.0,0.0,9.9,0.0
The Kid LAROI,TELL ME WHY,6058706.0,0.0,0,25,1.096900472689916,0.0551481985507686,0.0,0.0,3.3,
The Kid LAROI,TRAGIC (feat. Youngboy Never Broke Again & Internet Money),2111332.0,0.0,0,2,0.8678996219901136,0.2166705405101062,0.0,0.0,2.6,0.0
The Kid LAROI,WITHOUT YOU,73900535.0,0.0,0,37,1.6807958701589074,0.2015047839974683,0.0,0.0,5.0,
The Kid LAROI,WRONG (feat. Lil Mosey),486991.0,0.0,0,2,0.9323580315572504,0.0958238460716838,0.0,0.0,2.8,0.0
"The Kid LAROI, Lil Tjay",Fade Away,199261.0,0.0,0,1,0.8171982890022323,0.222484469410391,0.0,0.0,2.5,0.0
The Killers,Mr. Brightside,173099297.0,925193.0,1,307,3.2272852341256515,0.2466013241519349,2.0,0.5,10.0,
The Lumineers,Ophelia,8164399.0,0.0,0,47,1.3892787411596257,0.0945149351920714,0.0,0.0,4.2,
The Neighbourhood,Daddy Issues,59324351.0,0.0,0,59,2.824628260031134,0.19079495928621,1.0,0.0,9.0,
The Neighbourhood,Sweater Weather,98574290.0,0.0,0,73,1.336063114076461,0.1160566934978431,0.0,0.0,4.0,
The Pogues,Fairytale of New York (feat. Kirsty MacColl),70057999.0,983272.0,1,60,4.125073641652378,0.4050983218020559,0.0,1.4,13.0,
The Police,Every Breath You Take,66176192.0,0.0,0,102,1.281061389448724,0.060918566091551,0.0,0.0,3.8,
The Ronettes,Sleigh Ride,105781415.0,9992483.0,6,68,3.322969311702827,0.3331980878994232,0.0,9.4,13.5,
"The Rudeboyz, Jowell & Randy, Manuel Turizo",Dile la Verdad,17224263.0,0.0,0,26,1.37195185755982,0.1723311857156569,0.0,0.0,4.1,
"The Vamps, Matoma",All Night,211758327.0,0.0,0,172,1.1954367233126582,0.0750668520796078,0.0,0.0,3.6,
The Weeknd,After Hours,209170921.0,19932485.0,3,98,2.285594871544308,0.1383089071311606,0.0,9.5,8.1,
The Weeknd,Alone Again,22474953.0,0.0,0,19,0.916141986885161,0.4464601995403771,0.0,0.0,2.7,
The Weeknd,Attention,2372471.0,0.0,0,16,1.0860819405413402,0.078243212103548,0.0,0.0,3.3,
The Weeknd,Blinding Lights,1809399286.0,94510619.0,15,329,1.5298320185794998,0.0678144516527568,0.0,5.2,6.4,
The Weeknd,Blinding Lights (with ROSALÍA) - Remix,3253800.0,0.0,0,4,0.6986885937183517,0.3887891145800793,0.0,0.0,2.1,0.0
The Weeknd,Call Out My Name,451761383.0,17734297.0,4,314,3.103033841661873,0.2354802928272217,4.0,3.9,10.2,
The Weeknd,Can't Feel My Face,6374766.0,0.0,0,17,1.1077396510260955,0.0630232512763676,0.0,0.0,3.3,
The Weeknd,Die For You,31899494.0,0.0,0,108,1.25949986279633,0.0931909434759785,0.0,0.0,3.8,
The Weeknd,Escape From LA,19230098.0,0.0,0,19,0.9246772914812716,0.4056813721684398,0.0,0.0,2.8,
The Weeknd,Faith,20817406.0,0.0,0,19,0.921681483723186,0.3937991218683465,0.0,0.0,2.8,
The Weeknd,False Alarm,2548937.0,0.0,0,17,1.101430922052654,0.0659931689030278,0.0,0.0,3.3,
The Weeknd,Hardest To Love,29134487.0,0.0,0,22,0.8998523611128749,0.3043731724620512,0.0,0.0,2.7,
The Weeknd,Heartless,357149581.0,17281266.0,3,218,3.203758156044364,0.1439307194869198,1.0,4.8,10.3,
The Weeknd,In Your Eyes,363791760.0,0.0,0,199,1.376025057932216,0.0762976090955268,0.0,0.0,4.1,
The Weeknd,In Your Eyes (with Doja Cat) - Remix,3407369.0,0.0,0,3,0.8913081819622081,0.1926882891825962,0.0,0.0,2.7,0.0
The Weeknd,Nothing Compares - Bonus Track,518775.0,0.0,1,2,0.4284028991943671,1.0577013572202851,0.0,0.0,21.3,0.0
The Weeknd,Ordinary Life,141837.0,0.0,0,1,1.0500714424968105,0.0718070816611544,0.0,0.0,3.2,0.0
The Weeknd,Party Monster,134173650.0,0.0,0,170,1.1522532933138696,0.0802038052277802,0.0,0.0,3.5,
The Weeknd,Pray For Me (with Kendrick Lamar),308906846.0,10095802.0,2,145,1.3403437150610558,0.0941457516387318,0.0,3.3,4.6,
The Weeknd,Privilege,30643593.0,0.0,0,26,1.009379018862096,0.296192917610186,0.0,0.0,3.0,
The Weeknd,Reminder,66164572.0,0.0,0,197,3.182270125464953,0.1248975355586693,0.0,0.0,9.5,
The Weeknd,Repeat After Me (Interlude),10050531.0,0.0,0,11,0.7321090104826733,0.5135751114312321,0.0,0.0,2.2,0.0
The Weeknd,Rockin’,11999729.0,154095.0,1,27,1.1081185330736474,0.1875631491771013,0.0,1.3,4.8,
The Weeknd,Save Your Tears,83035889.0,2176491.0,1,60,3.18009461159179,0.2338988474214664,0.0,2.6,10.2,
The Weeknd,Save Your Tears (with Ariana Grande) (Remix),46930570.0,0.0,0,14,1.0556648070617316,0.053979335231166,0.0,0.0,3.2,
The Weeknd,Scared To Live,25592820.0,852967.0,1,22,1.0365830221235963,0.442075378236983,0.0,3.3,4.9,
The Weeknd,Secrets,8354154.0,0.0,0,30,1.2900447767479073,0.2464078269424235,0.0,0.0,3.9,
The Weeknd,Six Feet Under,46241944.0,0.0,0,75,1.1086286782988155,0.11009641876984,0.0,0.0,3.3,
The Weeknd,Snowchild,19970863.0,0.0,0,18,0.8236926529964992,0.433623252322365,0.0,0.0,2.5,
The Weeknd,The Hills,45925803.0,2884961.0,5,98,3.63465481768357,0.2228143287417341,0.0,6.3,12.9,
The Weeknd,Too Late,21902514.0,0.0,0,19,0.91501299201867,0.4329910695436894,0.0,0.0,2.7,
The Weeknd,True Colors,10396351.0,0.0,0,39,1.3668481326535298,0.2099607685020508,0.0,0.0,4.1,
The Weeknd,Try Me,65722682.0,6227169.0,2,44,1.072216387988647,0.2556775737289384,0.0,9.5,5.0,
The Weeknd,Until I Bleed Out,7694047.0,0.0,0,8,0.7095861475066574,0.4792647368785419,0.0,0.0,2.1,0.0
The Weeknd,Wasted Times,77086966.0,0.0,0,50,1.0329993697714204,0.1886743258229006,0.0,0.0,3.1,
"The Weeknd, A$AP Rocky, Young Thug",Reminder - Remix,8987423.0,0.0,0,19,1.0702751776118309,0.2608068042124567,0.0,0.0,3.2,
"The Weeknd, Daft Punk",I Feel It Coming,476942350.0,3380175.0,1,251,1.689525886690554,0.0715549782287237,0.0,0.7,5.2,
"The Weeknd, Daft Punk",Starboy,567685819.0,3800709.0,2,363,1.8110176805258955,0.0851310960490703,0.0,0.7,5.7,
"The Weeknd, Future",All I Know,3331941.0,0.0,0,22,1.1290549748632313,0.0667742738434992,0.0,0.0,3.4,
"The Weeknd, Gesaffelstein",Hurt You,39559820.0,0.0,0,32,1.1377566894688154,0.3196082521148425,0.0,0.0,3.4,
"The Weeknd, Gesaffelstein",I Was Never There,34860682.0,0.0,0,26,0.9870821645593836,0.3039100118563543,0.0,0.0,3.0,
"The Weeknd, Kendrick Lamar",Sidewalks,39729496.0,0.0,0,69,1.8778248918002105,0.1547452518955202,0.0,0.0,5.6,
The xx,Dangerous,1233807.0,0.0,0,3,0.6588665129833413,0.4947629936108408,0.0,0.0,2.0,0.0
The xx,On Hold,5639738.0,0.0,0,10,1.0073149524238256,0.2134324698864352,0.0,0.0,3.0,0.0
The xx,Say Something Loving,3204137.0,0.0,0,6,0.8893984623481057,0.3318746546398347,0.0,0.0,2.7,0.0
"Thiaguinho MT, Mila, JS o Mão de Ouro",Tudo Ok,18819799.0,0.0,0,24,1.3458255934940666,0.1096224287039689,0.0,0.0,4.0,
Thirty Seconds To Mars,Walk On Water,181603.0,0.0,1,2,0.3722962330229777,1.2218879948820989,0.0,0.0,21.1,0.0
"Thomas Gold, Jillian Edwards",Magic,13484383.0,0.0,0,35,2.5979880872578645,0.4961926994887202,2.0,0.0,9.5,
Thomas Rhett,Die A Happy Man,6213895.0,0.0,0,38,1.413782895303007,0.0590773285795449,0.0,0.0,4.2,
Thomas Rhett,Life Changes,1395446.0,0.0,0,7,3.489539358486025,0.7266345228838518,0.0,0.0,10.5,0.0
Thomas Rhett,Look What God Gave Her,22382133.0,0.0,0,87,3.757483158552678,0.1478063894138546,0.0,0.0,11.3,
Thomas Rhett,Marry Me,56612870.0,0.0,0,163,3.3187063842807816,0.2210787865484925,2.0,0.0,10.3,
Thomas Rhett,Star Of The Show,3482927.0,0.0,0,20,1.0655158847728632,0.0420291988438051,0.0,0.0,3.2,
Thomas Rhett,Unforgettable,38537391.0,0.0,0,123,2.2670052057217354,0.1317070164659914,0.0,0.0,6.8,
"Thomas Rhett, Jon Pardi",Beer Can’t Fix,6253064.0,0.0,0,27,1.2149304908546312,0.0990216758176048,0.0,0.0,3.6,
"Thomas Rhett, Kane Brown",On Me (feat. Ava Max) - From 'SCOOB!' The Album,15489862.0,0.0,0,65,1.2685438241420572,0.0652434609180607,0.0,0.0,3.8,
"Thomas Rhett, Kelsea Ballerini",Center Point Road,1693618.0,0.0,0,7,1.0283475966835496,0.1156796886102076,0.0,0.0,3.1,0.0
"Thomas Rhett, Maren Morris",Craving You,35190807.0,0.0,0,100,2.65855654818188,0.1806185260719327,0.0,0.0,8.0,
Thurl Ravenscroft,"You're A Mean One, Mr. Grinch - From Dr. Seuss' 'How The Grinch Stole Christmas'",10054968.0,2494037.0,3,21,3.360549585396057,0.6371813606020579,2.0,24.8,18.7,
"Tiago PZK, LIT Killah",Entre Nosotros,4973746.0,0.0,0,5,1.2271202115246158,0.1556742606633865,0.0,0.0,3.7,0.0
Tim Berg,Seek Bromance - Avicii Vocal Edit,581429.0,0.0,2,2,0.8554829691753109,1.215354256847164,0.0,0.0,42.6,0.0
"Tion Wayne, Russ Millions","Body (Remix) [feat. ArrDee, E1 (3x3), ZT (3x3), Bugzy Malone, Buni, Fivio Foreign & Darkoo]",12046474.0,0.0,0,14,1.0409067391023157,0.0714584048465472,0.0,0.0,3.1,
Tiësto,The Business,60322867.0,0.0,0,41,1.4741556333739143,0.1087237872002702,0.0,0.0,4.4,
"Tiësto, Bright Sparks",On My Way,851596.0,0.0,0,2,0.8171419127870826,0.4212936780778058,0.0,0.0,2.5,0.0
"Tiësto, Dzeko, Preme, Post Malone",Jackie Chan,480485330.0,0.0,0,265,1.4794244395995204,0.0783723552691269,0.0,0.0,4.4,
"Tiësto, Jonas Blue, Rita Ora",Ritual,100563002.0,0.0,0,110,1.28185481630301,0.0940697555210829,0.0,0.0,3.8,
Toby Keith,"Courtesy Of The Red, White And Blue (The Angry American)",2164326.0,0.0,0,6,1.612422386470895,0.3137550100193702,0.0,0.0,4.8,0.0
Tom Grennan,Little Bit of Love,12714999.0,0.0,0,14,1.0804729658153576,0.0660721379791851,0.0,0.0,3.2,
Tom Odell,Another Love,12314453.0,0.0,0,14,1.0185934969079369,0.0364622576342806,0.0,0.0,3.1,
Tom Petty,Free Fallin',714558.0,0.0,2,3,3.730970273377544,1.3065887085904029,0.0,0.0,37.9,0.0
Tom Petty and the Heartbreakers,American Girl,1159729.0,0.0,1,4,3.5468149701668183,1.1618701770262554,0.0,0.0,20.6,0.0
Tom Walker,Just You and I,57459836.0,0.0,0,66,1.3001159101685098,0.0796327344671025,0.0,0.0,3.9,
Tom Walker,Leave a Light On,46566160.0,0.0,0,84,3.362770070655466,0.1004354752840963,0.0,0.0,10.1,
Tones And I,Dance Monkey,2055054071.0,17827565.0,3,464,3.838040453756231,0.0788756760211908,0.0,0.9,11.8,
Tones And I,Never Seen the Rain,147859639.0,0.0,0,155,3.7110973836050074,0.1253896099060325,0.0,0.0,11.1,
Tony Bennett,O Christmas Tree,426565.0,0.0,0,1,1.0898961285838875,0.2184692661709369,0.0,0.0,3.3,0.0
Tony Bennett,Winter Wonderland,27146413.0,0.0,0,19,2.3488286383537953,0.4167412312899952,0.0,0.0,7.0,
"Topic, A7S",Breaking Me,434820274.0,0.0,0,213,1.3470511959373672,0.074864504293562,0.0,0.0,4.0,
Tory Lanez,B.I.D,5453267.0,0.0,0,21,2.9580090811780906,0.3448694108566863,1.0,0.0,10.3,
Tory Lanez,Beauty In The Benz (feat. Snoop Dogg),417208.0,0.0,1,2,0.4097550401040538,1.05485310863885,0.0,0.0,21.2,0.0
Tory Lanez,Broke In A Minute,64841365.0,0.0,0,143,3.0943397515015523,0.1764610009141803,0.0,0.0,9.3,
Tory Lanez,Broke Leg (with Quavo & Tyga),7377747.0,0.0,0,16,0.9561087916390908,0.2982485939924045,0.0,0.0,2.9,
Tory Lanez,Do The Most,2345163.0,0.0,0,7,2.1114335006033182,0.852181172663782,1.0,0.0,10.6,0.0
Tory Lanez,DrIP DrIp Drip (feat. Meek Mill),957271.0,0.0,0,4,0.614465796289988,0.8467467265248326,0.0,0.0,1.8,0.0
Tory Lanez,FeRRis WhEEL (feat. Trippie Redd),14430301.0,0.0,0,59,1.19030008446751,0.0855184975517405,0.0,0.0,3.6,
Tory Lanez,Forever,1190193.0,0.0,0,5,0.90681630250452,0.1851620995619069,0.0,0.0,2.7,0.0
Tory Lanez,Freaky,65387457.0,0.0,0,99,2.65427489916874,0.1410673599557465,1.0,0.0,8.3,
Tory Lanez,Jerry Sprunger (with T-Pain),15281591.0,0.0,0,21,3.8498645923702783,0.6574922792575846,0.0,0.0,11.5,
Tory Lanez,LUV,609090.0,0.0,0,4,1.0278482803753195,0.0770262281876897,0.0,0.0,3.1,0.0
Tory Lanez,MiAMi (feat. Gunna),2553391.0,0.0,0,5,0.8841448954060956,0.4418076877352176,0.0,0.0,2.7,0.0
Tory Lanez,Pieces (feat. 50 Cent),1208246.0,0.0,0,6,1.0444576593720267,0.1643387164735123,0.0,0.0,3.1,0.0
Tory Lanez,Shooters,1254125.0,0.0,0,6,3.2097009971950845,0.8781068084289659,0.0,0.0,9.6,0.0
Tory Lanez,Staccato,218637.0,0.0,0,1,0.907368109430162,0.0811963369665115,0.0,0.0,2.7,0.0
Tory Lanez,Stupid Again,6374921.0,0.0,0,12,0.8637738662122895,0.4320929012327787,0.0,0.0,2.6,0.0
Tory Lanez,TAlk tO Me (with Rich The Kid feat. Lil Wayne) - Remix,25197739.0,0.0,0,98,3.7254238896192784,0.1093962688831161,0.0,0.0,11.2,
Tory Lanez,TAlk tO Me (with Rich The Kid),1709833.0,0.0,1,7,2.9515688088829073,0.6947904583189354,0.0,0.0,14.6,0.0
Tory Lanez,Temperature Rising,3557328.0,0.0,0,14,1.1095524009790496,0.4028608512117718,0.0,0.0,3.3,
Tory Lanez,The Take (feat. Chris Brown),32089237.0,908833.0,1,44,2.2961262217217433,0.2657656368774244,0.0,2.8,7.8,
Tory Lanez,Who Needs Love,3153081.0,0.0,0,7,1.2058307554125554,0.5589527466927873,0.0,0.0,3.6,0.0
"Tory Lanez, Jack Harlow","WHATS POPPIN (feat. DaBaby, Tory Lanez & Lil Wayne) - Remix",238932517.0,0.0,0,95,1.4593835918921387,0.0866894400241392,0.0,0.0,4.4,
Tove Lo,Cool Girl,4556254.0,0.0,0,11,1.1086059014732286,0.0855949746928895,0.0,0.0,3.3,0.0
Train,Shake Up Christmas,4378233.0,0.0,1,3,1.384652123687261,0.2987296279428859,0.0,0.0,17.5,0.0
Travis Scott,5% TINT,25970750.0,0.0,0,34,1.0498342858004497,0.246725399465289,0.0,0.0,3.1,
Travis Scott,ASTROTHUNDER,19242772.0,0.0,0,26,0.9916477719679792,0.2953982114274144,0.0,0.0,3.0,
Travis Scott,Antidote,12155993.0,0.0,0,73,1.1351609326568823,0.0640590888769045,0.0,0.0,3.4,
Travis Scott,BUTTERFLY EFFECT,478990685.0,9428473.0,3,552,5.229985234611163,0.1210934601351512,2.0,2.0,16.0,
Travis Scott,CAN'T SAY,43823364.0,0.0,0,62,1.0969931389118674,0.1787669508775697,0.0,0.0,3.3,
Travis Scott,CAROUSEL,46445127.0,0.0,0,49,1.111346223919654,0.2043390264067925,0.0,0.0,3.3,
Travis Scott,COFFEE BEAN,9365259.0,0.0,0,12,0.6797979890680883,0.5273709377782675,0.0,0.0,2.0,0.0
Travis Scott,FRANCHISE (feat. Young Thug & M.I.A.),21526316.0,892751.0,1,19,1.029650113440293,0.3810076587053894,0.0,4.1,5.2,
Travis Scott,HIGHEST IN THE ROOM,906873366.0,23800100.0,3,369,1.789384522968198,0.0636389671247808,0.0,2.6,5.7,
Travis Scott,HIGHEST IN THE ROOM (feat. ROSALÍA & Lil Baby) - REMIX,82041805.0,0.0,0,49,1.0632557477111269,0.1266793094530302,0.0,0.0,3.2,
Travis Scott,HOUSTONFORNICATION,21290721.0,0.0,0,32,1.0142867113031686,0.244062056734184,0.0,0.0,3.0,
Travis Scott,NC-17,22502398.0,0.0,0,30,0.993450712700536,0.2659892172197086,0.0,0.0,3.0,
Travis Scott,NO BYSTANDERS,34172321.0,0.0,0,42,1.0607240261262296,0.221195780432136,0.0,0.0,3.2,
Travis Scott,R.I.P. SCREW,32938694.0,0.0,0,37,1.0462649072233587,0.2381839727610302,0.0,0.0,3.1,
Travis Scott,SICKO MODE,1726481067.0,42427811.0,8,795,2.2003125449644743,0.0664317529051239,0.0,2.5,7.0,
Travis Scott,SICKO MODE - Skrillex Remix,4315784.0,0.0,1,12,1.7867527262966685,0.7843493139237617,0.0,0.0,8.7,0.0
Travis Scott,SKELETONS,18222660.0,0.0,0,25,0.996382351390483,0.3209333164027365,0.0,0.0,3.0,
Travis Scott,STARGAZING,289125773.0,1943711.0,1,225,2.983607000073298,0.1953028326545282,0.0,0.7,9.1,
Travis Scott,STOP TRYING TO BE GOD,38475390.0,0.0,0,40,1.0345603477658392,0.2255449531530772,0.0,0.0,3.1,
Travis Scott,"The Plan - From the Motion Picture ""TENET""",7199616.0,0.0,0,9,0.9618300009146395,0.2290724593205534,0.0,0.0,2.9,0.0
Travis Scott,WAKE UP,50073299.0,0.0,0,54,1.2537890445904334,0.2214652262632127,0.0,0.0,3.8,
Travis Scott,WHO? WHAT!,22386058.0,0.0,0,31,0.9967569252446352,0.2533264544769656,0.0,0.0,3.0,
Travis Scott,Watch (feat. Lil Uzi Vert & Kanye West),91428526.0,0.0,0,103,2.59208757549984,0.1665518014114352,1.0,0.0,8.1,
Travis Scott,YOSEMITE,273537348.0,0.0,0,318,2.916938860541866,0.1617113304378758,0.0,0.0,8.8,
Travis Scott,beibs in the trap,50341365.0,0.0,0,231,1.1494847092092464,0.0543240227620856,0.0,0.0,3.4,
Travis Scott,goosebumps,1314497466.0,0.0,0,1220,2.8659235199378785,0.1024020786171183,1.0,0.0,8.6,
"Travis Scott, HVME",Goosebumps - Remix,20990181.0,0.0,0,14,1.0446808615327028,0.0575795530897164,0.0,0.0,3.1,
"Travis Scott, Young Thug",Hot (Remix) [feat. Gunna and Travis Scott],155258011.0,0.0,0,127,1.4209240178386022,0.1378686974441933,0.0,0.0,4.3,
Trevor Daniel,Falling,993398244.0,4357618.0,2,330,2.5545362009178123,0.0614081636713632,0.0,0.4,7.9,
Trevor Daniel,Past Life (with Selena Gomez),22364974.0,0.0,0,24,1.243341845076317,0.1614300472492746,0.0,0.0,3.7,
Trey Lewis,Dicked Down in Dallas,2102558.0,0.0,0,6,0.9082284839463464,0.1670081846408059,0.0,0.0,2.7,0.0
Trey Songz,Nobody Else but You,7677938.0,0.0,0,47,1.077062834191168,0.0464546137287777,0.0,0.0,3.2,
Trinidad Cardona,Dinero,25398446.0,0.0,0,14,1.0278480841380524,0.0575071889715364,0.0,0.0,3.1,
Trippie Redd,!,1374829.0,0.0,0,5,0.3362867656738889,0.9293223615630816,0.0,0.0,1.0,0.0
Trippie Redd,BANG!,1972665.0,0.0,0,7,0.724724167560128,0.6407729860458584,0.0,0.0,2.2,0.0
Trippie Redd,Be Yourself,205713.0,0.0,0,1,0.3334213972666684,1.0315931436889751,0.0,0.0,1.0,0.0
Trippie Redd,Bird Shit,1007923.0,0.0,0,4,0.4672429895556614,0.949580428688752,0.0,0.0,1.4,0.0
Trippie Redd,Can't Love,2774041.0,0.0,0,10,0.8762779904320169,0.5448966589960846,0.0,0.0,2.6,0.0
Trippie Redd,Dark Knight Dummo (Feat. Travis Scott),32477749.0,0.0,0,123,3.5565999981211305,0.1082808939025459,0.0,0.0,10.7,
Trippie Redd,Death (feat. DaBaby),3299778.0,0.0,1,7,2.0718556105787003,0.7616023920362053,1.0,0.0,16.2,0.0
Trippie Redd,Excitement (feat. PARTYNEXTDOOR),1898804.0,0.0,0,7,1.0170033229351108,0.0627598771415046,0.0,0.0,3.1,0.0
Trippie Redd,Gore,435271.0,0.0,0,2,0.7439645751059133,0.3301010960996942,0.0,0.0,2.2,0.0
Trippie Redd,How You Feel,207280.0,0.0,0,1,0.7023115609671805,0.3434958722894148,0.0,0.0,2.1,0.0
Trippie Redd,I Tried Loving,1738595.0,0.0,0,6,0.7968368668100173,0.7139160885132029,0.0,0.0,2.4,0.0
Trippie Redd,I Try,192094.0,0.0,0,1,0.3394960597079288,1.0175646080083631,0.0,0.0,1.0,0.0
Trippie Redd,Leray,456863.0,0.0,0,2,0.3709204494257527,1.10500096917151,0.0,0.0,1.1,0.0
Trippie Redd,Lil Wayne,192262.0,0.0,0,1,0.7025527840913244,0.3382976449298964,0.0,0.0,2.1,0.0
Trippie Redd,Love Me More,24609770.0,0.0,0,61,4.183410887721023,0.2652896567375967,0.0,0.0,12.6,
Trippie Redd,Love Scars,15429143.0,0.0,0,75,3.5206938974804003,0.1272150233433157,0.0,0.0,10.6,
Trippie Redd,Love Scars 3,8778334.0,0.0,0,19,1.092456578915226,0.290814806279071,0.0,0.0,3.3,
Trippie Redd,Love Sick,1074984.0,0.0,0,4,0.4566155584201702,1.0392104875119537,0.0,0.0,1.4,0.0
Trippie Redd,Loyalty Before Royalty,1691316.0,0.0,0,6,0.8235981250734398,0.7066631823988753,0.0,0.0,2.5,0.0
Trippie Redd,Me Likey,0.0,0.0,0,1,0.0,0.8844495293953556,0.0,0.0,0.0,0.0
Trippie Redd,Miss The Rage (feat. Playboi Carti),18718077.0,0.0,0,14,1.0574353688021645,0.0428019168288161,0.0,0.0,3.2,
Trippie Redd,Missing My Idols,3050426.0,0.0,0,9,0.8355887325337189,0.5305408686514375,0.0,0.0,2.5,0.0
Trippie Redd,Oomps Revenge,198638.0,0.0,0,1,0.6755253364227585,0.3810883401418512,0.0,0.0,2.0,0.0
Trippie Redd,Real Feel,490009.0,0.0,0,2,0.445317690697914,1.0046580298762793,0.0,0.0,1.3,0.0
Trippie Redd,Shake It Up,33189729.0,0.0,0,119,1.182521384467229,0.114075493683151,0.0,0.0,3.5,
Trippie Redd,Sleepy Hollow,2213926.0,0.0,0,8,0.9293101928013764,0.6001140676143868,0.0,0.0,2.8,0.0
Trippie Redd,Snake Skin,2742431.0,0.0,0,5,0.7353519885915457,0.5258176974012644,0.0,0.0,2.2,0.0
Trippie Redd,So Alive,613106.0,0.0,0,3,0.8185096088494159,0.389133177503755,0.0,0.0,2.5,0.0
Trippie Redd,Taking A Walk,103423463.0,7607281.0,3,168,2.3873931888814894,0.1188153578536292,0.0,7.4,7.9,
Trippie Redd,The Grinch,428445.0,0.0,0,2,0.760872970694105,0.3831459956283414,0.0,0.0,2.3,0.0
Trippie Redd,Throw It Away,191742.0,0.0,0,1,0.3628828960682734,0.9728815980612268,0.0,0.0,1.1,0.0
Trippie Redd,Til The End of Time,202967.0,0.0,0,1,0.3453485780271548,1.002917737597457,0.0,0.0,1.0,0.0
Trippie Redd,Together,1059914.0,0.0,0,4,0.3511236875919015,0.8337952147203682,0.0,0.0,1.1,0.0
Trippie Redd,Topanga,126876748.0,6696798.0,3,159,2.118362855781792,0.1522159213435596,0.0,5.3,7.1,
Trippie Redd,Toxic Waste,2945182.0,0.0,1,10,0.8420300646642219,0.5740712436230883,0.0,0.0,6.5,0.0
Trippie Redd,UKA UKA,450263.0,0.0,0,2,0.4943133133194839,0.8705425019593924,0.0,0.0,1.5,0.0
Trippie Redd,Under Enemy Arms,8450762.0,0.0,0,25,1.6840322906060703,0.2857819727647726,0.0,0.0,5.1,
Trippie Redd,Weeeeee,2023611.0,0.0,0,7,1.166546575338437,0.1075357221498208,0.0,0.0,3.5,0.0
Trippie Redd,Who Needs Love,23555743.0,3924494.0,2,33,3.0699519582500123,0.3329655257685796,0.0,16.7,11.6,
Trippie Redd,Wicked,922493.0,0.0,0,4,0.8400504974525963,0.3510784399731196,0.0,0.0,2.5,0.0
"Trippie Redd, 6ix9ine",Poles 1469,3818252.0,0.0,0,20,1.072244682850063,0.061673422331113,0.0,0.0,3.2,
"Trippie Redd, Baby Goth",A.L.L.T.Y. 3,1050753.0,0.0,0,4,0.5518724889021207,0.948624065069452,0.0,0.0,1.7,0.0
"Trippie Redd, Chris King, Quan'ta",U Deserve It,201406.0,0.0,0,1,0.3664452413572261,0.9684417887178112,0.0,0.0,1.1,0.0
"Trippie Redd, DaBaby",Death,62174428.0,0.0,0,103,2.167922925996011,0.2390521528008906,0.0,0.0,6.5,
"Trippie Redd, Emani 22",Fire Starter,1032645.0,0.0,0,4,0.5028336249283581,1.0341609775238365,0.0,0.0,1.5,0.0
"Trippie Redd, Juice WRLD",1400 / 999 Freestyle,65357520.0,1201808.0,1,146,3.176563831606913,0.1503114617561164,1.0,1.8,10.0,
"Trippie Redd, Juice WRLD, YNW Melly",6 Kiss,42129052.0,0.0,0,89,1.5107364708307571,0.1400857939216,0.0,0.0,4.5,
"Trippie Redd, Kodie Shane",Negative Energy,3332719.0,0.0,0,11,0.8837060384560699,0.4921063134356771,0.0,0.0,2.7,0.0
"Trippie Redd, Lil Baby, Lil Duke",Mac 10,11801547.0,387153.0,1,34,3.713236271866415,0.2915171749501311,0.0,3.3,12.3,
"Trippie Redd, Lil Mosey",This Ain't That,729661.0,0.0,0,3,0.4520489386850743,1.0265845072669595,0.0,0.0,1.4,0.0
"Trippie Redd, PARTYNEXTDOOR",Excitement,7581069.0,0.0,0,28,1.1173836027472983,0.2216539605425406,0.0,0.0,3.4,
"Trippie Redd, Playboi Carti",They Afraid Of You,747178.0,0.0,0,3,0.3868821202227185,1.0444822794210953,0.0,0.0,1.2,0.0
"Trippie Redd, Russ",The Way,1045700.0,0.0,0,4,0.5132941735581896,0.9667384403491665,0.0,0.0,1.5,0.0
"Trippie Redd, The Game",Immortal,421203.0,0.0,0,2,0.4110874622281016,1.000403473179098,0.0,0.0,1.2,0.0
"Trippie Redd, Tory Lanez, Elliott Trent",Diamond Minds,966656.0,0.0,0,4,0.8511740815087998,0.3449412120198636,0.0,0.0,2.6,0.0
"Trippie Redd, Travis Scott",Dark Knight Dummo,10753981.0,0.0,0,45,1.0713702614207643,0.1455406766403419,0.0,0.0,3.2,
"Trippie Redd, Young Thug",YELL OH,1945253.0,0.0,0,6,0.6242929516424436,0.7387574678083805,0.0,0.0,1.9,0.0
"Trippie Redd, Young Thug, Reese LAFLARE",Forever Ever,1421980.0,0.0,0,5,0.3964976580778989,0.7951894926113544,0.0,0.0,1.2,0.0
"Trippie Redd, YoungBoy Never Broke Again",Hate Me,2213457.0,0.0,0,8,0.8635507893473098,0.6339077819424129,0.0,0.0,2.6,0.0
"Trippie Redd, YoungBoy Never Broke Again, Nel-Denarro",Elevate & Motivate,1241992.0,0.0,0,5,0.5826246642949433,0.922844627999022,0.0,0.0,1.7,0.0
Tropijazz,Síguelo Bailando,2101972.0,0.0,0,3,1.01126594910228,0.0529844957315648,0.0,0.0,3.0,0.0
"Tropkillaz, J Balvin, Anitta, Mc Zaac",Bola Rebola,45695646.0,0.0,0,59,1.1393980593707542,0.0986070213772565,0.0,0.0,3.4,
Troye Sivan,Bloom,0.0,0.0,1,1,0.0,1.5062423334918902,0.0,0.0,40.0,0.0
Troye Sivan,Dance To This (feat. Ariana Grande),32047324.0,0.0,0,38,1.7301477695530578,0.1823719607842434,0.0,0.0,5.2,
Troye Sivan,My My My!,25748070.0,0.0,0,30,3.3657978939676965,0.2766030132329405,0.0,0.0,10.1,
"True Damage, Becky G, Keke Palmer, SOYEON, Duckwrth, Thutmose, League of Legends",GIANTS,5063473.0,0.0,0,7,0.9942159006396236,0.0936657058167846,0.0,0.0,3.0,0.0
"Trueno, Bizarrap, Taiu, TATOOL",Mamichula - con Nicki Nicole,65083264.0,0.0,0,49,1.0501073520217354,0.0491031847948242,0.0,0.0,3.2,
Trío Los Josefinos,Criminal,1700759.0,0.0,0,3,1.047210651856599,0.0466527918456827,0.0,0.0,3.1,0.0
Twenty One Pilots,Bandito,2863089.0,0.0,0,4,0.8768006094296575,0.2740451195635934,0.0,0.0,2.6,0.0
Twenty One Pilots,Chlorine,21332123.0,0.0,0,30,1.7498325192535145,0.3821308848014372,0.0,0.0,5.2,
Twenty One Pilots,Cut My Lip,3098244.0,0.0,0,5,0.8696473267344612,0.3360405477169551,0.0,0.0,2.6,0.0
Twenty One Pilots,Heathens,210713673.0,0.0,0,229,1.298026108422602,0.071075770423247,0.0,0.0,3.9,
Twenty One Pilots,Jumpsuit,26107813.0,0.0,0,25,2.47011766639994,0.3414740216923251,0.0,0.0,7.4,
Twenty One Pilots,Leave the City,682346.0,0.0,0,3,0.5245654827673707,0.9805049092575512,0.0,0.0,1.6,0.0
Twenty One Pilots,Legend,2071559.0,0.0,0,4,0.8659821856395513,0.3781298529382916,0.0,0.0,2.6,0.0
Twenty One Pilots,Level of Concern,75834157.0,0.0,0,56,1.118692230410733,0.0810438006331405,0.0,0.0,3.4,
Twenty One Pilots,Levitate,4335050.0,0.0,1,7,1.748207785439699,0.8438190759903128,0.0,0.0,11.0,0.0
Twenty One Pilots,Morph,11932379.0,0.0,0,12,0.8126086992048597,0.3159821672732287,0.0,0.0,2.4,0.0
Twenty One Pilots,My Blood,29237622.0,2024250.0,1,32,1.785801718445433,0.3197183324098234,0.0,6.9,6.6,
Twenty One Pilots,Neon Gravestones,4216038.0,0.0,0,5,0.850884871497673,0.2892679405438412,0.0,0.0,2.6,0.0
Twenty One Pilots,Nico And The Niners,16020078.0,0.0,0,23,2.7592116859952136,0.3937464012415566,1.0,0.0,9.6,
Twenty One Pilots,Nico and the Niners,5243193.0,0.0,0,6,0.8860755824811803,0.2193171168255193,0.0,0.0,2.7,0.0
Twenty One Pilots,Pet Cheetah,2503730.0,0.0,0,5,0.8753341910259085,0.4235463686191379,0.0,0.0,2.6,0.0
Twenty One Pilots,Ride,158338699.0,0.0,0,217,2.4153349117095786,0.0984136520152242,1.0,0.0,7.4,
Twenty One Pilots,Smithereens,4523309.0,0.0,0,6,0.8530683491841159,0.3236013824001387,0.0,0.0,2.6,0.0
Twenty One Pilots,Stressed Out,146245118.0,0.0,0,222,1.4395232247345229,0.0669187980375026,0.0,0.0,4.3,
Twenty One Pilots,The Hype,3391605.0,0.0,0,5,0.8565912684065388,0.3475735893027484,0.0,0.0,2.6,0.0
Ty Dolla $ign,Clout (feat. 21 Savage),8361875.0,0.0,0,31,2.076047909596361,0.2312298942208488,1.0,0.0,7.2,
Ty Dolla $ign,"Ego Death (feat. Kanye West, FKA twigs & Skrillex)",24291586.0,0.0,0,23,1.18610645715454,0.2156773063948911,0.0,0.0,3.6,
Ty Dolla $ign,Expensive (feat. Nicki Minaj),215764.0,0.0,0,1,0.9932971181290856,0.0108804993980243,0.0,0.0,3.0,0.0
Ty Dolla $ign,Love U Better (feat. Lil Wayne & The-Dream),658286.0,0.0,0,4,0.8818749333048768,0.2270057031525893,0.0,0.0,2.6,0.0
Ty Dolla $ign,Pineapple (feat. Gucci Mane & Quavo),17264014.0,0.0,0,41,1.187402681738201,0.2007716633079314,0.0,0.0,3.6,
Ty Dolla $ign,Purple Emoji (feat. J. Cole),1179128.0,0.0,1,6,0.6620991056272519,0.9625768026907991,0.0,0.0,8.7,0.0
Ty Dolla $ign,Spicy (feat. Post Malone),10913199.0,0.0,0,17,1.049401967908557,0.2858814401280287,0.0,0.0,3.1,
Tyga,Ayy Macarena,163182286.0,0.0,0,123,1.3688055707016014,0.0837362958793457,0.0,0.0,4.1,
Tyga,Dip (feat. Nicki Minaj),20470102.0,1335645.0,1,29,2.5029514942993996,0.4097847682665486,0.0,6.5,8.9,
Tyga,Girls Have Fun (feat. G-Eazy & Rich The Kid),9971515.0,0.0,0,22,1.5053186167679329,0.4890659371012695,0.0,0.0,4.5,
Tyga,Goddamn (feat. A Boogie wit da Hoodie),3558985.0,0.0,0,6,1.9692221895709103,0.710188144987031,0.0,0.0,5.9,0.0
Tyga,Haute (feat. J Balvin & Chris Brown),11157493.0,0.0,0,12,0.9516566320688508,0.2207747848217317,0.0,0.0,2.9,0.0
Tyga,Legendary (feat. Gunna),435403.0,0.0,0,2,0.8773471064309831,0.1157349554238923,0.0,0.0,2.6,0.0
Tyga,SWISH,120301502.0,0.0,0,97,1.1640918031574856,0.0913722022668608,0.0,0.0,3.5,
Tyga,Taste (feat. Offset),956437778.0,0.0,0,484,1.7432773642566324,0.0799103098409099,0.0,0.0,5.2,
Tyga,VACATION,9989043.0,0.0,0,12,1.2191567200991786,0.4589293066259485,0.0,0.0,3.7,0.0
"Tyga, Kanye West",Feel Me,756909.0,0.0,0,5,0.6732269639989834,0.999066658969314,0.0,0.0,2.0,0.0
"Tyga, YG, Blueface",Bop,446471.0,0.0,0,2,0.83097517224393,0.1669236806400714,0.0,0.0,2.5,0.0
"Tyga, YG, Santana",MAMACITA,4621952.0,0.0,0,7,0.9550404129137868,0.2742047675248025,0.0,0.0,2.9,0.0
Tyla Yaweh,Stuntin' On You (feat. DaBaby),220784.0,0.0,0,1,0.9949707075259124,0.0594117816691539,0.0,0.0,3.0,0.0
Tyla Yaweh,Tommy Lee (feat. Post Malone),39130803.0,234090.0,1,32,1.12409451077173,0.2219674087886207,0.0,0.6,4.6,
"Tyler, The Creator",911 / Mr. Lonely (feat. Frank Ocean & Steve Lacy),14645830.0,0.0,0,42,3.369089528573075,0.3395586549896889,0.0,0.0,10.1,
"Tyler, The Creator",A BOY IS A GUN*,13427865.0,0.0,0,19,0.9365244165774484,0.3673509938183643,0.0,0.0,2.8,
"Tyler, The Creator",ARE WE STILL FRIENDS?,6010340.0,0.0,0,11,0.8539543330983476,0.5228395282765983,0.0,0.0,2.6,0.0
"Tyler, The Creator",Boredom (feat. Rex Orange County & Anna of the North),4419851.0,0.0,0,11,1.2054321388486933,0.5477699299437686,0.0,0.0,3.6,0.0
"Tyler, The Creator",CORSO,2099059.0,0.0,0,8,0.8383428957459158,0.5224179204291276,0.0,0.0,2.5,0.0
"Tyler, The Creator",EARFQUAKE,362660053.0,6047722.0,2,426,2.974736797139343,0.106365607665515,1.0,1.7,9.2,
"Tyler, The Creator",Foreword (feat. Rex Orange County),1017955.0,0.0,0,5,0.5183463454503554,0.9762611008490186,0.0,0.0,1.6,0.0
"Tyler, The Creator","GONE, GONE / THANK YOU",10280421.0,0.0,0,13,0.7969078701976874,0.4664082243419977,0.0,0.0,2.4,0.0
"Tyler, The Creator",Garden Shed (feat. Estelle),980422.0,0.0,0,5,0.5650882167714651,0.8700465902628969,0.0,0.0,1.7,0.0
"Tyler, The Creator",Glitter,878800.0,0.0,0,5,0.8572113458595757,0.2285509137580982,0.0,0.0,2.6,0.0
"Tyler, The Creator",HOT WIND BLOWS (feat. Lil Wayne),2661799.0,0.0,0,10,0.8543881373871005,0.4372066635137054,0.0,0.0,2.6,0.0
"Tyler, The Creator",I Ain't Got Time!,1322281.0,0.0,0,6,0.602038967614714,0.7604485811150753,0.0,0.0,1.8,0.0
"Tyler, The Creator",I DON'T LOVE YOU ANYMORE,5648606.0,0.0,0,10,0.7671377392118386,0.5554604002126753,0.0,0.0,2.3,0.0
"Tyler, The Creator",I THINK,32663328.0,0.0,0,33,0.9537685749870598,0.2346478094457479,0.0,0.0,2.9,
"Tyler, The Creator",IGOR'S THEME,12214394.0,0.0,0,15,0.8492764691240694,0.4824725925740887,0.0,0.0,2.5,
"Tyler, The Creator",JUGGERNAUT (feat. Lil Uzi Vert & Pharrell Williams),8621022.0,0.0,0,14,0.9135406226734316,0.3187193751708742,0.0,0.0,2.7,
"Tyler, The Creator",LEMONHEAD (feat. 42 Dugg),3478573.0,0.0,0,12,0.8399995307166878,0.4346330609777232,0.0,0.0,2.5,0.0
"Tyler, The Creator",LUMBERJACK,4427246.0,0.0,0,13,0.884897322208125,0.3790497681980772,0.0,0.0,2.7,0.0
"Tyler, The Creator",MANIFESTO (feat. Domo Genesis),214894.0,0.0,0,1,0.8600851704208892,0.1308020494196878,0.0,0.0,2.6,0.0
"Tyler, The Creator",MASSA,884304.0,0.0,0,4,0.8637003189236995,0.1894191208722858,0.0,0.0,2.6,0.0
"Tyler, The Creator",NEW MAGIC WAND,16228811.0,0.0,0,19,0.9514577239512456,0.3937980191083107,0.0,0.0,2.9,
"Tyler, The Creator",November,733223.0,0.0,0,4,0.8310202378394187,0.2464404415192672,0.0,0.0,2.5,0.0
"Tyler, The Creator",OKRA,8877331.0,0.0,0,19,1.040465324841248,0.2677642126655208,0.0,0.0,3.1,
"Tyler, The Creator",PUPPET,10200574.0,0.0,0,12,0.747486614234363,0.5227494560761118,0.0,0.0,2.2,0.0
"Tyler, The Creator",Pothole (feat. Jaden Smith),1031735.0,0.0,0,5,0.5758225304923345,0.8615145540699807,0.0,0.0,1.7,0.0
"Tyler, The Creator",RUNITUP (feat. Teezo Touchdown),1131911.0,0.0,0,5,0.8689391604779658,0.1860697940773736,0.0,0.0,2.6,0.0
"Tyler, The Creator",RUNNING OUT OF TIME,20011071.0,0.0,0,25,1.0041567104252838,0.3058703150002188,0.0,0.0,3.0,
"Tyler, The Creator",SIR BAUDELAIRE (feat. DJ Drama),453255.0,0.0,0,2,0.8651194429616752,0.1520369607387371,0.0,0.0,2.6,0.0
"Tyler, The Creator",SWEET / I THOUGHT YOU WANTED TO DANCE (feat. Brent Faiyaz & Fana Hues),3531989.0,0.0,0,13,0.888024934342616,0.3472514555461546,0.0,0.0,2.7,0.0
"Tyler, The Creator",See You Again (feat. Kali Uchis),9623190.0,0.0,0,33,1.3868356038797622,0.1831501842084066,0.0,0.0,4.2,
"Tyler, The Creator",Sometimes...,731437.0,0.0,0,4,0.5208570834478449,0.948403228515686,0.0,0.0,1.6,0.0
"Tyler, The Creator",WHAT'S GOOD,10695864.0,0.0,0,12,0.7463558159301622,0.5394556224660788,0.0,0.0,2.2,0.0
"Tyler, The Creator",WUSYANAME (feat. Youngboy Never Broke Again & Ty Dolla $ign),25671693.0,0.0,0,14,0.9247839892693784,0.1100702426272085,0.0,0.0,2.8,
"Tyler, The Creator",Where This Flower Blooms (feat. Frank Ocean),1314119.0,0.0,0,6,0.5940640772648015,0.7620295881347189,0.0,0.0,1.8,0.0
"Tyler, The Creator",Who Dat Boy (feat. A$AP Rocky),20710378.0,0.0,0,58,3.963555522701592,0.2654754061895358,0.0,0.0,11.9,
"Tyler, The Creator, Lil Wayne",Droppin' Seeds (feat. Lil' Wayne),986347.0,0.0,0,5,0.874041058191922,0.2110108837413214,0.0,0.0,2.6,0.0
Ufo361,Allein sein,585885.0,0.0,0,1,0.7383020424485187,0.2774516531523375,0.0,0.0,2.2,0.0
Ufo361,"Bad Girls, Good Vibes",646318.0,0.0,0,1,0.8963633320913084,0.1992509584810886,0.0,0.0,2.7,0.0
Ufo361,Emotions,9562685.0,0.0,0,13,1.0698627495834023,0.1089900828816422,0.0,0.0,3.2,0.0
Ufo361,Pass auf wen du liebst,6595551.0,0.0,0,8,0.9552959221811792,0.141458241788676,0.0,0.0,2.9,0.0
"Ufo361, CÉLINE",Emotions 2.0,3947701.0,0.0,0,6,0.9677496452763517,0.0979905577654789,0.0,0.0,2.9,0.0
"Ufo361, Data Luv",Shot,4225725.0,0.0,0,6,0.955719730836196,0.1359016512159784,0.0,0.0,2.9,0.0
"Ufo361, Ezhel",Wir sind Kral,3759589.0,0.0,0,6,1.0396089607724586,0.1218554721885693,0.0,0.0,3.1,0.0
"Ufo361, Future",Big Drip,771449.0,0.0,0,1,0.7756205458356863,0.2969464717593306,0.0,0.0,2.3,0.0
"Ufo361, RIN",Next,1970103.0,0.0,0,3,1.0155843468962016,0.2625701279058244,0.0,0.0,3.0,0.0
Ugly God,No Lies (feat. Wiz Khalifa),0.0,0.0,0,1,0.0,0.8840667752262803,0.0,0.0,0.0,0.0
Ugly God,Stop Smoking Black & Milds,573303.0,0.0,2,5,1.8189849198024448,0.8093307000456971,0.0,0.0,21.5,0.0
Ugly God,Water,35253143.0,0.0,0,134,1.952402536478448,0.090220643917523,0.0,0.0,5.9,
Ultimo,I Tuoi Particolari,6598959.0,0.0,0,8,1.2703934491455269,0.1978605501809421,0.0,0.0,3.8,0.0
"VIZE, Tom Gregory",Never Let Me Down,14776951.0,0.0,0,22,1.1032523634359437,0.0545871414012584,0.0,0.0,3.3,
Vampire Weekend,Harmony Hall,803639.0,0.0,2,3,0.5861703265080496,0.9733637029344434,0.0,0.0,28.4,0.0
Vampire Weekend,This Life,209174.0,0.0,0,2,0.8147763436197134,0.4397153447766024,0.0,0.0,2.4,0.0
Van Halen,Jump - 2015 Remaster,1015784.0,0.0,0,1,0.8270682527969021,0.3644818406202733,0.0,0.0,2.5,0.0
Van Halen,Panama - 2015 Remaster,250391.0,0.0,0,1,0.3875789684415174,1.054336475462939,0.0,0.0,1.2,0.0
Van Halen,Runnin' with the Devil - 2015 Remaster,241858.0,0.0,0,1,0.3839468889715559,1.032815005951965,0.0,0.0,1.2,0.0
Van Morrison,Brown Eyed Girl,2360758.0,0.0,1,8,1.5427023510409188,0.3224933673625357,0.0,0.0,9.6,0.0
Vance Joy,Riptide,60646135.0,0.0,0,85,1.3216436093509143,0.0503672144396533,0.0,0.0,4.0,
Vedo,You Got It,31546006.0,0.0,0,29,1.3818138339100796,0.1633162626884259,0.0,0.0,4.1,
Vegedream,Ramenez la coupe à la maison,16728963.0,0.0,0,15,3.530056873599675,0.3899618592408628,0.0,0.0,10.6,
"Veysel, Gzuz",UFF,1135397.0,0.0,0,2,0.9873283810245006,0.0420936131112796,0.0,0.0,3.0,0.0
Vice,Obsession (feat. Jon Bellion),46461914.0,0.0,0,59,2.430086680707377,0.151840863990913,0.0,0.0,7.3,
Vice,Steady 1234 (feat. Jasmine Thompson & Skizzy Mars),40788345.0,0.0,0,54,1.1394868400847364,0.0900239486560418,0.0,0.0,3.4,
"Vicetone, Tony Igy",Astronomia,37060149.0,0.0,0,49,1.1421794657957556,0.0514490598287541,0.0,0.0,3.4,
Vince Guaraldi Trio,Christmas Time Is Here - Vocal,6792013.0,0.0,1,12,2.521827872950664,0.9798283619468844,2.0,0.0,15.9,0.0
Vince Guaraldi Trio,O Tannenbaum,7314571.0,2379249.0,2,18,3.4140852228861056,0.5035060017621178,1.0,32.5,16.4,
Vince Staples,ARE YOU WITH THAT?,1135700.0,0.0,0,5,0.832974194936325,0.2902606235379187,0.0,0.0,2.5,0.0
Vince Staples,Big Fish,1006479.0,0.0,0,5,0.9434774171587812,0.1404941348686339,0.0,0.0,2.8,0.0
Vince Staples,Opps (with Yugen Blakrok),21755352.0,264640.0,1,27,1.038524988026453,0.2260097351859798,0.0,1.2,4.6,
Vince Staples,Yeah Right,336352.0,0.0,0,2,0.8041271255419534,0.3838364644828825,0.0,0.0,2.4,0.0
VÉRITÉ,Somebody Else,10598547.0,0.0,0,41,2.4787092312668624,0.3850234137171079,0.0,0.0,7.4,
WILLOW,Wait a Minute!,18132850.0,843198.0,1,60,3.5105560322723144,0.3687788067387565,0.0,4.7,11.2,
WILLOW,t r a n s p a r e n t s o u l feat. Travis Barker,23756879.0,0.0,0,14,1.1799533369169222,0.0591676052540232,0.0,0.0,3.5,
WOS,CANGURO,23544909.0,0.0,0,35,1.1365928800722571,0.0758867424591215,0.0,0.0,3.4,
Wale,Colombia Heights (Te Llamo) (feat. J Balvin),1807608.0,0.0,0,9,1.037360142408488,0.1006536588274148,0.0,0.0,3.1,0.0
Wale,My Boy (feat. J. Cole) - Freestyle,413883.0,0.0,0,2,0.7920058106748593,0.3755348393626567,0.0,0.0,2.4,0.0
Wale,"My Love (feat. Major Lazer, WizKid, Dua Lipa)",183138.0,0.0,0,1,0.851059149737052,0.3121180455427742,0.0,0.0,2.6,0.0
Wale,On Chill (feat. Jeremih),4253079.0,212910.0,1,19,1.921858596405609,0.2577779886058784,0.0,5.0,7.9,
Wale,Routine (feat. Rick Ross & Meek Mill),390914.0,0.0,0,2,0.8173201804990908,0.2834388177393909,0.0,0.0,2.5,0.0
Wale,Running Back (feat. Lil Wayne),21874634.0,0.0,0,106,1.6578992509989563,0.0876434978710989,0.0,0.0,5.0,
Walker Hayes,Fancy Like,5772245.0,0.0,0,14,1.1864496046776396,0.0982587352740953,0.0,0.0,3.6,
Walker Hayes,You Broke Up with Me,2818523.0,0.0,0,14,1.0857651894532372,0.0661672209688323,0.0,0.0,3.3,
Wallows,Are You Bored Yet? (feat. Clairo),118883338.0,1136841.0,1,148,2.6721858181428293,0.1728468351281278,1.0,1.0,8.5,
Wesley Safadão,Só Pra Castigar,3135079.0,0.0,0,5,3.43094350412262,1.004694065726719,0.0,0.0,10.3,0.0
"Wesley Safadão, Anitta",Romance Com Safadeza,585347.0,0.0,1,2,3.4775459939418787,1.7078743301141002,1.0,0.0,45.4,0.0
"Wesley Safadão, Os Barões Da Pisadinha","Ele É Ele, Eu Sou Eu",736383.0,0.0,0,1,0.8976489198261385,0.1043956473352241,0.0,0.0,2.7,0.0
Wham!,Last Christmas,316136134.0,61505341.0,18,109,3.8966841227550137,0.3727570307612158,0.0,19.5,18.3,
WhoHeem,Lets Link,30764705.0,0.0,0,27,1.0485219513122963,0.0668567258279442,0.0,0.0,3.1,
Why Don't We,8 Letters,38927087.0,1100177.0,2,43,4.757929166187689,0.2631282867782386,0.0,2.8,16.1,
Why Don't We,Big Plans,28280551.0,886437.0,1,36,2.3913462991072394,0.4352765825498422,0.0,3.1,8.3,
Why Don't We,What Am I,25414624.0,2561930.0,5,32,1.6909818594149104,0.3849167187970106,0.0,10.1,11.3,
"Why Don't We, Macklemore",I Don't Belong In This Club,38979320.0,0.0,0,40,1.553481468617406,0.2097631928118581,0.0,0.0,4.7,
Wilbur Soot,Your New Boyfriend,821290.0,0.0,0,4,1.054357585750061,0.0401622932075655,0.0,0.0,3.2,0.0
Wisin,Escápate Conmigo (feat. Ozuna),32651439.0,0.0,0,49,1.0768961029686843,0.0655964897270254,0.0,0.0,3.2,
Wisin,Vacaciones,104355115.0,0.0,0,180,1.1695823512953416,0.0611941411533149,0.0,0.0,3.5,
Wisin & Yandel,Reggaetón en lo Oscuro,3222003.0,0.0,1,8,2.348774751596966,1.1845861326223015,0.0,0.0,12.0,0.0
"Wisin & Yandel, Romeo Santos",Aullando,103723483.0,0.0,0,125,1.993837477953046,0.097506817723939,0.0,0.0,6.0,
"Wisin, Jhay Cortez, Anuel AA, Los Legendarios, Myke Towers",Fiel - Remix,24951464.0,0.0,0,14,1.0750485162015366,0.0820283911191584,0.0,0.0,3.2,
"Wisin, Myke Towers, Los Legendarios",Mi Niña,43736324.0,0.0,0,34,1.4197223165565076,0.1043335950369258,0.0,0.0,4.3,
"Wisin, Ozuna",Escápate Conmigo,199947909.0,0.0,0,145,1.2833217029888326,0.0680973199146175,0.0,0.0,3.8,
Wiz Khalifa,420 Freestyle,730402.0,0.0,0,4,0.8826697951875183,0.3318860790988831,0.0,0.0,2.6,0.0
Wiz Khalifa,Fr Fr (feat. Lil Skies),33396669.0,0.0,0,66,2.2113550762523597,0.1947257340657262,0.0,0.0,6.6,
Wiz Khalifa,Hopeless Romantic (feat. Swae Lee),94453710.0,0.0,1,126,3.972941353471988,0.2430464367232413,0.0,0.0,12.2,
Wiz Khalifa,Hot Now,444382.0,0.0,0,2,0.3853944937793505,1.0216828155047677,0.0,0.0,1.2,0.0
Wiz Khalifa,Real Rich (feat. Gucci Mane),1052669.0,0.0,0,4,0.4181928642231204,0.6792314246738984,0.0,0.0,1.3,0.0
Wiz Khalifa,Something New (feat. Ty Dolla $ign),805370.0,0.0,0,6,0.6519277231627689,0.8116874200334202,0.0,0.0,2.0,0.0
Wiz Khalifa,"Y U Mad (feat. Megan Thee Stallion, Ty Dolla $ign & Mustard)",205999.0,0.0,0,1,0.8645720976887273,0.1631807960071765,0.0,0.0,2.6,0.0
WizKid,Come Closer (feat. Drake),351332.0,0.0,0,2,0.5325813989718025,0.90693221058554,0.0,0.0,1.6,0.0
Wolfine,Bella,172554288.0,1836951.0,1,129,3.658766608128804,0.1020680121293744,0.0,1.1,11.3,
"Wolfine, Maluma",Bella - Remix,98058887.0,0.0,0,126,1.240635309250836,0.0644180660453926,0.0,0.0,3.7,
X Ambassadors,Unsteady,1730910.0,0.0,0,12,1.0403781407999777,0.0475565739211521,0.0,0.0,3.1,0.0
XXXTENTACION,$$$ - with Matt Ox,16939742.0,1126897.0,1,31,4.1795807685248345,0.4283774763993493,0.0,6.7,13.8,
XXXTENTACION,"ALONE, PART 3",16281804.0,1583722.0,1,19,4.476297225883347,0.628694848240142,0.0,9.7,15.5,
XXXTENTACION,Ayala (Outro),4491192.0,0.0,1,7,1.7461872414419064,0.3235173370305927,0.0,0.0,11.0,0.0
XXXTENTACION,BAD!,208979290.0,9474650.0,2,145,2.199572662285596,0.1262251873976383,1.0,4.5,7.4,
XXXTENTACION,Carry On,28569958.0,5347943.0,2,49,2.3022403361662014,0.2087995805424433,0.0,18.7,8.5,
XXXTENTACION,Dead Inside (Interlude),7207974.0,0.0,0,8,1.429292740683713,0.1843876058988301,0.0,0.0,4.3,0.0
XXXTENTACION,Depression & Obsession,17890770.0,1811943.0,1,18,2.372738661659611,0.5023656350246978,0.0,10.1,9.3,
XXXTENTACION,Everybody Dies In Their Nightmares,397009124.0,9521040.0,3,484,4.975024488889046,0.1448877953097437,0.0,2.4,15.2,
XXXTENTACION,Ex Bitch,1587455.0,0.0,0,5,0.4644486918448022,0.7726112393936166,0.0,0.0,1.4,0.0
XXXTENTACION,Floor 555,9484412.0,0.0,0,13,4.034912304134872,0.6533036004041615,0.0,0.0,12.1,0.0
XXXTENTACION,Fuck Love (feat. Trippie Redd),684054647.0,21772246.0,4,943,4.889001980574966,0.0891252941004667,2.0,3.2,14.9,
XXXTENTACION,Guardian angel,14416136.0,0.0,0,12,0.7878112113181659,0.4567079948931732,0.0,0.0,2.4,0.0
XXXTENTACION,HEARTEATER,684442.0,0.0,0,3,0.94038976364421,0.1876002916583532,0.0,0.0,2.8,0.0
XXXTENTACION,Hope,201483341.0,0.0,0,290,4.810179683793256,0.1374594190491129,0.0,0.0,14.4,
XXXTENTACION,I Don't Wanna Do This Anymore,18127771.0,0.0,0,59,1.1461052103724112,0.1536985048108456,0.0,0.0,3.4,
XXXTENTACION,"I don’t even speak spanish lol - feat. Rio Santana, Judah, Andrez Babii",25285939.0,1303779.0,1,37,4.304872530376769,0.343477106509152,0.0,5.2,14.0,
XXXTENTACION,I don’t let go,12540785.0,0.0,0,13,0.8728430645216877,0.4705271154031049,0.0,0.0,2.6,0.0
XXXTENTACION,Introduction,251928.0,0.0,1,1,0.188740461637277,0.9121499215698168,0.0,0.0,40.6,0.0
XXXTENTACION,Introduction (instructions),1753834.0,0.0,1,2,1.4721856518651746,0.7424738738699701,0.0,0.0,24.4,0.0
XXXTENTACION,Jocelyn Flores,1320515903.0,26891465.0,4,994,4.106167608211444,0.1060245293557356,0.0,2.0,12.5,
XXXTENTACION,Look At Me!,448599326.0,0.0,0,479,4.55313182514268,0.1380482939920345,0.0,0.0,13.7,
XXXTENTACION,Look at Me!,19679969.0,0.0,0,34,2.471853866610225,0.2004163989462347,0.0,0.0,7.4,
XXXTENTACION,Looking for a Star,247777.0,0.0,0,1,0.4606173986271906,0.9872118796063516,0.0,0.0,1.4,0.0
XXXTENTACION,Moonlight,1394063264.0,45533548.0,8,881,4.019584048775749,0.0849386036678248,0.0,3.3,12.4,
XXXTENTACION,NUMB,96747707.0,3231651.0,1,153,4.914197516260761,0.1691291773432815,0.0,3.3,15.0,
XXXTENTACION,One Minute (feat. Kanye West & Travis Barker),7439351.0,0.0,0,7,0.6539576345859033,0.5240706883963914,0.0,0.0,2.0,0.0
XXXTENTACION,Orlando,7808103.0,0.0,0,8,1.5511562566421364,0.1922564804662162,0.0,0.0,4.7,0.0
XXXTENTACION,Pain = BESTFRIEND - feat. Travis Barker,6482167.0,0.0,1,9,2.2519573579698338,0.5347476256223181,0.0,0.0,11.2,0.0
XXXTENTACION,Revenge,35291894.0,3497580.0,1,48,1.9872086187322788,0.1948236663825352,0.0,9.9,6.8,
XXXTENTACION,Riot,3161153.0,0.0,0,5,0.8865456773070107,0.3012563879643486,0.0,0.0,2.7,0.0
XXXTENTACION,"Royalty (feat. Ky-Mani Marley, Stefflon Don & Vybz Kartel)",1338727.0,0.0,0,3,0.7530327336024917,0.5053244443744086,0.0,0.0,2.3,0.0
XXXTENTACION,SAD!,1903699428.0,118787092.0,16,956,3.553128756571196,0.0554482538992288,0.0,6.2,11.3,
XXXTENTACION,SMASH! - feat. PnB Rock,8215142.0,903816.0,1,14,3.708234378530365,0.5869249660058147,0.0,11.0,14.0,
XXXTENTACION,STARING AT THE SKY,6419459.0,0.0,0,7,0.6853792012104574,0.5362610603613385,0.0,0.0,2.1,0.0
XXXTENTACION,Sauce!,25074133.0,0.0,0,42,1.1425633056902933,0.1439966835510605,0.0,0.0,3.4,
XXXTENTACION,Save Me,12019922.0,0.0,0,11,1.5047222029351233,0.2371862003368298,0.0,0.0,4.5,0.0
XXXTENTACION,The Explanation,2135298.0,0.0,1,6,2.1178676375338337,0.7538140698869514,0.0,0.0,13.0,0.0
XXXTENTACION,Train food,7035688.0,0.0,0,8,0.6565820479332193,0.6029397841129038,0.0,0.0,2.0,0.0
XXXTENTACION,YuNg BrAtZ,985037.0,0.0,0,4,0.3621711898542642,0.7833025166894563,0.0,0.0,1.1,0.0
XXXTENTACION,before I close my eyes,11882050.0,1343220.0,1,19,4.37864750032755,0.6175864582065739,0.0,11.3,15.2,
XXXTENTACION,changes,723025760.0,28695302.0,6,564,4.647896977344751,0.2092857591005679,6.0,4.0,14.7,
XXXTENTACION,difference (interlude),5792154.0,0.0,0,6,0.7084391888211763,0.496929182373174,0.0,0.0,2.1,0.0
XXXTENTACION,going down!,31681330.0,1579258.0,2,39,4.385056147750539,0.3999685568675349,0.0,5.0,15.2,
XXXTENTACION,infinity (888) - feat. Joey Bada$$,24338523.0,2702326.0,2,28,4.439465268220765,0.4422049618002664,0.0,11.1,16.2,
XXXTENTACION,love yourself (interlude),5477958.0,0.0,2,9,2.4497187422648676,0.6008799230202732,0.0,0.0,16.2,0.0
XXXTENTACION,schizophrenia,2789817.0,0.0,1,7,2.6170313364949465,0.8446071657982065,1.0,0.0,17.9,0.0
XXXTENTACION,the remedy for a broken heart (why am I so in love),255267762.0,8569341.0,2,285,5.054290948749536,0.1545445827973767,1.0,3.4,15.5,
XXXTENTACION,what are you so afraid of,8894468.0,0.0,0,11,0.7464597203836812,0.5585066430354673,0.0,0.0,2.2,0.0
XXXTENTACION,whoa (mind in awe),141445929.0,0.0,0,112,1.2247903663715518,0.1142801357971897,0.0,0.0,3.7,
"XXXTENTACION, Flyboy Tarantino, Kid Trunks, Bass Santana, Kin$oul",Gassed Up!,500950.0,0.0,0,2,0.4364075568930983,0.9510546842151096,0.0,0.0,1.3,0.0
"XXXTENTACION, Lil Pump",Arms Around You (feat. Maluma & Swae Lee),362409031.0,0.0,0,178,1.1759923818563425,0.0774166725035584,0.0,0.0,3.5,
"XXXTENTACION, PnB Rock, Trippie Redd",bad vibes forever,18691862.0,0.0,0,25,3.845918060139502,0.5557136689331712,0.0,0.0,11.5,
"XXXTENTACION, Rico Nasty",#PROUDCATOWNERREMIX,540972.0,0.0,0,2,0.5496045448200835,0.7801531325089921,0.0,0.0,1.6,0.0
"XXXTENTACION, Ski Mask The Slump God",RIP Roach,218222.0,0.0,0,1,0.4268231222751695,0.9356597398067338,0.0,0.0,1.3,0.0
"Y2K, bbno$",Lalala,728295424.0,0.0,0,395,2.957201552020689,0.06971113651134,0.0,0.0,8.9,
YBN Nahmir,Bounce Out With That,143004481.0,0.0,0,314,2.0696147500651247,0.0855480436656814,0.0,0.0,6.2,
YBN Nahmir,Rubbin off the Paint,41424081.0,0.0,0,155,3.5793312873699867,0.0820185268520699,0.0,0.0,10.7,
YFN Lucci,Everyday We Lit (feat. PnB Rock),27173271.0,0.0,0,124,1.1553019411520822,0.0424422051253373,0.0,0.0,3.5,
"YFN Lucci, PnB Rock",Everyday We Lit,5913828.0,0.0,0,28,1.1272687185505237,0.0558060067562204,0.0,0.0,3.4,
"YFN Lucci, PnB Rock, Lil Yachty, Wiz Khalifa",Everyday We Lit (Remix),346607.0,0.0,0,2,1.0157481235532069,0.0163291301636779,0.0,0.0,3.0,0.0
YG,"BIG BANK (feat. 2 Chainz, Big Sean, Nicki Minaj)",189176600.0,0.0,0,265,1.7855774486084215,0.0895392904971148,0.0,0.0,5.4,
YG,BULLETPROOF (feat. Jay 305),974431.0,0.0,0,4,0.5714895835816888,0.7146586020380489,0.0,0.0,1.7,0.0
YG,"Big Bank feat. 2 Chainz, Big Sean, Nicki Minaj",52942798.0,0.0,0,68,2.4930698316657507,0.1151871879419086,0.0,0.0,7.5,
YG,FTP,3107196.0,0.0,0,12,1.340931428754343,0.1575706985052985,0.0,0.0,4.0,0.0
YG,"Go Loko (feat. Tyga, Jon Z)",210290060.0,0.0,0,159,1.139046424705664,0.0713783041808598,0.0,0.0,3.4,
YG,HANDGUN (feat. A$AP Rocky),3209421.0,0.0,1,10,3.910581377682176,0.8733354172243329,0.0,0.0,15.7,0.0
YG,In The Dark,3344705.0,0.0,1,8,0.8874268604419883,0.5142052826755572,0.0,0.0,7.7,0.0
YG,POWER (feat. Ty Dolla $ign),457371.0,0.0,0,2,0.7452066625956053,0.263865681714038,0.0,0.0,2.2,0.0
YG,SWAG,2702622.0,0.0,0,6,1.2372331708698092,0.632676635644629,0.0,0.0,3.7,0.0
YG,Stop Snitchin,5794023.0,1474523.0,2,22,2.002920077583502,0.4876951157950865,1.0,25.4,11.0,
YG,TOO COCKY,193630.0,0.0,0,1,0.6650889281224454,0.319212271239967,0.0,0.0,2.0,0.0
"YG, Nipsey Hussle",FDT,2153805.0,0.0,2,2,2.369669162787941,1.1285179296898529,1.0,0.0,62.1,0.0
"YG, Tyga, Jon Z",Go Loko,21577836.0,0.0,0,19,1.293859241572769,0.1404800830297859,0.0,0.0,3.9,
YK Osiris,Worth It,60763295.0,0.0,0,219,1.2627134152156332,0.0483183889173473,0.0,0.0,3.8,
YNW Melly,223's (feat. 9lokknine),310102811.0,0.0,0,323,2.098189640603876,0.0915598330436601,0.0,0.0,6.3,
YNW Melly,Bang Bang,4518892.0,0.0,0,11,1.027066144114411,0.3973522746518007,0.0,0.0,3.1,0.0
YNW Melly,Mixed Personalities (feat. Kanye West),214078133.0,0.0,0,223,2.335872578778094,0.0963711405381959,0.0,0.0,7.0,
YNW Melly,Murder On My Mind,546046833.0,0.0,0,697,3.1584900085060776,0.1154765585388081,3.0,0.0,9.6,
YNW Melly,Suicidal,296838701.0,0.0,0,214,2.3700645655606243,0.096829554897934,0.0,0.0,7.1,
YNW Melly,Suicidal (Remix) [feat. Juice WRLD],128639318.0,1117684.0,1,165,2.8465374920684816,0.149617393385375,1.0,0.9,9.0,
YUNGBLUD,11 Minutes (with Halsey feat. Travis Barker),47898187.0,0.0,0,40,1.0390504722403198,0.1124446786504505,0.0,0.0,3.1,
"Yandel, Bad Bunny",CANCIÓN CON YANDEL,18065653.0,0.0,0,17,0.938329220923394,0.2130465707938652,0.0,0.0,2.8,
Years & Years,If You're Over Me,67721631.0,0.0,1,84,2.3823684815533355,0.1559911845055902,0.0,0.0,7.6,
Yo Gotti,"Castro (feat. Kanye West, Big Sean, Quavo & 2 Chainz)",3461612.0,0.0,0,22,1.1413012604623538,0.0809484701946248,0.0,0.0,3.4,
Yo Gotti,Pose (feat. Lil Uzi Vert),1349385.0,0.0,0,5,0.883312846901459,0.1707323090315667,0.0,0.0,2.6,0.0
Yo Gotti,Put a Date On It (feat. Lil Baby),3830279.0,0.0,0,14,0.9744330925358556,0.1182452615975384,0.0,0.0,2.9,
Yo Gotti,Rake It Up (feat. Nicki Minaj),17271202.0,0.0,0,75,1.1126159535092144,0.0633286379960049,0.0,0.0,3.3,
"Yo Gotti, Mike WiLL Made-It, Nicki Minaj",Rake It Up,1391821.0,0.0,0,8,1.1473720806311165,0.0336118594320727,0.0,0.0,3.4,0.0
"Yo Gotti, Nicki Minaj",Rake It Up,42655460.0,0.0,0,59,2.021407407298592,0.1247045329039856,1.0,0.0,6.6,
Yot Club,YKWIM?,1933599.0,0.0,0,9,1.0418151460702731,0.0250868363583662,0.0,0.0,3.1,0.0
Young M.A,BIG,620908.0,0.0,0,7,3.405572209486863,1.6252866950100835,2.0,0.0,18.8,0.0
Young M.A,OOOUUU,26597540.0,0.0,0,68,1.9776207200302016,0.1451238253531441,0.0,0.0,5.9,
"Young Stoner Life, Young Thug, Gunna",Ski,3313780.0,0.0,0,14,1.049379068063783,0.0570723080609438,0.0,0.0,3.1,
"Young Stoner Life, Young Thug, Gunna",Solid (feat. Drake),4627881.0,0.0,0,14,1.0536941437573706,0.0641903899589458,0.0,0.0,3.2,
Young T & Bugsey,Don't Rush (feat. Headie One),641845.0,0.0,0,1,1.0142252313371205,0.0209116140652525,0.0,0.0,3.0,0.0
Young Thug,Anybody (feat. Nicki Minaj),4236081.0,0.0,0,12,0.9361868044573036,0.3495485535849673,0.0,0.0,2.8,0.0
Young Thug,Bad Bad Bad (feat. Lil Baby),136716586.0,0.0,0,152,1.3253556471166728,0.1088483023019004,0.0,0.0,4.0,
Young Thug,Boy Back (feat. NAV),426931.0,0.0,0,2,0.799558938673017,0.2710885090120895,0.0,0.0,2.4,0.0
Young Thug,Circle Of Bosses (feat. Quavo),408086.0,0.0,0,2,0.8224591441223753,0.2595803641117624,0.0,0.0,2.5,0.0
Young Thug,Climax (feat. 6lack),570985.0,0.0,0,2,0.8933641767159505,0.103991482084765,0.0,0.0,2.7,0.0
Young Thug,Ecstasy (feat. Machine Gun Kelly),925438.0,0.0,0,4,0.4889946557642234,0.9474404799134892,0.0,0.0,1.5,0.0
Young Thug,"Gang Up (with Young Thug, 2 Chainz & Wiz Khalifa feat. PnB Rock)",1993135.0,0.0,0,3,1.3917201462225832,0.491930283780581,0.0,0.0,4.2,0.0
Young Thug,High (feat. Elton John),5307366.0,0.0,0,14,2.0917646109586756,0.5607436550391938,1.0,0.0,8.4,
Young Thug,Hop Off A Jet (feat. Travis Scott),13129965.0,1078419.0,1,36,1.1566390547782897,0.2163318795584939,0.0,8.2,4.6,
Young Thug,Hot (feat. Gunna),189320008.0,0.0,0,189,1.1723304978737223,0.0847198636946771,0.0,0.0,3.5,
Young Thug,I'm Scared (feat. 21 Savage & Doe Boy),443994.0,0.0,0,2,0.7701163591421778,0.3096538597676014,0.0,0.0,2.3,0.0
Young Thug,Icey,418586.0,0.0,0,2,0.8468360476307881,0.1528321671605719,0.0,0.0,2.5,0.0
Young Thug,Jumped Out the Window,407260.0,0.0,0,2,0.8113268765603598,0.2748859934855768,0.0,0.0,2.4,0.0
Young Thug,Just How It Is,1219476.0,0.0,0,5,0.4652953903035669,1.0032136761599173,0.0,0.0,1.4,0.0
Young Thug,Light It Up,728883.0,0.0,0,3,0.5121995182953862,0.8528593103936047,0.0,0.0,1.5,0.0
Young Thug,Lil Baby,724104.0,0.0,0,3,0.7980354046887799,0.2838543716045948,0.0,0.0,2.4,0.0
Young Thug,Mannequin Challenge (feat. Juice WRLD),1772087.0,0.0,0,6,0.7607493739163937,0.6315561689906574,0.0,0.0,2.3,0.0
Young Thug,Millions,4864961.0,0.0,0,18,1.050696573388391,0.0949695313135021,0.0,0.0,3.2,
Young Thug,On the Run (feat. Offset),589050.0,0.0,0,2,0.921376540105704,0.1118257776749293,0.0,0.0,2.8,0.0
Young Thug,Relationship (feat. Future),40037433.0,0.0,0,172,1.8542106185302256,0.0819353318112731,0.0,0.0,5.6,
Young Thug,Sin (feat. Jaden Smith),38870022.0,0.0,0,63,1.644636461712982,0.1995180170853345,0.0,0.0,4.9,
Young Thug,Sup Mate (feat. Future),1301648.0,0.0,0,5,0.5179667945295109,0.9562993103794432,0.0,0.0,1.6,0.0
Young Thug,Surf (feat. Gunna),4465217.0,0.0,0,10,0.8584774088567361,0.4235001036304461,0.0,0.0,2.6,0.0
Young Thug,The London (feat. J. Cole & Travis Scott),238916112.0,8607342.0,2,83,1.214935842034109,0.0933180611934869,0.0,3.6,4.6,
Young Thug,What's the Move (feat. Lil Uzi Vert),4480026.0,0.0,0,11,0.8966767127400376,0.4250080273064693,0.0,0.0,2.7,0.0
Young Thug,Wyclef Jean,19101110.0,0.0,0,91,1.1974644113445048,0.0701982859090099,0.0,0.0,3.6,
"Young Thug, Travis Scott",pick up the phone,102384758.0,0.0,0,238,2.1918161930364937,0.1307417967335116,5.0,0.0,7.2,
"Young Thug, Young Stoner Life",Chanel (Go Get It) [feat. Gunna & Lil Baby],30041817.0,0.0,0,78,1.8142228257200923,0.1816990098750377,0.0,0.0,5.4,
"Young Thug, Young Stoner Life",It's A Slime (feat. Lil Uzi Vert),459049.0,0.0,0,2,0.4630347644240715,0.8898232042629268,0.0,0.0,1.4,0.0
YoungBoy Never Broke Again,All In,748960.0,0.0,0,3,0.8134024851227697,0.2249309344771061,0.0,0.0,2.4,0.0
YoungBoy Never Broke Again,Carter Son,2880137.0,0.0,0,11,1.1381267635414465,0.1437629716518917,0.0,0.0,3.4,0.0
YoungBoy Never Broke Again,Diamond Teeth Samurai,1064053.0,0.0,0,5,0.983465930819355,0.1088166373261739,0.0,0.0,3.0,0.0
YoungBoy Never Broke Again,Drug Addiction,418839.0,0.0,0,2,0.686746315602567,0.4178093935528318,0.0,0.0,2.1,0.0
YoungBoy Never Broke Again,Fine By Time,509786.0,0.0,0,2,0.78649423903911,0.2735116261870128,0.0,0.0,2.4,0.0
YoungBoy Never Broke Again,Head On (feat. Kevin Gates),1633712.0,0.0,0,7,0.9722879337179888,0.0738197406778706,0.0,0.0,2.9,0.0
YoungBoy Never Broke Again,Hot Now,10877874.0,0.0,0,44,1.4190647000724943,0.087184434633356,0.0,0.0,4.3,
YoungBoy Never Broke Again,I Am Who They Say I Am (feat. Kevin Gates and Quando Rondo),759267.0,0.0,0,3,1.0589036082851495,0.0601536100269729,0.0,0.0,3.2,0.0
YoungBoy Never Broke Again,In Control,622598.0,0.0,0,3,0.9503785992109018,0.0869746015035461,0.0,0.0,2.9,0.0
YoungBoy Never Broke Again,Kacey Talk,12748504.0,0.0,0,51,1.904861539422424,0.1108911555734097,0.0,0.0,5.7,
YoungBoy Never Broke Again,Knocked Off,2771007.0,0.0,0,9,1.6929731032756334,0.3017027360094647,0.0,0.0,5.1,0.0
YoungBoy Never Broke Again,Lil Top,1411470.0,0.0,0,6,0.8457894897367859,0.2382939298351939,0.0,0.0,2.5,0.0
YoungBoy Never Broke Again,Lonely Child,1111564.0,0.0,0,5,0.9686519665901108,0.0982271149774504,0.0,0.0,2.9,0.0
YoungBoy Never Broke Again,Make No Sense,111011698.0,0.0,0,226,1.2163108623104508,0.0636740503230183,0.0,0.0,3.6,
YoungBoy Never Broke Again,My Window (feat. Lil Wayne),1813818.0,0.0,0,5,0.4772417327681935,0.7208090305870481,0.0,0.0,1.4,0.0
YoungBoy Never Broke Again,No Smoke,550221.0,0.0,0,3,1.0556050175854084,0.0535100257416827,0.0,0.0,3.2,0.0
YoungBoy Never Broke Again,One Shot (feat. Lil Baby) - From Road To Fast 9 Mixtape,1130164.0,0.0,0,5,0.8970673705093976,0.2375147014694921,0.0,0.0,2.7,0.0
YoungBoy Never Broke Again,Outside Today,51344975.0,0.0,0,187,1.2665717878120724,0.0566014020043946,0.0,0.0,3.8,
YoungBoy Never Broke Again,Red Eye,2140861.0,0.0,0,6,0.7022289259369804,0.6604967143668732,0.0,0.0,2.1,0.0
YoungBoy Never Broke Again,Rich As Hell,211690.0,0.0,0,1,0.9032710453178736,0.1246512926303992,0.0,0.0,2.7,0.0
YoungBoy Never Broke Again,Self Control,29134089.0,0.0,0,98,1.7858180175363727,0.0678570695528114,0.0,0.0,5.4,
YoungBoy Never Broke Again,Slime Belief,32913154.0,0.0,0,139,1.1570149570498067,0.0523297738569643,0.0,0.0,3.5,
YoungBoy Never Broke Again,Slime Mentality,649520.0,0.0,0,3,0.8886897146395407,0.1539905699732981,0.0,0.0,2.7,0.0
YoungBoy Never Broke Again,Thug Of Spades (feat. DaBaby),455299.0,0.0,0,2,0.4362631424134841,0.9000166570307291,0.0,0.0,1.3,0.0
ZAYN,Better,8403120.0,0.0,0,10,0.8909145430409963,0.1753161228234443,0.0,0.0,2.7,0.0
ZAYN,Entertainer,4893232.0,0.0,0,8,0.9628311862450568,0.2528902284044271,0.0,0.0,2.9,0.0
ZAYN,Let Me,89100739.0,0.0,0,76,1.2385251939503177,0.125155413336737,0.0,0.0,3.7,
ZAYN,PILLOWTALK,37132468.0,0.0,0,74,1.228127293950589,0.0874714576506461,0.0,0.0,3.7,
ZAYN,Still Got Time (feat. PARTYNEXTDOOR),121239118.0,0.0,0,115,1.1548235866950645,0.0807597811284025,0.0,0.0,3.5,
ZAYN,Vibez,898602.0,0.0,0,1,0.5953898140377225,0.4359821771337303,0.0,0.0,1.8,0.0
"ZAYN, Sia",Dusk Till Dawn - Radio Edit,121179768.0,0.0,0,143,3.546201750588059,0.090205684312555,0.0,0.0,10.6,
"ZAYN, Taylor Swift","I Don’t Wanna Live Forever (Fifty Shades Darker) - From ""Fifty Shades Darker (Original Motion Picture Soundtrack)""",640101781.0,6371563.0,2,298,1.423466696835319,0.073536649346181,0.0,1.0,4.5,
"ZAYN, Zhavia Ward","A Whole New World (End Title) - From ""Aladdin""",84864847.0,0.0,0,84,1.4104576139902494,0.0674827485506529,0.0,0.0,4.2,
Zac Brown Band,Chicken Fried,8558824.0,2095395.0,3,30,3.2755798121846817,0.3813843458066749,0.0,24.5,13.8,
Zac Brown Band,Knee Deep (feat. Jimmy Buffett),199699.0,0.0,0,1,0.8948103428704572,0.094897343773434,0.0,0.0,2.7,0.0
"Zac Efron, Zendaya",Rewrite The Stars,162320253.0,0.0,0,150,3.4171576409663436,0.0949311691274544,0.0,0.0,10.3,
Zacari,Redemption (with Babes Wodumo),9047307.0,0.0,0,18,1.6400458631291637,0.4841309868094572,0.0,0.0,4.9,
Zacari,Redemption Interlude,3466661.0,0.0,0,12,1.0182660821948972,0.4713503932796498,0.0,0.0,3.1,0.0
"Zack De La Rocha, Run The Jewels",JU$T (feat. Pharrell Williams & Zack de la Rocha),928428.0,0.0,0,4,0.4719845696110347,0.9446059342835108,0.0,0.0,1.4,0.0
Zara Larsson,Ain't My Fault,13501250.0,0.0,0,31,1.2834356261853994,0.0689574449823233,0.0,0.0,3.9,
Zara Larsson,All the Time,2576347.0,0.0,0,4,0.8448258792580564,0.3474304988265003,0.0,0.0,2.5,0.0
Zara Larsson,Don't Worry Bout Me,16719672.0,0.0,0,23,1.0669158911527368,0.1427089570011909,0.0,0.0,3.2,
Zara Larsson,I Would Like,109209571.0,0.0,0,97,1.308057361789808,0.0971424311082896,0.0,0.0,3.9,
Zara Larsson,Lush Life,37062651.0,0.0,0,79,1.446076102618702,0.0614500035512445,0.0,0.0,4.3,
Zara Larsson,Ruin My Life,225645530.0,0.0,0,159,1.2276894687586255,0.1084980614069873,0.0,0.0,3.7,
Zara Larsson,So Good (feat. Ty Dolla $ign),10318504.0,0.0,0,20,1.2122352971871255,0.1681838012120859,0.0,0.0,3.6,
Zara Larsson,TG4M,37663049.0,0.0,0,55,1.2948969187009982,0.1318634359672409,0.0,0.0,3.9,
"Zay Hilfigerrr, Zayion McCall",Juju on That Beat (TZ Anthem),22077641.0,0.0,0,33,1.1676155230121503,0.1144794522261718,0.0,0.0,3.5,
Zedd,Get Low (with Liam Payne),63868378.0,0.0,0,54,1.0829052323706387,0.085202686053289,0.0,0.0,3.2,
Zedd,Good Thing (with Kehlani),82025109.0,917902.0,1,61,1.7968883099271018,0.1741435055559641,0.0,1.1,6.0,
Zedd,Stay (with Alessia Cara),567842925.0,0.0,0,184,1.2452312261978975,0.0562539268353957,0.0,0.0,3.7,
"Zedd, Alessia Cara",Stay,22975484.0,0.0,0,40,1.278653918590766,0.0837389736825679,0.0,0.0,3.8,
"Zedd, Elley Duhé",Happy Now,194063655.0,0.0,0,149,1.242693253617266,0.0793000442730433,0.0,0.0,3.7,
"Zedd, Katy Perry",365,48901977.0,0.0,0,47,1.0438231016899675,0.0992155424469704,0.0,0.0,3.1,
"Zedd, Maren Morris, Grey",The Middle,943299475.0,4040934.0,2,576,2.5101096453573986,0.0826179254573365,0.0,0.4,7.7,
Zion & Lennox,La player (Bandolera),211197735.0,0.0,0,225,1.2060893119727576,0.0692942761683966,0.0,0.0,3.6,
Zion & Lennox,Otra vez (feat. J Balvin),199457229.0,0.0,0,237,1.1539128163640495,0.0632129443274228,0.0,0.0,3.5,
"Ziv Zaifman, Hugh Jackman, Michelle Williams",A Million Dreams,35310025.0,0.0,0,48,3.4748442231145686,0.1741265557532464,0.0,0.0,10.4,
"Zuna, Loredana, SRNO",Du bist mein,3369514.0,0.0,0,5,0.8513587949645635,0.2589884548429164,0.0,0.0,2.6,0.0
Zé Neto & Cristiano,Alô Ambev (Segue Sua Vida) - Ao Vivo,2060259.0,0.0,0,3,1.015067895405685,0.2456051507297598,0.0,0.0,3.0,0.0
Zé Neto & Cristiano,Largado As Traças - Acústico,7018402.0,0.0,0,12,1.190001038776025,0.1234636837322724,0.0,0.0,3.6,0.0
Zé Neto & Cristiano,Largado Às Traças - Ao Vivo,4536003.0,0.0,0,9,3.5445329544621433,0.7292236049559043,0.0,0.0,10.6,0.0
Zé Neto & Cristiano,Notificação Preferida - Ao Vivo,9863811.0,0.0,0,15,1.1194190881249089,0.1101344000449787,0.0,0.0,3.4,
a-ha,Take on Me,4100992.0,0.0,0,6,1.2667244761667134,0.1559226098129895,0.0,0.0,3.8,0.0
benny blanco,Better To Lie (with Jesse & Swae Lee),3001886.0,0.0,0,4,1.4674454210198222,0.688363894194337,0.0,0.0,4.4,0.0
benny blanco,Eastside (with Halsey & Khalid),1271280827.0,0.0,0,680,1.318626006973762,0.0684830964621617,0.0,0.0,4.0,
benny blanco,Graduation (with Juice WRLD),36183369.0,0.0,0,80,3.590857199851704,0.2101917417734954,0.0,0.0,10.8,
benny blanco,"I Can’t Get Enough (benny blanco, Selena Gomez, J Balvin, Tainy)",145949340.0,0.0,0,93,1.2073247913865457,0.1016983547257875,0.0,0.0,3.6,
benny blanco,I Found You (with Calvin Harris),36288201.0,0.0,0,32,1.2540444412407186,0.1573908380072027,0.0,0.0,3.8,
benny blanco,Roses (with Juice WRLD feat. Brendon Urie),97589395.0,1287479.0,1,144,3.393909278619171,0.1672572120758523,1.0,1.3,10.7,
blackbear,do re mi,155445491.0,0.0,0,217,2.817518048185359,0.1091971619110701,0.0,0.0,8.5,
blackbear,do re mi (feat. Gucci Mane),22388117.0,0.0,0,30,2.3320821164012098,0.1580487749234966,0.0,0.0,7.0,
blackbear,hot girl bummer,833400623.0,0.0,0,427,1.345057035393306,0.0717967646367669,0.0,0.0,4.0,
blackbear,make daddy proud,880396.0,0.0,0,5,0.8998316320420426,0.2805566526427725,0.0,0.0,2.7,0.0
blackbear,me & ur ghost,57251336.0,0.0,0,52,1.1613381306824824,0.1399510415664379,0.0,0.0,3.5,
blackbear,queen of broken hearts,238882.0,0.0,0,1,0.4639788782091539,0.904478764110449,0.0,0.0,1.4,0.0
blink-182,I Really Wish I Hated You,0.0,0.0,0,1,0.0,0.8705314334627485,0.0,0.0,0.0,0.0
dhruv,double take,8066015.0,0.0,0,10,1.0785785753477717,0.049023432890244,0.0,0.0,3.2,0.0
girl in red,we fell in love in october,1204510.0,0.0,1,6,3.478141149046576,0.8457906141399184,0.0,0.0,17.1,0.0
gnash,"i hate u, i love u (feat. olivia o'brien)",83428748.0,0.0,0,119,1.1477227418920746,0.0713415013407458,0.0,0.0,3.4,
grandson,Blood // Water,1987487.0,0.0,0,3,1.1028310018970693,0.2541993956081322,0.0,0.0,3.3,0.0
iann dior,Prospect (ft. Lil Baby),37170580.0,1181497.0,1,85,2.157099223482769,0.2011303340702499,1.0,3.2,7.3,
iann dior,Sick and Tired (ft. Machine Gun Kelly and Travis Barker),1085243.0,0.0,0,5,0.9440070775294892,0.1386265798488521,0.0,0.0,2.8,0.0
"iann dior, Machine Gun Kelly, Travis Barker",Sick and Tired,1859132.0,0.0,0,8,0.9353006390214128,0.1204215779114863,0.0,0.0,2.8,0.0
"iann dior, Trippie Redd",gone girl,13135713.0,0.0,0,52,1.3577609023913664,0.1260755616980514,0.0,0.0,4.1,
j-hope,Chicken Noodle Soup (feat. Becky G),2156940.0,0.0,1,4,0.7901453967379052,0.363224898841275,0.0,0.0,12.4,0.0
jxdn,ANGELS & DEMONS,3535079.0,0.0,0,9,1.0743129698227745,0.459552631076762,0.0,0.0,3.2,0.0
lovelytheband,broken,5383584.0,215616.0,1,27,1.7964098985816943,0.3677342869974532,0.0,4.0,6.9,
salem ilese,Mad at Disney,52704346.0,0.0,0,40,1.3925337266243494,0.1466467911230143,0.0,0.0,4.2,
sangiovanni,malibu,2309882.0,0.0,0,3,1.037773640357419,0.0529347223756842,0.0,0.0,3.1,0.0
tha Supreme,blun7 a swishland,18795521.0,0.0,0,21,1.3382170388461043,0.112417340391288,0.0,0.0,4.0,
tha Supreme,fuck 3x,1853922.0,0.0,0,3,0.9587375354430676,0.1913791824197529,0.0,0.0,2.9,0.0
twocolors,Lovefool,5879930.0,0.0,0,9,1.048734415413176,0.0574794890674141,0.0,0.0,3.1,0.0
"Şanışer, Kamufle, Mert Şenel, Mirac, Aga B, Defkhan, Aspova, Yeis Sensura, Sehabe, Deniz Tekin, Ozbi, Sokrat St, Tahribad-ı İsyan, Beta, Server Uraz, Hayki, Ados, Fuat",Susamam,0.0,0.0,0,1,0.0,0.8790726945559477,0.0,0.0,0.0,0.0
